sofifa_id,overall,value_eur,wage_eur,age,height_cm,weight_kg
158023,93,78000000.0,320000.0,34,170,72
188545,92,119500000.0,270000.0,32,185,81
20801,91,45000000.0,270000.0,36,187,83
190871,91,129000000.0,270000.0,29,175,68
192985,91,125500000.0,350000.0,30,181,70
200389,91,112000000.0,130000.0,28,188,87
231747,91,194000000.0,230000.0,22,182,73
167495,90,13500000.0,86000.0,35,193,93
192448,90,99000000.0,250000.0,29,187,85
202126,90,129500000.0,240000.0,27,188,89
215914,90,100000000.0,230000.0,30,168,70
165153,89,66000000.0,350000.0,33,185,81
192119,89,85500000.0,250000.0,29,199,96
200104,89,104000000.0,220000.0,28,183,78
200145,89,88000000.0,310000.0,29,185,84
203376,89,86000000.0,230000.0,29,193,92
208722,89,101000000.0,270000.0,29,175,69
209331,89,101000000.0,270000.0,29,175,71
210257,89,94000000.0,200000.0,27,188,86
212622,89,108000000.0,160000.0,26,177,75
212831,89,82000000.0,190000.0,28,191,91
230621,89,119500000.0,110000.0,22,196,90
155862,88,24000000.0,115000.0,35,184,82
176580,88,44500000.0,135000.0,34,182,83
182521,88,75000000.0,310000.0,31,183,76
192505,88,93500000.0,260000.0,28,191,94
193041,88,15500000.0,130000.0,34,185,80
202652,88,107500000.0,290000.0,26,170,69
212198,88,107500000.0,250000.0,26,179,69
239085,88,137500000.0,110000.0,20,194,94
153079,87,51000000.0,260000.0,33,173,70
167948,87,13500000.0,125000.0,34,188,82
177003,87,32000000.0,190000.0,35,172,66
183898,87,49500000.0,160000.0,33,180,69
186153,87,42000000.0,105000.0,31,195,90
189596,87,66000000.0,140000.0,31,185,76
192387,87,67500000.0,125000.0,31,185,85
195864,87,79500000.0,220000.0,28,191,84
199556,87,79500000.0,155000.0,28,165,60
207865,87,90500000.0,135000.0,27,183,75
209658,87,93000000.0,140000.0,26,189,82
211110,87,93000000.0,160000.0,27,177,75
216267,87,83500000.0,175000.0,27,178,64
228702,87,119500000.0,210000.0,24,180,74
231281,87,114000000.0,150000.0,22,180,69
233049,87,116500000.0,150000.0,21,180,76
239818,87,102500000.0,170000.0,24,187,82
138956,86,12000000.0,88000.0,36,187,85
162835,86,7500000.0,78000.0,36,193,92
178603,86,44000000.0,95000.0,32,191,96
189332,86,47000000.0,200000.0,32,170,68
189509,86,65000000.0,180000.0,30,174,70
189511,86,45000000.0,200000.0,32,189,76
189513,86,53500000.0,64000.0,32,182,74
192984,86,52000000.0,88000.0,29,197,86
198219,86,65500000.0,125000.0,30,163,59
201024,86,55500000.0,105000.0,30,187,89
201535,86,68500000.0,180000.0,28,191,81
204485,86,65500000.0,220000.0,30,179,67
208093,86,68000000.0,73000.0,29,180,77
208830,86,33000000.0,180000.0,34,179,74
209499,86,73500000.0,165000.0,27,188,78
210514,86,71500000.0,185000.0,27,182,74
212218,86,77000000.0,185000.0,27,191,85
213345,86,81000000.0,120000.0,25,180,76
218667,86,80000000.0,200000.0,26,173,64
226161,86,88000000.0,95000.0,26,184,74
231866,86,81000000.0,175000.0,25,191,82
232363,86,74000000.0,150000.0,26,188,80
143076,85,33500000.0,51000.0,33,167,68
163587,85,9000000.0,115000.0,34,189,89
164240,85,9500000.0,105000.0,36,183,79
168542,85,22000000.0,44000.0,35,173,67
177683,85,26500000.0,40000.0,32,183,79
179813,85,26000000.0,190000.0,34,185,77
183277,85,52000000.0,240000.0,30,175,74
184344,85,17500000.0,110000.0,34,190,85
185122,85,28500000.0,87000.0,31,191,86
186942,85,51500000.0,185000.0,30,180,80
188350,85,43000000.0,95000.0,32,180,71
188377,85,39000000.0,170000.0,31,183,83
188567,85,43500000.0,145000.0,32,187,80
193747,85,52500000.0,90000.0,29,176,75
194765,85,53000000.0,220000.0,30,176,73
198176,85,45000000.0,145000.0,29,189,78
201942,85,54000000.0,185000.0,29,181,76
202556,85,63000000.0,220000.0,27,176,78
204963,85,47500000.0,210000.0,29,173,73
205498,85,52500000.0,170000.0,29,180,68
206113,85,64500000.0,110000.0,25,176,77
223848,85,66000000.0,100000.0,26,191,76
226790,85,66500000.0,120000.0,24,183,74
230142,85,77500000.0,57000.0,24,181,79
231478,85,78000000.0,145000.0,23,174,72
231677,85,77500000.0,150000.0,23,186,70
235212,85,69500000.0,100000.0,22,181,73
235243,85,75000000.0,81000.0,21,189,89
41236,84,14500000.0,51000.0,39,195,95
146536,84,13000000.0,30000.0,35,172,60
152729,84,13500000.0,175000.0,34,194,85
175943,84,20500000.0,105000.0,34,169,61
181291,84,40500000.0,115000.0,30,175,74
183711,84,29500000.0,140000.0,31,182,80
184134,84,21000000.0,43000.0,33,183,76
186345,84,36500000.0,74000.0,30,173,69
192629,84,27000000.0,46000.0,33,176,67
193080,84,28000000.0,120000.0,30,192,82
197445,84,35500000.0,195000.0,29,180,78
198706,84,42500000.0,95000.0,28,183,74
199434,84,33500000.0,32000.0,32,181,76
199451,84,41500000.0,88000.0,30,170,68
200458,84,40500000.0,110000.0,27,178,74
200647,84,27000000.0,84000.0,33,190,79
202811,84,33500000.0,81000.0,28,195,88
203263,84,42500000.0,155000.0,28,194,100
204639,84,34500000.0,74000.0,30,187,80
204923,84,48000000.0,110000.0,27,178,76
205988,84,48500000.0,140000.0,25,181,75
206517,84,50500000.0,180000.0,25,180,81
207862,84,42500000.0,45000.0,27,191,86
207863,84,27500000.0,74000.0,32,190,84
208418,84,45000000.0,81000.0,27,185,73
208574,84,42500000.0,52000.0,28,184,82
208670,84,42500000.0,170000.0,28,181,65
209889,84,40500000.0,79000.0,27,170,71
210243,84,40500000.0,130000.0,27,175,70
212188,84,56500000.0,155000.0,25,180,76
215698,84,49500000.0,45000.0,25,191,89
216352,84,37000000.0,130000.0,28,181,68
216393,84,57000000.0,125000.0,24,176,72
216460,84,52000000.0,74000.0,26,185,79
216594,84,45000000.0,42000.0,27,173,75
222492,84,56000000.0,105000.0,25,183,80
224232,84,63500000.0,120000.0,24,172,68
224334,84,37000000.0,45000.0,29,172,69
228941,84,51000000.0,110000.0,25,185,84
230938,84,49500000.0,51000.0,24,183,88
232656,84,62500000.0,51000.0,23,184,81
235790,84,94500000.0,130000.0,22,188,82
237692,84,94500000.0,125000.0,21,171,69
135507,83,7000000.0,100000.0,36,179,67
169416,83,29000000.0,17000.0,32,177,77
177413,83,24000000.0,72000.0,32,186,81
178750,83,18000000.0,37000.0,32,189,87
179645,83,23500000.0,54000.0,32,190,86
180930,83,15500000.0,105000.0,35,193,80
183907,83,23500000.0,81000.0,32,190,94
184087,83,,,32,186,81
184432,83,25000000.0,125000.0,31,178,77
187961,83,28500000.0,61000.0,32,183,80
189575,83,36500000.0,44000.0,28,170,66
190286,83,34500000.0,38000.0,30,176,65
190941,83,19000000.0,55000.0,31,192,83
191043,83,31500000.0,95000.0,30,180,80
192563,83,28000000.0,87000.0,29,190,83
192774,83,30000000.0,80000.0,30,189,83
192883,83,29500000.0,82000.0,32,177,75
193082,83,19000000.0,95000.0,33,179,72
197061,83,30500000.0,130000.0,29,194,90
197655,83,30000000.0,21000.0,30,196,92
199845,83,17500000.0,75000.0,33,192,88
199914,83,30500000.0,100000.0,30,175,74
200610,83,37000000.0,83000.0,28,179,85
201153,83,37000000.0,84000.0,28,190,84
201399,83,37000000.0,120000.0,28,181,75
202884,83,33000000.0,72000.0,28,186,75
203574,83,41000000.0,140000.0,27,188,76
203841,83,25000000.0,45000.0,29,199,76
204838,83,35500000.0,120000.0,30,188,81
204935,83,33000000.0,83000.0,27,185,77
205452,83,34500000.0,130000.0,28,190,85
205632,83,39500000.0,46000.0,26,188,84
207410,83,41500000.0,135000.0,27,176,80
209989,83,36500000.0,115000.0,28,185,77
211688,83,43500000.0,48000.0,26,172,66
213565,83,48000000.0,71000.0,25,171,66
213648,83,43500000.0,105000.0,25,185,84
214997,83,48000000.0,80000.0,26,171,70
215333,83,35500000.0,77000.0,30,189,88
216354,83,35500000.0,59000.0,30,177,73
220651,83,46000000.0,77000.0,24,175,69
220814,83,44500000.0,85000.0,25,184,79
220834,83,48000000.0,190000.0,25,182,76
223689,83,37000000.0,95000.0,28,197,84
223697,83,36000000.0,65000.0,26,183,76
225193,83,50000000.0,47000.0,25,189,83
225850,83,45500000.0,90000.0,25,189,80
228618,83,43500000.0,170000.0,26,180,73
229880,83,48500000.0,115000.0,23,183,72
230481,83,35500000.0,49000.0,29,177,75
230658,83,47000000.0,90000.0,24,171,73
230666,83,52500000.0,150000.0,24,175,73
231443,83,55000000.0,165000.0,24,178,67
233064,83,58500000.0,120000.0,22,178,70
234642,83,30000000.0,105000.0,29,197,86
235805,83,80500000.0,74000.0,23,175,70
239053,83,58000000.0,160000.0,22,182,78
241486,83,53000000.0,33000.0,22,181,75
242444,83,82000000.0,61000.0,21,181,72
120533,82,5500000.0,14000.0,38,188,80
157481,82,8000000.0,30000.0,35,190,82
164835,82,3400000.0,43000.0,36,190,83
168435,82,5000000.0,20000.0,34,192,85
168651,82,18500000.0,39000.0,33,184,78
173731,82,25000000.0,170000.0,31,185,82
178005,82,10000000.0,51000.0,33,190,84
178562,82,15000000.0,46000.0,33,174,75
180206,82,25000000.0,155000.0,31,178,72
183512,82,22000000.0,35000.0,31,181,80
187072,82,24000000.0,41000.0,32,181,80
188152,82,30000000.0,38000.0,29,179,70
188943,82,20500000.0,31000.0,30,189,88
189242,82,30000000.0,165000.0,29,172,68
190460,82,29500000.0,120000.0,29,181,76
190815,82,21000000.0,23000.0,31,180,72
192318,82,30000000.0,29000.0,29,177,71
193105,82,26000000.0,75000.0,28,195,94
193165,82,30500000.0,22000.0,28,173,66
193301,82,30000000.0,110000.0,30,175,73
193474,82,21500000.0,88000.0,31,174,66
193525,82,26500000.0,57000.0,30,187,80
193698,82,16000000.0,37000.0,31,187,82
194404,82,16000000.0,115000.0,31,190,84
197781,82,30000000.0,175000.0,29,176,79
198717,82,31000000.0,85000.0,28,180,66
199110,82,30000000.0,70000.0,30,179,79
199482,82,23000000.0,60000.0,30,184,81
199823,82,30500000.0,43000.0,28,179,70
201305,82,25000000.0,44000.0,30,185,72
201519,82,29500000.0,66000.0,28,177,67
202651,82,32500000.0,42000.0,27,176,70
203486,82,30500000.0,75000.0,28,175,71
205069,82,27500000.0,90000.0,28,170,67
205070,82,30000000.0,51000.0,29,167,66
208128,82,35000000.0,115000.0,27,178,76
208333,82,35000000.0,72000.0,27,186,86
208421,82,39500000.0,68000.0,26,184,75
208461,82,25500000.0,59000.0,30,185,76
209981,82,20500000.0,29000.0,30,192,78
210035,82,37000000.0,18000.0,25,171,69
210413,82,31500000.0,49000.0,26,185,75
210935,82,33500000.0,51000.0,26,183,72
211256,82,27500000.0,24000.0,28,172,65
211515,82,35000000.0,48000.0,26,194,94
212190,82,40500000.0,78000.0,25,195,99
212462,82,27500000.0,130000.0,28,181,71
212523,82,35500000.0,61000.0,27,190,80
212616,82,35000000.0,68000.0,27,180,70
216547,82,30500000.0,22000.0,28,170,63
219693,82,30500000.0,37000.0,28,185,86
220018,82,32500000.0,54000.0,27,185,78
220440,82,37500000.0,145000.0,26,186,81
220697,82,41500000.0,100000.0,24,175,73
222077,82,42000000.0,74000.0,23,185,75
222665,82,49000000.0,89000.0,22,178,68
224293,82,46000000.0,89000.0,24,180,80
224458,82,46000000.0,120000.0,24,178,73
225100,82,43500000.0,100000.0,24,188,77
226271,82,42000000.0,77000.0,25,189,70
227796,82,49000000.0,120000.0,22,177,69
229391,82,41000000.0,18000.0,25,190,82
229558,82,64000000.0,70000.0,22,186,90
229668,82,35500000.0,62000.0,26,185,76
229906,82,41500000.0,75000.0,23,178,77
229984,82,40500000.0,100000.0,24,178,77
230168,82,10000000.0,20000.0,33,190,85
230375,82,25500000.0,41000.0,29,185,80
230869,82,34500000.0,24000.0,24,190,89
231943,82,46500000.0,100000.0,24,181,71
232488,82,41500000.0,51000.0,23,185,79
233096,82,35000000.0,100000.0,25,188,80
233419,82,46000000.0,89000.0,24,176,68
233731,82,45000000.0,37000.0,21,192,77
234378,82,43000000.0,69000.0,22,185,80
234396,82,57000000.0,59000.0,20,183,75
234943,82,46000000.0,36000.0,24,185,74
235410,82,44000000.0,37000.0,24,188,78
235569,82,46000000.0,95000.0,24,179,76
236792,82,36000000.0,81000.0,26,192,86
240130,82,56500000.0,130000.0,23,186,78
241461,82,68500000.0,120000.0,21,184,77
241464,82,56500000.0,35000.0,24,191,80
241671,82,35000000.0,1000.0,26,187,79
244260,82,46000000.0,78000.0,23,179,72
45186,81,8500000.0,23000.0,39,179,75
124375,81,11000000.0,39000.0,35,188,77
139068,81,12000000.0,14000.0,34,177,70
153244,81,11000000.0,50000.0,35,189,85
156519,81,21000000.0,63000.0,31,185,78
163489,81,4400000.0,32000.0,34,189,82
163705,81,2900000.0,24000.0,36,185,82
167664,81,16500000.0,14000.0,33,186,89
171791,81,4600000.0,30000.0,37,191,84
172871,81,8500000.0,18000.0,34,189,86
176266,81,9000000.0,64000.0,34,179,78
178086,81,4400000.0,14000.0,34,190,86
181458,81,20500000.0,105000.0,32,186,80
181872,81,12000000.0,105000.0,34,180,75
183574,81,16500000.0,45000.0,33,180,76
184200,81,21000000.0,48000.0,32,192,83
187754,81,16000000.0,2000.0,33,174,76
190674,81,21500000.0,43000.0,30,180,74
192366,81,12500000.0,18000.0,33,183,76
193283,81,22000000.0,34000.0,29,182,79
193314,81,17000000.0,28000.0,30,182,78
193983,81,25500000.0,49000.0,29,181,83
195365,81,24500000.0,83000.0,30,178,66
195859,81,26500000.0,90000.0,28,178,73
197965,81,21000000.0,19000.0,31,177,72
198164,81,21500000.0,15000.0,31,171,67
198710,81,25500000.0,105000.0,29,180,75
199304,81,22500000.0,83000.0,29,184,78
199564,81,22500000.0,140000.0,29,178,68
199987,81,13000000.0,33000.0,32,185,83
200260,81,25500000.0,26000.0,29,182,75
200454,81,28000000.0,45000.0,27,175,70
200724,81,17500000.0,140000.0,31,180,76
200888,81,22000000.0,85000.0,29,188,83
200949,81,26000000.0,105000.0,28,174,70
201095,81,8500000.0,14000.0,33,188,84
202695,81,24500000.0,46000.0,28,188,81
203551,81,22000000.0,58000.0,30,173,67
204120,81,13000000.0,2000.0,32,188,85
204311,81,30000000.0,75000.0,26,190,95
204525,81,21000000.0,33000.0,30,182,77
204638,81,24500000.0,79000.0,28,186,87
205175,81,30000000.0,81000.0,27,186,78
205569,81,33500000.0,69000.0,26,173,66
205659,81,23500000.0,32000.0,27,184,78
205678,81,21500000.0,50000.0,31,172,63
206511,81,26500000.0,66000.0,27,184,74
207439,81,28000000.0,81000.0,27,180,75
208330,81,28000000.0,45000.0,26,186,76
208448,81,25500000.0,87000.0,29,177,76
208596,81,30000000.0,61000.0,27,181,84
208618,81,25000000.0,170000.0,30,173,70
209297,81,22500000.0,120000.0,28,169,62
210008,81,30000000.0,87000.0,26,192,80
210385,81,25500000.0,24000.0,27,191,91
210406,81,29500000.0,74000.0,27,180,75
210411,81,30500000.0,19000.0,26,172,71
210463,81,26000000.0,34000.0,28,174,74
211300,81,34500000.0,130000.0,25,184,76
211990,81,23500000.0,14000.0,27,191,78
212194,81,36000000.0,64000.0,25,185,83
214979,81,23500000.0,44000.0,27,191,93
215330,81,31000000.0,76000.0,26,189,75
216201,81,30000000.0,39000.0,27,186,80
216409,81,27500000.0,74000.0,27,171,67
216475,81,16500000.0,41000.0,33,180,70
217940,81,24000000.0,36000.0,29,178,72
220093,81,25000000.0,55000.0,27,185,72
220407,81,13000000.0,40000.0,32,190,80
221363,81,38500000.0,110000.0,24,184,74
221479,81,37500000.0,90000.0,24,187,71
221992,81,31000000.0,77000.0,25,175,70
223952,81,20500000.0,30000.0,28,192,85
224081,81,32500000.0,82000.0,25,178,72
224411,81,39000000.0,39000.0,24,179,68
225375,81,33500000.0,65000.0,24,180,72
226110,81,30500000.0,95000.0,26,183,73
226166,81,34500000.0,65000.0,23,187,84
226226,81,35500000.0,95000.0,25,177,68
227127,81,26000000.0,31000.0,26,191,83
227950,81,28000000.0,33000.0,26,182,79
228251,81,38000000.0,61000.0,25,186,77
230225,81,25000000.0,41000.0,25,181,82
230256,81,22500000.0,24000.0,29,172,68
230258,81,27000000.0,26000.0,21,175,70
230294,81,25500000.0,28000.0,29,188,83
230347,81,27500000.0,31000.0,21,178,69
230430,81,25500000.0,56000.0,29,184,79
231969,81,26500000.0,68000.0,28,181,79
232411,81,39000000.0,72000.0,23,179,72
233927,81,38500000.0,65000.0,23,180,72
234153,81,51500000.0,39000.0,24,180,76
234742,81,35000000.0,95000.0,23,180,66
234906,81,38500000.0,65000.0,23,175,70
235374,81,25000000.0,64000.0,27,174,67
238074,81,37000000.0,76000.0,21,178,87
239231,81,41500000.0,63000.0,22,172,66
240950,81,51500000.0,19000.0,23,173,65
241852,81,52500000.0,52000.0,21,170,68
245279,81,32500000.0,79000.0,24,178,68
247263,81,48500000.0,49000.0,22,194,85
247394,81,58000000.0,72000.0,21,186,75
251573,81,36500000.0,49000.0,23,173,70
251854,81,54000000.0,51000.0,18,174,61
1179,80,2300000.0,18000.0,43,192,92
140233,80,2300000.0,27000.0,35,190,85
148119,80,2300000.0,26000.0,35,186,78
162347,80,9500000.0,88000.0,34,170,61
169588,80,10000000.0,95000.0,33,188,77
171579,80,10500000.0,36000.0,34,184,83
171877,80,13000000.0,35000.0,33,183,73
172522,80,14500000.0,38000.0,32,181,74
173426,80,7000000.0,24000.0,33,193,87
176676,80,11000000.0,135000.0,33,174,75
177388,80,10000000.0,51000.0,34,175,77
177509,80,7000000.0,19000.0,34,189,94
177604,80,6500000.0,26000.0,35,180,77
178518,80,13000000.0,29000.0,33,176,65
182493,80,5500000.0,27000.0,35,187,78
182494,80,2300000.0,32000.0,35,190,74
183855,80,10000000.0,70000.0,33,191,86
184941,80,17000000.0,105000.0,32,168,62
185020,80,10000000.0,61000.0,34,178,73
186561,80,20000000.0,81000.0,30,183,76
187598,80,17500000.0,51000.0,30,185,75
189117,80,14000000.0,46000.0,30,187,85
189271,80,20000000.0,39000.0,30,176,74
189690,80,3600000.0,48000.0,34,190,80
190972,80,20500000.0,23000.0,30,173,71
193061,80,20000000.0,23000.0,30,182,77
196432,80,6000000.0,15000.0,35,178,77
197225,80,16500000.0,12000.0,32,170,69
197242,80,,,31,187,84
198009,80,18000000.0,64000.0,28,188,77
198031,80,20500000.0,19000.0,29,181,78
198141,80,17500000.0,28000.0,30,184,73
198950,80,20500000.0,95000.0,29,174,70
198951,80,20500000.0,30000.0,30,182,74
199042,80,14000000.0,53000.0,32,171,68
199254,80,21000000.0,46000.0,29,184,73
201119,80,15500000.0,1000.0,31,177,86
201143,80,19500000.0,37000.0,29,184,78
201400,80,21000000.0,86000.0,28,174,71
201922,80,18000000.0,34000.0,28,184,83
202024,80,20500000.0,58000.0,29,180,80
202166,80,24500000.0,83000.0,27,187,77
202325,80,18000000.0,66000.0,29,172,71
203890,80,18500000.0,56000.0,29,181,76
203895,80,20500000.0,13000.0,29,170,63
203980,80,21000000.0,2000.0,28,183,70
204399,80,13500000.0,26000.0,33,182,71
204970,80,21000000.0,64000.0,28,179,70
205600,80,19500000.0,125000.0,27,182,75
205686,80,20500000.0,35000.0,29,172,69
205693,80,24500000.0,23000.0,27,190,82
205705,80,14500000.0,17000.0,31,192,84
205849,80,16000000.0,43000.0,30,194,83
207599,80,20000000.0,84000.0,28,191,82
207732,80,20500000.0,38000.0,30,179,74
207877,80,21500000.0,14000.0,28,170,69
208808,80,20500000.0,68000.0,29,174,72
209519,80,24500000.0,59000.0,27,181,78
209960,80,17500000.0,25000.0,29,186,81
210455,80,22000000.0,81000.0,27,170,70
211117,80,26500000.0,90000.0,25,188,80
212151,80,21000000.0,48000.0,26,193,78
212187,80,22000000.0,22000.0,27,177,77
212814,80,21000000.0,19000.0,28,179,73
213661,80,28000000.0,95000.0,25,187,81
214584,80,3600000.0,17000.0,34,189,88
215223,80,18000000.0,32000.0,28,191,93
215316,80,14500000.0,31000.0,29,189,84
216189,80,18500000.0,32000.0,29,175,75
217870,80,20500000.0,63000.0,27,183,83
219683,80,24500000.0,78000.0,26,181,81
219953,80,20500000.0,26000.0,29,173,68
220182,80,24500000.0,64000.0,26,184,80
220971,80,27500000.0,110000.0,26,172,64
221087,80,16500000.0,44000.0,26,189,77
221660,80,23000000.0,105000.0,26,187,80
222331,80,26500000.0,67000.0,25,187,88
222716,80,28000000.0,17000.0,25,174,72
223724,80,19000000.0,34000.0,28,175,73
223816,80,23000000.0,79000.0,27,177,79
223959,80,26500000.0,77000.0,25,166,60
224179,80,21500000.0,34000.0,28,187,86
224309,80,24500000.0,33000.0,26,183,74
225085,80,28000000.0,42000.0,25,175,70
225201,80,25000000.0,32000.0,25,175,73
225953,80,30000000.0,82000.0,23,178,78
226491,80,31000000.0,69000.0,24,178,70
226754,80,30000000.0,41000.0,23,175,70
227290,80,16000000.0,26000.0,29,194,94
227813,80,29500000.0,95000.0,24,175,64
227928,80,22000000.0,81000.0,27,177,69
229237,80,25000000.0,54000.0,25,187,91
229261,80,30500000.0,28000.0,24,191,81
229582,80,26500000.0,52000.0,25,190,77
229857,80,27500000.0,95000.0,25,168,62
229927,80,30000000.0,41000.0,24,184,72
230201,80,21000000.0,33000.0,25,177,75
230204,80,17000000.0,33000.0,25,182,74
230271,80,25000000.0,23000.0,21,171,63
230313,80,10000000.0,32000.0,33,179,80
230767,80,33000000.0,38000.0,23,176,70
231447,80,33000000.0,59000.0,22,179,78
232119,80,25000000.0,88000.0,25,185,82
232293,80,43000000.0,66000.0,22,185,78
233195,80,27500000.0,53000.0,23,174,76
233306,80,36000000.0,70000.0,24,188,85
236401,80,29500000.0,17000.0,23,183,62
236583,80,17500000.0,14000.0,29,196,81
236987,80,31000000.0,30000.0,21,184,68
237238,80,27500000.0,90000.0,24,193,88
237383,80,44500000.0,77000.0,22,190,75
238794,80,46500000.0,120000.0,20,176,73
239207,80,32000000.0,40000.0,24,186,84
240709,80,32000000.0,59000.0,23,176,75
240900,80,27000000.0,26000.0,24,186,81
241084,80,33500000.0,16000.0,24,180,73
241095,80,33500000.0,66000.0,23,178,79
243576,80,40500000.0,80000.0,21,176,71
244369,80,33500000.0,1000.0,23,178,72
244470,80,19000000.0,73000.0,28,175,76
246669,80,45500000.0,50000.0,19,178,65
41,79,5500000.0,10000.0,37,171,68
138412,79,7000000.0,76000.0,35,175,70
156616,79,6000000.0,41000.0,38,170,72
158121,79,5500000.0,24000.0,33,187,82
159145,79,7500000.0,38000.0,35,186,86
162240,79,11000000.0,21000.0,33,185,85
170890,79,6000000.0,11000.0,34,180,75
173221,79,8000000.0,25000.0,34,180,70
176550,79,8500000.0,48000.0,32,183,80
176635,79,14000000.0,55000.0,32,180,71
176919,79,1900000.0,26000.0,35,193,94
178509,79,8500000.0,48000.0,34,193,91
184484,79,14500000.0,83000.0,31,186,77
186682,79,8500000.0,26000.0,33,181,72
187052,79,12500000.0,2000.0,31,182,80
188041,79,11500000.0,49000.0,32,181,78
188042,79,11000000.0,24000.0,33,183,75
189560,79,8500000.0,34000.0,33,190,80
189615,79,12500000.0,66000.0,31,175,66
189682,79,12000000.0,39000.0,31,180,82
189805,79,17000000.0,34000.0,30,188,86
190584,79,12500000.0,34000.0,31,179,74
190717,79,15000000.0,79000.0,31,178,82
190745,79,11500000.0,16000.0,30,191,80
190813,79,17500000.0,64000.0,28,178,73
191202,79,11500000.0,100000.0,32,194,83
191740,79,14500000.0,78000.0,31,182,71
192064,79,17000000.0,32000.0,30,185,78
192123,79,17500000.0,48000.0,29,191,92
192598,79,15000000.0,32000.0,31,180,77
192638,79,15000000.0,95000.0,30,188,85
192789,79,15000000.0,34000.0,30,180,77
192906,79,6000000.0,18000.0,36,168,71
193198,79,15000000.0,30000.0,29,187,73
193348,79,17000000.0,75000.0,29,169,72
194209,79,8500000.0,2000.0,34,182,84
194333,79,5500000.0,23000.0,33,190,81
196978,79,17500000.0,53000.0,29,180,66
198230,79,5500000.0,26000.0,34,187,82
198329,79,17000000.0,83000.0,30,182,77
198784,79,18500000.0,100000.0,27,175,70
198946,79,11500000.0,85000.0,32,180,75
199354,79,14000000.0,28000.0,32,180,73
199503,79,15500000.0,80000.0,28,185,82
200315,79,17000000.0,30000.0,29,178,65
200726,79,13000000.0,41000.0,30,187,78
201455,79,17500000.0,58000.0,28,188,76
202048,79,17500000.0,80000.0,28,186,80
202335,79,17500000.0,81000.0,27,190,90
202477,79,18500000.0,22000.0,27,177,73
202648,79,20000000.0,24000.0,27,180,71
202750,79,14500000.0,76000.0,30,195,97
202857,79,14500000.0,60000.0,31,184,81
202935,79,12000000.0,40000.0,31,182,75
203299,79,17000000.0,46000.0,30,182,78
203483,79,17500000.0,21000.0,28,179,70
204024,79,14500000.0,31000.0,30,191,76
204234,79,13500000.0,20000.0,29,180,70
204259,79,15500000.0,53000.0,29,178,72
204538,79,17000000.0,13000.0,30,169,66
204884,79,19000000.0,105000.0,26,185,85
205923,79,16000000.0,85000.0,28,182,76
206413,79,12500000.0,1000.0,31,181,80
206467,79,18000000.0,38000.0,28,181,79
206545,79,17000000.0,39000.0,29,178,75
206585,79,19000000.0,76000.0,26,186,88
207494,79,17500000.0,115000.0,28,175,60
208104,79,15000000.0,15000.0,28,190,84
208135,79,17500000.0,87000.0,28,184,76
208165,79,17500000.0,51000.0,28,190,83
209846,79,16000000.0,32000.0,28,184,83
210315,79,23000000.0,26000.0,26,180,79
210324,79,17500000.0,35000.0,28,176,73
210513,79,17500000.0,17000.0,28,169,65
210625,79,21000000.0,59000.0,26,184,83
210897,79,20500000.0,16000.0,26,182,82
211022,79,18500000.0,33000.0,27,171,71
211241,79,15500000.0,35000.0,29,170,65
211748,79,18500000.0,55000.0,27,183,73
212096,79,17500000.0,35000.0,28,180,76
212382,79,20500000.0,23000.0,27,201,93
212404,79,18500000.0,77000.0,27,185,77
212442,79,15000000.0,65000.0,28,192,84
213516,79,21000000.0,20000.0,26,173,63
214047,79,17000000.0,17000.0,30,182,71
216145,79,16000000.0,47000.0,29,183,81
216150,79,15500000.0,51000.0,29,182,75
216388,79,26500000.0,41000.0,24,173,67
216531,79,18000000.0,19000.0,28,188,84
218339,79,23000000.0,56000.0,25,178,68
219789,79,15500000.0,49000.0,29,175,71
219809,79,19500000.0,95000.0,26,189,85
220253,79,21000000.0,33000.0,25,175,69
220523,79,19000000.0,76000.0,26,195,94
220673,79,22000000.0,25000.0,25,185,80
220793,79,19500000.0,77000.0,25,187,79
221491,79,22500000.0,26000.0,24,189,81
222028,79,23000000.0,16000.0,25,186,80
222501,79,21500000.0,84000.0,25,180,80
223249,79,5500000.0,18000.0,33,188,82
223578,79,14000000.0,36000.0,32,185,79
223597,79,16000000.0,53000.0,28,172,71
224031,79,16000000.0,59000.0,28,185,85
224196,79,21000000.0,31000.0,26,186,82
224490,79,22000000.0,32000.0,24,180,78
225116,79,30000000.0,40000.0,24,190,83
225508,79,17500000.0,100000.0,27,186,77
225663,79,24500000.0,53000.0,25,180,69
226162,79,26500000.0,61000.0,24,172,65
226221,79,18500000.0,34000.0,27,180,71
226300,79,19000000.0,23000.0,25,191,82
226456,79,23000000.0,69000.0,25,178,67
226851,79,21500000.0,64000.0,25,186,81
228093,79,27500000.0,29000.0,23,192,88
228520,79,20500000.0,36000.0,27,172,81
228687,79,25500000.0,37000.0,23,187,84
230184,79,19000000.0,12000.0,21,168,65
230216,79,15500000.0,32000.0,29,175,70
230234,79,17000000.0,26000.0,25,177,75
230251,79,18500000.0,15000.0,21,188,88
230312,79,12000000.0,26000.0,29,186,80
230498,79,21000000.0,27000.0,21,176,73
232432,79,27000000.0,130000.0,23,182,85
232580,79,24000000.0,65000.0,23,190,87
232665,79,23500000.0,29000.0,25,175,74
232730,79,24000000.0,29000.0,24,184,76
232756,79,25000000.0,35000.0,23,185,79
233738,79,24000000.0,29000.0,24,181,73
234035,79,21500000.0,120000.0,25,176,66
234236,79,23500000.0,57000.0,25,191,85
234612,79,25000000.0,36000.0,23,175,73
235073,79,21500000.0,36000.0,23,195,88
235688,79,23000000.0,15000.0,25,188,77
236480,79,24500000.0,50000.0,24,182,80
236506,79,25000000.0,12000.0,24,183,78
236572,79,25000000.0,10000.0,21,176,65
236610,79,39500000.0,69000.0,21,182,72
236632,79,25000000.0,19000.0,24,176,66
237239,79,21000000.0,32000.0,25,172,64
237942,79,26000000.0,29000.0,23,175,78
239301,79,25000000.0,16000.0,23,178,77
239433,79,23000000.0,30000.0,26,189,78
240243,79,35500000.0,48000.0,22,183,76
240679,79,24500000.0,41000.0,23,183,77
241637,79,28000000.0,41000.0,21,187,81
241788,79,18000000.0,19000.0,28,187,83
242516,79,28000000.0,19000.0,22,189,76
243812,79,38500000.0,115000.0,20,174,64
244067,79,33000000.0,42000.0,21,190,88
247204,79,25000000.0,70000.0,22,181,79
247851,79,24500000.0,52000.0,23,182,78
251809,79,25500000.0,27000.0,21,193,81
252371,79,37000000.0,21000.0,18,186,75
255475,79,39500000.0,17000.0,21,174,63
24630,78,1600000.0,27000.0,38,188,92
146439,78,6000000.0,27000.0,35,186,86
152908,78,4300000.0,42000.0,35,175,65
156433,78,1600000.0,8000.0,38,186,85
159261,78,4800000.0,19000.0,38,180,79
163155,78,1600000.0,27000.0,38,193,90
165229,78,3700000.0,19000.0,35,186,80
167397,78,6000000.0,19000.0,35,177,72
170368,78,14000000.0,30000.0,29,184,80
171897,78,4800000.0,24000.0,34,169,67
172962,78,13500000.0,56000.0,30,177,79
173306,78,5000000.0,41000.0,34,181,76
173909,78,6500000.0,46000.0,34,185,86
174543,78,1600000.0,13000.0,38,184,80
175254,78,11500000.0,22000.0,32,183,82
175379,78,6500000.0,10000.0,34,183,73
176772,78,7000000.0,17000.0,32,184,80
177633,78,7000000.0,31000.0,34,172,68
178007,78,5500000.0,22000.0,35,180,79
178088,78,9000000.0,100000.0,33,170,63
178213,78,11000000.0,33000.0,32,190,80
178224,78,9000000.0,12000.0,33,175,73
178250,78,4000000.0,7000.0,35,179,77
178415,78,8500000.0,28000.0,33,178,79
180216,78,9500000.0,69000.0,32,177,77
180334,78,4600000.0,55000.0,34,191,85
183394,78,10000000.0,51000.0,31,187,91
184392,78,10000000.0,77000.0,31,182,70
185103,78,4300000.0,55000.0,35,187,81
186197,78,13500000.0,32000.0,30,173,72
186801,78,9500000.0,51000.0,31,189,83
187607,78,,,32,196,91
187936,78,9500000.0,47000.0,32,196,89
188335,78,14000000.0,34000.0,29,190,75
189053,78,9000000.0,38000.0,33,181,74
189125,78,11500000.0,52000.0,31,181,75
189280,78,10000000.0,36000.0,31,175,73
189505,78,9000000.0,61000.0,33,169,65
189606,78,7000000.0,46000.0,33,181,85
189881,78,9500000.0,47000.0,31,194,81
190243,78,4600000.0,39000.0,33,194,89
191180,78,11000000.0,23000.0,32,187,78
192045,78,12000000.0,44000.0,30,177,76
192678,78,12000000.0,33000.0,31,186,79
192679,78,10000000.0,24000.0,31,176,72
193171,78,7500000.0,26000.0,33,171,62
193361,78,13500000.0,35000.0,30,182,76
193408,78,14000000.0,18000.0,29,189,85
193469,78,9000000.0,24000.0,32,185,78
194222,78,9500000.0,25000.0,31,185,80
195096,78,13500000.0,29000.0,30,187,82
197837,78,11500000.0,42000.0,30,188,84
198657,78,12500000.0,21000.0,28,170,70
198658,78,15000000.0,13000.0,27,176,70
199189,78,16000000.0,95000.0,27,189,76
199206,78,9000000.0,42000.0,32,184,76
199576,78,12000000.0,53000.0,29,183,83
199652,78,15000000.0,87000.0,27,181,78
199715,78,11500000.0,50000.0,31,185,79
199915,78,13000000.0,56000.0,29,192,88
200155,78,14000000.0,29000.0,28,195,80
200159,78,12000000.0,22000.0,28,185,88
201042,78,12500000.0,48000.0,28,182,71
201417,78,12500000.0,77000.0,29,182,87
201995,78,14000000.0,58000.0,28,175,70
202849,78,13500000.0,83000.0,28,199,96
203605,78,12500000.0,35000.0,29,182,81
203747,78,17000000.0,69000.0,26,178,74
203843,78,7500000.0,28000.0,33,173,68
204082,78,13500000.0,56000.0,28,193,78
204614,78,12000000.0,54000.0,30,170,67
205192,78,16000000.0,26000.0,27,178,66
205409,78,2400000.0,12000.0,34,179,79
205966,78,15000000.0,59000.0,27,168,70
206534,78,15000000.0,82000.0,27,185,71
206590,78,15000000.0,33000.0,27,176,73
206651,78,11000000.0,30000.0,32,178,72
207566,78,12000000.0,25000.0,29,187,79
208268,78,17500000.0,47000.0,26,186,80
208295,78,9500000.0,69000.0,31,188,84
208334,78,10000000.0,28000.0,31,185,75
208364,78,12500000.0,27000.0,28,180,73
208920,78,16500000.0,95000.0,26,180,75
209288,78,14000000.0,30000.0,29,170,67
209973,78,14500000.0,23000.0,28,188,88
210372,78,14000000.0,47000.0,29,182,70
210537,78,14000000.0,61000.0,29,170,65
210665,78,12000000.0,64000.0,29,188,87
210736,78,15000000.0,85000.0,26,176,79
210881,78,16500000.0,58000.0,26,178,68
210930,78,14000000.0,11000.0,28,170,66
211591,78,20500000.0,57000.0,24,183,79
212207,78,14000000.0,1000.0,28,170,63
212213,78,12500000.0,15000.0,28,173,65
212419,78,14000000.0,61000.0,28,196,77
213160,78,15000000.0,51000.0,27,182,78
213331,78,17500000.0,43000.0,25,195,98
213577,78,14000000.0,27000.0,29,183,77
213874,78,12000000.0,57000.0,29,177,75
213951,78,10500000.0,12000.0,30,196,92
213956,78,18500000.0,79000.0,25,178,72
214040,78,12000000.0,18000.0,30,174,86
214092,78,17500000.0,46000.0,25,182,67
214097,78,16000000.0,47000.0,27,178,68
214766,78,9000000.0,18000.0,32,185,88
215353,78,14500000.0,56000.0,28,184,78
215590,78,15000000.0,95000.0,27,178,72
216194,78,11500000.0,29000.0,31,180,81
216320,78,17500000.0,32000.0,26,185,74
216643,78,15000000.0,55000.0,26,178,65
217036,78,12500000.0,25000.0,28,179,68
217546,78,12000000.0,16000.0,30,184,79
219581,78,16000000.0,51000.0,27,187,83
219733,78,16500000.0,29000.0,27,197,92
219792,78,15500000.0,43000.0,26,183,73
219985,78,13500000.0,88000.0,29,187,81
220883,78,19000000.0,32000.0,25,174,70
221697,78,21000000.0,67000.0,25,180,70
221832,78,15000000.0,13000.0,26,175,70
222493,78,15500000.0,29000.0,25,192,81
222558,78,16500000.0,51000.0,26,184,80
222943,78,14000000.0,58000.0,29,179,71
223053,78,9000000.0,28000.0,33,168,71
223273,78,18000000.0,48000.0,26,188,82
224003,78,12000000.0,24000.0,28,192,82
224069,78,14000000.0,68000.0,28,185,74
224254,78,18500000.0,20000.0,25,174,78
224371,78,21000000.0,57000.0,24,175,70
225263,78,19000000.0,31000.0,24,192,89
225341,78,16000000.0,28000.0,27,185,72
225659,78,15000000.0,24000.0,26,185,80
225711,78,17500000.0,62000.0,25,187,79
225719,78,20500000.0,83000.0,24,185,82
226766,78,18500000.0,79000.0,25,165,58
226789,78,20000000.0,23000.0,24,183,71
227055,78,16500000.0,50000.0,26,173,74
227174,78,20000000.0,50000.0,23,179,74
227535,78,21000000.0,61000.0,24,187,78
227678,78,20000000.0,50000.0,23,183,77
227890,78,16500000.0,17000.0,26,176,73
228336,78,18500000.0,35000.0,25,187,77
228413,78,15000000.0,14000.0,24,192,83
228881,78,18000000.0,31000.0,24,177,70
229909,78,11000000.0,39000.0,29,190,80
230183,78,15000000.0,20000.0,21,186,73
230206,78,7500000.0,37000.0,33,169,66
230212,78,14500000.0,20000.0,21,182,79
230285,78,13500000.0,35000.0,25,190,88
230360,78,15000000.0,13000.0,21,176,75
230385,78,14000000.0,45000.0,29,175,72
230406,78,15500000.0,38000.0,25,173,72
230426,78,16500000.0,30000.0,21,170,60
230440,78,9000000.0,43000.0,33,188,87
230442,78,17000000.0,14000.0,21,187,85
230460,78,16500000.0,33000.0,21,172,70
231340,78,21000000.0,23000.0,24,175,70
231352,78,31500000.0,49000.0,23,196,87
231410,78,31500000.0,30000.0,21,171,59
231691,78,17500000.0,18000.0,22,196,90
231887,78,20500000.0,36000.0,24,185,74
232080,78,22000000.0,66000.0,24,175,70
232487,78,13500000.0,29000.0,28,178,76
233486,78,19000000.0,26000.0,24,187,81
234060,78,22000000.0,90000.0,23,184,77
234835,78,17500000.0,24000.0,26,190,78
235353,78,31000000.0,53000.0,23,185,76
236045,78,15000000.0,34000.0,27,180,73
236355,78,26000000.0,44000.0,24,187,80
236791,78,18500000.0,33000.0,26,190,86
237678,78,29500000.0,73000.0,22,194,95
238067,78,31500000.0,38000.0,21,190,79
238463,78,21000000.0,58000.0,23,175,72
238476,78,20500000.0,42000.0,22,196,90
238616,78,28500000.0,62000.0,21,172,62
239380,78,28500000.0,27000.0,22,179,69
239613,78,28000000.0,42000.0,24,183,75
239817,78,27000000.0,68000.0,22,188,82
240699,78,22000000.0,17000.0,24,167,65
240753,78,29000000.0,29000.0,21,180,72
241184,78,18500000.0,59000.0,24,184,78
241727,78,16500000.0,20000.0,25,191,85
242187,78,22500000.0,27000.0,21,180,73
242201,78,17500000.0,24000.0,26,175,67
243238,78,7000000.0,1000.0,34,176,74
243559,78,22000000.0,26000.0,24,176,71
243630,78,32000000.0,31000.0,21,177,77
244193,78,31000000.0,15000.0,23,176,72
244253,78,28000000.0,31000.0,23,193,81
244467,78,15000000.0,900.0,26,193,81
244622,78,28000000.0,19000.0,23,177,69
245630,78,21500000.0,43000.0,22,176,69
246104,78,33000000.0,11000.0,19,190,79
246147,78,30500000.0,56000.0,19,181,70
246430,78,29000000.0,43000.0,21,190,75
246646,78,31500000.0,44000.0,21,174,63
246844,78,19000000.0,23000.0,25,174,64
248243,78,29500000.0,44000.0,18,182,68
248695,78,29000000.0,57000.0,20,190,76
252145,78,29000000.0,8000.0,19,176,70
256630,78,29500000.0,18000.0,18,176,70
20775,77,3400000.0,10000.0,37,175,68
49000,77,1200000.0,23000.0,39,183,74
146748,77,1200000.0,9000.0,39,196,89
146758,77,3600000.0,23000.0,36,180,74
154472,77,3600000.0,19000.0,39,188,72
158963,77,3000000.0,11000.0,35,178,63
165109,77,3400000.0,48000.0,34,183,79
170370,77,8500000.0,10000.0,31,172,73
170597,77,3400000.0,27000.0,33,188,74
172114,77,4300000.0,7000.0,35,178,73
172879,77,5000000.0,1000.0,33,186,82
173432,77,5000000.0,43000.0,33,186,75
173521,77,3400000.0,13000.0,34,189,77
173608,77,9000000.0,27000.0,31,192,80
176600,77,5000000.0,27000.0,34,172,70
177326,77,3400000.0,1000.0,36,167,58
179605,77,8500000.0,15000.0,32,180,76
179789,77,5000000.0,51000.0,33,184,83
180714,77,1200000.0,22000.0,35,195,95
180808,77,3400000.0,1000.0,34,182,78
181098,77,2100000.0,19000.0,37,180,72
181820,77,9000000.0,47000.0,31,183,79
183353,77,5500000.0,22000.0,33,184,72
183899,77,8500000.0,22000.0,32,163,63
184703,77,4200000.0,19000.0,35,166,68
184858,77,8500000.0,15000.0,32,190,80
185221,77,5000000.0,43000.0,33,187,78
185239,77,7000000.0,13000.0,31,186,83
188044,77,9000000.0,27000.0,31,178,64
188081,77,9000000.0,46000.0,31,173,68
188103,77,10000000.0,24000.0,30,182,76
188988,77,10500000.0,64000.0,28,167,59
189068,77,8500000.0,29000.0,32,196,83
189250,77,9000000.0,77000.0,31,186,86
189472,77,7000000.0,26000.0,32,186,77
190143,77,7500000.0,26000.0,31,182,77
190149,77,7500000.0,25000.0,32,182,78
190432,77,3000000.0,19000.0,35,178,72
190577,77,6500000.0,10000.0,33,168,68
190875,77,4900000.0,33000.0,34,186,84
192342,77,10500000.0,19000.0,28,183,92
192816,77,8500000.0,19000.0,30,190,82
193254,77,3900000.0,29000.0,34,189,82
193290,77,10500000.0,120000.0,30,177,73
193601,77,8500000.0,22000.0,30,186,81
194022,77,9000000.0,13000.0,30,186,80
194229,77,9000000.0,22000.0,30,173,69
194806,77,7000000.0,56000.0,31,188,77
194932,77,10500000.0,74000.0,29,178,73
194958,77,10000000.0,25000.0,30,175,68
195093,77,10500000.0,35000.0,29,189,91
195272,77,9500000.0,27000.0,29,180,71
195479,77,9500000.0,50000.0,29,180,75
196147,77,4500000.0,15000.0,35,192,83
197083,77,6500000.0,26000.0,33,182,80
197948,77,8500000.0,23000.0,30,189,81
198118,77,9000000.0,50000.0,30,188,77
198129,77,7000000.0,43000.0,32,174,74
198140,77,10500000.0,51000.0,30,186,78
199005,77,8500000.0,25000.0,29,184,82
199069,77,10500000.0,44000.0,29,184,82
199580,77,10000000.0,50000.0,28,191,85
199641,77,8500000.0,20000.0,29,190,88
200094,77,,,28,184,78
200110,77,8000000.0,16000.0,30,193,83
200215,77,9000000.0,26000.0,30,179,71
200536,77,9500000.0,48000.0,28,181,83
201315,77,8500000.0,43000.0,30,188,86
201325,77,1200000.0,18000.0,35,198,90
201377,77,9500000.0,20000.0,29,184,78
201454,77,9000000.0,51000.0,30,184,80
201505,77,7000000.0,19000.0,31,183,81
202282,77,10500000.0,54000.0,29,183,75
202371,77,9500000.0,48000.0,29,191,90
202493,77,7500000.0,19000.0,31,177,70
202562,77,9500000.0,52000.0,28,175,80
202789,77,8500000.0,34000.0,29,190,84
202851,77,10000000.0,33000.0,30,179,77
203177,77,9500000.0,32000.0,28,183,78
203487,77,12000000.0,37000.0,27,188,83
203757,77,10500000.0,51000.0,30,184,80
204341,77,5000000.0,13000.0,33,185,73
204876,77,9500000.0,27000.0,29,182,69
205186,77,7000000.0,43000.0,29,196,90
206075,77,9500000.0,35000.0,28,193,85
206493,77,5000000.0,25000.0,33,190,83
206652,77,9500000.0,49000.0,27,196,90
207421,77,12500000.0,55000.0,26,172,67
207664,77,5000000.0,26000.0,34,181,77
207791,77,12500000.0,68000.0,27,192,84
207948,77,12500000.0,57000.0,25,181,73
208004,77,9000000.0,52000.0,29,184,75
208250,77,10500000.0,29000.0,28,181,78
208777,77,13500000.0,27000.0,26,175,70
209440,77,10000000.0,39000.0,30,174,69
210282,77,7500000.0,26000.0,31,178,72
210617,77,11500000.0,41000.0,26,182,67
210864,77,11000000.0,48000.0,27,182,70
211147,77,14000000.0,76000.0,25,180,75
211320,77,11500000.0,60000.0,26,190,84
211454,77,9500000.0,68000.0,28,181,74
211575,77,11000000.0,71000.0,27,188,84
211784,77,16000000.0,52000.0,24,173,69
212067,77,5000000.0,12000.0,32,187,82
212153,77,10000000.0,73000.0,27,188,77
212245,77,12000000.0,55000.0,27,184,81
212491,77,11000000.0,56000.0,27,179,70
212501,77,13500000.0,71000.0,26,189,88
212602,77,11000000.0,65000.0,27,186,76
212623,77,15000000.0,25000.0,25,181,77
213013,77,11000000.0,15000.0,27,170,60
213655,77,13000000.0,68000.0,25,185,75
213761,77,10500000.0,42000.0,30,180,82
214009,77,10000000.0,37000.0,28,177,75
214947,77,12500000.0,62000.0,25,186,83
214977,77,10000000.0,45000.0,28,178,67
215057,77,7500000.0,20000.0,31,182,79
215071,77,5500000.0,17000.0,33,170,69
215160,77,11000000.0,17000.0,27,184,84
215441,77,15000000.0,46000.0,25,187,82
215502,77,12000000.0,30000.0,23,188,74
216258,77,11500000.0,37000.0,27,185,80
216435,77,13500000.0,56000.0,26,170,64
216497,77,12500000.0,59000.0,27,183,79
217196,77,7000000.0,41000.0,31,188,87
217877,77,13000000.0,19000.0,25,177,73
218659,77,14500000.0,52000.0,25,183,70
219145,77,11000000.0,43000.0,27,193,83
219391,77,10000000.0,50000.0,28,182,76
219522,77,9500000.0,24000.0,28,186,83
219681,77,11000000.0,34000.0,27,176,70
220085,77,15500000.0,57000.0,25,181,74
220132,77,9500000.0,30000.0,29,176,69
220287,77,12500000.0,17000.0,26,186,83
220421,77,11000000.0,30000.0,27,168,67
220502,77,14000000.0,57000.0,26,177,63
220621,77,14000000.0,59000.0,25,172,67
221174,77,10500000.0,1000.0,28,179,69
222357,77,16000000.0,27000.0,24,187,88
222390,77,14500000.0,21000.0,25,170,69
222400,77,12500000.0,66000.0,25,176,74
222509,77,14500000.0,100000.0,24,179,68
222515,77,10500000.0,9000.0,28,183,70
222709,77,8500000.0,39000.0,32,181,77
223550,77,11000000.0,20000.0,27,189,80
223874,77,13500000.0,38000.0,26,172,70
223898,77,13000000.0,15000.0,24,190,78
224221,77,12500000.0,45000.0,25,192,90
224389,77,21500000.0,50000.0,24,175,68
224394,77,11000000.0,16000.0,27,180,72
224422,77,16500000.0,31000.0,24,174,72
224574,77,14000000.0,56000.0,25,169,63
225014,77,15000000.0,43000.0,24,179,72
225024,77,13500000.0,56000.0,24,184,75
225126,77,11500000.0,26000.0,26,185,73
225309,77,15000000.0,41000.0,24,180,77
225793,77,22000000.0,56000.0,23,183,79
225997,77,11000000.0,1000.0,27,179,70
226637,77,14500000.0,22000.0,25,180,75
227275,77,12500000.0,13000.0,25,195,95
227476,77,10500000.0,2000.0,30,187,82
227508,77,12000000.0,28000.0,27,183,77
227528,77,10500000.0,20000.0,30,178,73
227536,77,10500000.0,42000.0,30,183,83
227927,77,15000000.0,41000.0,24,174,64
228295,77,13000000.0,62000.0,25,189,75
228302,77,14500000.0,27000.0,25,184,73
228414,77,14500000.0,37000.0,25,175,74
229167,77,15500000.0,38000.0,25,177,73
229752,77,14500000.0,25000.0,24,184,77
229773,77,11000000.0,48000.0,27,188,86
229942,77,14500000.0,37000.0,23,190,86
229971,77,13000000.0,18000.0,25,182,75
230043,77,13500000.0,21000.0,22,170,73
230182,77,9500000.0,18000.0,21,183,77
230197,77,5500000.0,32000.0,33,175,71
230241,77,9500000.0,36000.0,29,165,62
230269,77,11500000.0,36000.0,25,174,71
230331,77,2100000.0,25000.0,37,177,77
230337,77,5500000.0,23000.0,33,175,68
230346,77,10500000.0,33000.0,25,176,72
230349,77,9000000.0,34000.0,29,179,77
230371,77,10500000.0,33000.0,25,178,75
230379,77,5000000.0,26000.0,33,189,84
230384,77,12000000.0,37000.0,25,180,75
230402,77,12500000.0,28000.0,21,178,78
230431,77,9000000.0,27000.0,29,187,85
230717,77,14000000.0,59000.0,25,183,71
230899,77,16500000.0,54000.0,23,174,71
230965,77,15500000.0,31000.0,25,172,70
230977,77,12000000.0,40000.0,27,174,70
231102,77,16500000.0,24000.0,23,180,70
231318,77,15500000.0,41000.0,23,173,68
231521,77,17000000.0,41000.0,22,177,67
231554,77,15500000.0,64000.0,23,183,80
231628,77,21500000.0,26000.0,24,191,87
231633,77,15000000.0,48000.0,24,194,92
232104,77,16000000.0,62000.0,23,171,76
232144,77,14500000.0,21000.0,23,193,89
232229,77,20000000.0,8000.0,23,188,76
232440,77,14000000.0,37000.0,23,179,70
232862,77,11500000.0,15000.0,26,165,67
232905,77,10500000.0,21000.0,28,176,66
232999,77,15500000.0,49000.0,22,175,72
233531,77,16500000.0,9000.0,24,158,55
234128,77,14000000.0,10000.0,25,175,70
234426,77,13000000.0,46000.0,25,185,81
234468,77,14500000.0,10000.0,25,176,67
234568,77,17000000.0,13000.0,22,181,71
234678,77,15000000.0,35000.0,24,185,79
234730,77,15000000.0,11000.0,24,175,75
234772,77,10000000.0,30000.0,30,175,64
234777,77,12000000.0,73000.0,26,191,86
234833,77,13000000.0,18000.0,23,190,88
235173,77,20000000.0,15000.0,23,191,77
235794,77,16500000.0,45000.0,23,178,67
235844,77,15500000.0,14000.0,23,187,73
235889,77,13500000.0,42000.0,23,173,66
235945,77,14500000.0,49000.0,24,184,77
236403,77,20000000.0,19000.0,21,192,80
236441,77,13000000.0,14000.0,25,167,66
236477,77,16500000.0,28000.0,23,175,64
236496,77,20000000.0,56000.0,22,185,68
236499,77,14500000.0,47000.0,23,175,66
236532,77,19500000.0,56000.0,24,191,83
236593,77,21500000.0,28000.0,22,187,68
236639,77,12500000.0,32000.0,26,186,83
236772,77,23000000.0,46000.0,20,186,74
236786,77,15500000.0,42000.0,24,184,73
237520,77,16000000.0,1000.0,24,182,75
238041,77,15000000.0,8000.0,21,169,67
238160,77,15000000.0,51000.0,23,190,86
238744,77,16000000.0,57000.0,22,183,84
238857,77,11500000.0,13000.0,26,177,69
238896,77,16000000.0,14000.0,24,175,66
239093,77,9500000.0,29000.0,28,178,67
239482,77,21000000.0,14000.0,23,179,62
239901,77,16000000.0,27000.0,23,200,90
240471,77,12500000.0,22000.0,26,168,68
240690,77,17000000.0,47000.0,23,180,72
240702,77,14000000.0,15000.0,25,191,79
240740,77,23000000.0,72000.0,20,178,79
241049,77,15000000.0,25000.0,24,174,70
241096,77,22500000.0,25000.0,21,181,79
241202,77,21500000.0,78000.0,22,183,71
241508,77,23000000.0,16000.0,20,180,71
241721,77,16000000.0,36000.0,22,188,81
241771,77,8500000.0,30000.0,32,185,80
242656,77,20500000.0,34000.0,21,196,74
243015,77,14000000.0,53000.0,26,182,84
243282,77,17000000.0,27000.0,21,183,70
243388,77,15000000.0,23000.0,23,187,79
243647,77,18000000.0,28000.0,23,198,73
244263,77,12000000.0,51000.0,27,192,83
244621,77,14000000.0,16000.0,26,190,83
244892,77,21500000.0,35000.0,21,175,65
245037,77,21500000.0,71000.0,20,182,76
245155,77,23000000.0,13000.0,20,177,70
245158,77,23500000.0,23000.0,23,185,74
245541,77,22000000.0,18000.0,18,185,79
246172,77,23500000.0,27000.0,22,172,70
246186,77,23500000.0,16000.0,23,186,89
246242,77,17000000.0,30000.0,24,180,75
246420,77,23000000.0,29000.0,19,171,60
247030,77,12000000.0,1000.0,27,172,66
247257,77,22000000.0,37000.0,22,185,73
251116,77,10000000.0,1000.0,28,180,73
251412,77,15000000.0,14000.0,25,174,79
252308,77,13500000.0,14000.0,25,189,83
253109,77,17000000.0,10000.0,22,185,75
253163,77,22000000.0,86000.0,22,192,91
253727,77,16000000.0,1000.0,24,189,84
254796,77,23000000.0,11000.0,19,182,70
2147,76,825000.0,8000.0,38,197,92
104389,76,825000.0,19000.0,36,190,86
134744,76,1500000.0,26000.0,38,187,83
143121,76,2400000.0,32000.0,36,179,72
146296,76,1300000.0,10000.0,34,187,82
146952,76,825000.0,6000.0,37,188,82
146963,76,1300000.0,11000.0,38,180,79
151508,76,2400000.0,36000.0,36,173,70
152554,76,2300000.0,13000.0,35,176,65
152916,76,2400000.0,16000.0,37,180,76
154950,76,,,37,180,75
158625,76,1300000.0,20000.0,37,189,91
162895,76,3500000.0,44000.0,34,179,76
163264,76,825000.0,42000.0,35,188,85
163925,76,2400000.0,3000.0,38,180,75
164859,76,6000000.0,49000.0,32,176,68
167575,76,,,34,191,88
167959,76,1300000.0,27000.0,34,188,81
168621,76,5000000.0,20000.0,32,182,67
169705,76,5500000.0,70000.0,31,179,85
169706,76,5000000.0,31000.0,32,184,75
170320,76,3900000.0,28000.0,33,186,84
170719,76,4700000.0,14000.0,33,161,57
170733,76,3500000.0,28000.0,34,179,65
172723,76,1300000.0,49000.0,34,199,101
173208,76,2400000.0,16000.0,34,183,75
173474,76,4600000.0,27000.0,33,172,72
176526,76,825000.0,7000.0,37,188,81
176930,76,2600000.0,1000.0,34,167,68
179765,76,6000000.0,18000.0,32,178,80
181318,76,6000000.0,20000.0,31,186,82
182495,76,2400000.0,28000.0,34,180,78
182945,76,4700000.0,19000.0,33,175,70
183130,76,6000000.0,76000.0,31,175,74
183569,76,6000000.0,63000.0,32,191,90
184190,76,3600000.0,21000.0,33,193,84
184826,76,6000000.0,20000.0,32,175,69
186098,76,2400000.0,18000.0,33,183,86
186156,76,6500000.0,63000.0,29,185,72
186190,76,6500000.0,45000.0,30,176,67
186200,76,7000000.0,17000.0,30,180,73
186537,76,3600000.0,14000.0,34,186,76
186627,76,7500000.0,20000.0,30,190,94
187491,76,6500000.0,47000.0,31,186,83
187735,76,6000000.0,40000.0,31,179,75
188955,76,6500000.0,10000.0,31,178,80
189060,76,,,30,186,84
189156,76,4900000.0,11000.0,32,183,84
189251,76,6000000.0,32000.0,31,180,74
189454,76,3100000.0,1000.0,35,174,67
189712,76,6000000.0,35000.0,31,186,78
190362,76,6500000.0,37000.0,31,180,80
190765,76,7000000.0,51000.0,30,181,78
191627,76,7500000.0,22000.0,27,178,72
192041,76,6500000.0,22000.0,29,188,87
192641,76,6500000.0,31000.0,29,194,87
192665,76,1300000.0,22000.0,34,195,85
193116,76,5000000.0,21000.0,32,187,76
193331,76,5500000.0,28000.0,30,190,88
193352,76,7000000.0,38000.0,28,182,77
193683,76,6500000.0,18000.0,30,178,66
193881,76,7500000.0,32000.0,29,181,75
194794,76,6000000.0,57000.0,31,190,83
194845,76,7500000.0,33000.0,30,176,82
195668,76,4000000.0,17000.0,31,195,90
198006,76,6000000.0,12000.0,32,178,74
198368,76,4600000.0,24000.0,33,184,78
198581,76,3600000.0,17000.0,33,184,84
198719,76,8000000.0,49000.0,27,173,69
199393,76,3600000.0,23000.0,33,189,89
199561,76,3500000.0,23000.0,34,175,73
199575,76,3700000.0,9000.0,32,180,76
199577,76,7000000.0,18000.0,29,185,76
199633,76,5000000.0,31000.0,32,181,78
199745,76,6500000.0,26000.0,29,184,82
199767,76,7500000.0,19000.0,28,186,82
199813,76,6500000.0,11000.0,29,183,82
200316,76,6500000.0,21000.0,28,192,90
200529,76,6000000.0,35000.0,31,187,85
200677,76,6000000.0,23000.0,30,186,78
201118,76,6500000.0,63000.0,29,172,67
201144,76,5000000.0,16000.0,32,186,80
201262,76,7000000.0,40000.0,30,172,67
201389,76,7000000.0,44000.0,28,185,78
201510,76,7000000.0,59000.0,28,182,74
201858,76,7500000.0,32000.0,29,173,63
201956,76,6000000.0,13000.0,30,196,85
201976,76,7000000.0,30000.0,27,196,80
201982,76,5500000.0,25000.0,31,179,80
202201,76,6500000.0,23000.0,29,188,83
202429,76,7000000.0,25000.0,27,187,85
202599,76,7500000.0,38000.0,28,170,65
202685,76,7500000.0,43000.0,30,186,78
203030,76,6500000.0,28000.0,29,190,77
203741,76,6500000.0,19000.0,29,180,70
204077,76,10000000.0,44000.0,26,188,83
204105,76,6500000.0,1000.0,29,178,78
204125,76,6500000.0,950.0,30,175,75
204277,76,6000000.0,12000.0,32,171,74
204308,76,6500000.0,18000.0,28,188,88
204529,76,8000000.0,88000.0,27,185,78
204691,76,6000000.0,9000.0,31,170,66
204760,76,8000000.0,31000.0,27,185,70
205083,76,6000000.0,19000.0,32,179,71
205201,76,8500000.0,21000.0,27,191,79
205211,76,,,33,196,84
205346,76,7000000.0,55000.0,28,181,74
205391,76,8500000.0,14000.0,27,187,80
205407,76,7500000.0,41000.0,29,182,75
205431,76,7500000.0,16000.0,28,189,83
205566,76,7000000.0,28000.0,28,171,65
206003,76,7500000.0,43000.0,27,189,93
206058,76,7000000.0,58000.0,28,182,78
206115,76,9000000.0,34000.0,26,185,79
206225,76,7000000.0,31000.0,30,179,74
206304,76,6500000.0,44000.0,30,186,80
206306,76,6500000.0,24000.0,29,173,73
206516,76,9000000.0,49000.0,26,185,74
206654,76,8000000.0,60000.0,27,193,87
207554,76,,,29,183,79
207557,76,4000000.0,33000.0,31,196,86
207715,76,8000000.0,43000.0,27,178,75
208001,76,8000000.0,47000.0,26,174,68
208045,76,8000000.0,18000.0,27,177,80
208053,76,8000000.0,44000.0,27,175,73
208141,76,8500000.0,14000.0,27,187,83
208224,76,7500000.0,1000.0,29,176,73
208375,76,7500000.0,12000.0,27,192,92
208498,76,7500000.0,36000.0,29,183,78
208509,76,8500000.0,23000.0,26,177,67
208621,76,7000000.0,12000.0,30,180,72
208787,76,8500000.0,23000.0,27,177,72
209039,76,8000000.0,1000.0,27,177,75
209329,76,8500000.0,20000.0,26,188,82
209744,76,5000000.0,17000.0,32,173,74
210047,76,7000000.0,36000.0,29,188,84
210384,76,7000000.0,20000.0,28,175,66
210438,76,7500000.0,20000.0,28,179,70
210602,76,7500000.0,38000.0,29,171,72
210679,76,7000000.0,14000.0,29,187,82
210719,76,8000000.0,25000.0,26,186,87
210896,76,9000000.0,56000.0,26,180,73
211108,76,7500000.0,24000.0,28,174,65
211368,76,9000000.0,18000.0,26,173,70
212127,76,7000000.0,26000.0,30,181,66
212204,76,7000000.0,24000.0,28,190,79
212219,76,8500000.0,21000.0,26,182,81
212228,76,10500000.0,46000.0,25,187,70
212232,76,8000000.0,15000.0,27,179,76
212242,76,9000000.0,44000.0,26,187,83
212260,76,7500000.0,29000.0,28,185,82
212269,76,9500000.0,14000.0,24,184,74
212300,76,8500000.0,26000.0,27,191,85
212678,76,8000000.0,23000.0,27,181,72
212692,76,9500000.0,2000.0,25,174,68
212715,76,7500000.0,1000.0,29,163,69
212883,76,8500000.0,70000.0,26,186,79
212977,76,8500000.0,37000.0,26,190,88
213135,76,10000000.0,88000.0,26,189,90
213388,76,7500000.0,43000.0,28,175,70
214491,76,7000000.0,43000.0,30,178,66
214781,76,6000000.0,17000.0,32,177,76
214988,76,8000000.0,19000.0,27,173,70
215051,76,5000000.0,16000.0,31,193,80
215064,76,6500000.0,16000.0,31,188,88
215108,76,5000000.0,12000.0,32,170,74
215119,76,7500000.0,14000.0,27,167,70
215270,76,7500000.0,10000.0,29,172,70
215399,76,8500000.0,24000.0,27,183,80
215455,76,9000000.0,1000.0,26,193,88
215689,76,10000000.0,56000.0,26,190,85
215699,76,7000000.0,22000.0,28,173,67
215785,76,10000000.0,33000.0,26,184,77
216065,76,5000000.0,33000.0,29,192,87
216350,76,6500000.0,900.0,30,185,79
216433,76,9000000.0,56000.0,26,188,90
216549,76,10000000.0,61000.0,25,194,90
216939,76,5000000.0,7000.0,30,188,79
217699,76,4800000.0,57000.0,33,188,83
219244,76,8000000.0,13000.0,26,192,90
220196,76,12000000.0,33000.0,23,183,62
220477,76,7000000.0,32000.0,27,187,80
220570,76,10500000.0,42000.0,25,189,77
220659,76,10000000.0,33000.0,25,180,69
220746,76,9500000.0,1000.0,24,169,68
220831,76,11000000.0,25000.0,25,178,69
221714,76,11000000.0,51000.0,25,177,79
221841,76,12000000.0,46000.0,24,172,69
222368,76,10000000.0,42000.0,25,183,72
222404,76,10500000.0,30000.0,25,179,75
222461,76,9000000.0,13000.0,26,169,69
222715,76,8000000.0,23000.0,27,173,73
223113,76,10000000.0,44000.0,26,183,77
223154,76,9500000.0,44000.0,26,179,80
223329,76,8000000.0,32000.0,27,184,76
223627,76,6000000.0,40000.0,32,190,86
223690,76,6500000.0,1000.0,28,190,82
224116,76,6500000.0,13000.0,31,190,82
224151,76,7500000.0,48000.0,28,177,80
224158,76,9500000.0,36000.0,24,185,70
224396,76,7000000.0,9000.0,29,187,92
224520,76,11500000.0,46000.0,24,172,65
224540,76,10500000.0,17000.0,25,175,70
224739,76,9500000.0,1000.0,25,188,77
224869,76,7000000.0,13000.0,29,175,75
225783,76,11500000.0,22000.0,23,182,71
225859,76,9000000.0,21000.0,25,190,85
225863,76,10000000.0,14000.0,23,181,68
225951,76,9000000.0,30000.0,26,180,70
226093,76,11500000.0,46000.0,24,178,70
226229,76,10000000.0,49000.0,24,186,76
226268,76,10500000.0,58000.0,23,175,75
226377,76,7500000.0,38000.0,28,172,75
226601,76,6000000.0,24000.0,30,187,80
226853,76,9500000.0,19000.0,24,184,74
227222,76,9000000.0,51000.0,26,178,78
227234,76,10500000.0,31000.0,24,185,83
227236,76,10500000.0,49000.0,25,184,78
227772,76,6500000.0,9000.0,29,188,82
228092,76,11000000.0,23000.0,23,195,96
228386,76,10000000.0,1000.0,25,197,90
228579,76,9500000.0,46000.0,24,183,79
228635,76,11500000.0,105000.0,24,182,74
228708,76,13500000.0,40000.0,25,183,78
228747,76,10000000.0,26000.0,25,175,78
228789,76,9500000.0,31000.0,23,197,85
228819,76,11500000.0,17000.0,24,168,66
229469,76,7500000.0,25000.0,28,163,65
229517,76,9000000.0,12000.0,26,172,63
229862,76,14000000.0,10000.0,24,179,67
230020,76,7500000.0,36000.0,28,186,70
230065,76,11500000.0,35000.0,24,184,75
230189,76,6500000.0,14000.0,29,177,76
230280,76,3600000.0,30000.0,33,188,82
230317,76,5000000.0,13000.0,29,192,90
230318,76,8000000.0,7000.0,21,190,88
230328,76,825000.0,13000.0,37,190,82
230348,76,6500000.0,23000.0,29,178,75
230373,76,8500000.0,34000.0,25,172,69
230425,76,4700000.0,35000.0,33,179,77
230453,76,7500000.0,29000.0,25,176,76
230457,76,6500000.0,17000.0,29,182,77
230463,76,4700000.0,33000.0,33,178,71
230475,76,7500000.0,27000.0,29,176,72
230613,76,9000000.0,35000.0,23,183,75
230727,76,8000000.0,12000.0,24,181,70
231366,76,9000000.0,21000.0,24,189,83
231390,76,12000000.0,12000.0,24,178,68
231416,76,11500000.0,35000.0,23,187,77
231936,76,15500000.0,52000.0,23,185,77
232381,76,11000000.0,54000.0,24,191,93
232498,76,8000000.0,20000.0,26,169,71
232639,76,12000000.0,15000.0,23,172,70
233493,76,9500000.0,33000.0,23,175,80
233556,76,12000000.0,27000.0,24,183,73
233631,76,10000000.0,22000.0,24,173,70
233848,76,15000000.0,26000.0,21,184,80
233959,76,10000000.0,16000.0,25,179,71
234078,76,11500000.0,23000.0,23,178,82
234171,76,10000000.0,23000.0,24,183,76
234574,76,11500000.0,68000.0,22,184,75
234711,76,11000000.0,44000.0,23,175,70
234826,76,15000000.0,13000.0,24,187,84
235008,76,15000000.0,11000.0,24,175,70
235149,76,10500000.0,24000.0,24,185,74
235183,76,9500000.0,15000.0,25,184,74
235424,76,9000000.0,28000.0,25,175,70
235619,76,17000000.0,11000.0,22,168,65
235875,76,9500000.0,27000.0,23,183,70
235944,76,12000000.0,20000.0,24,187,76
236221,76,7500000.0,28000.0,29,178,73
236264,76,9500000.0,39000.0,26,175,74
236276,76,11000000.0,28000.0,24,178,74
236679,76,11500000.0,17000.0,23,167,63
236920,76,15000000.0,39000.0,22,172,66
237043,76,15000000.0,48000.0,22,176,70
237135,76,7000000.0,16000.0,30,177,63
237184,76,11000000.0,15000.0,23,174,66
237646,76,9500000.0,15000.0,25,180,73
238033,76,2400000.0,850.0,33,184,78
238095,76,14000000.0,36000.0,23,195,90
238227,76,15000000.0,38000.0,22,175,69
239580,76,11000000.0,31000.0,24,188,82
239890,76,15500000.0,9000.0,21,186,86
239956,76,16500000.0,36000.0,20,183,67
240273,76,16500000.0,49000.0,20,182,64
240458,76,12000000.0,26000.0,23,180,73
240716,76,16000000.0,21000.0,23,184,78
240754,76,9500000.0,26000.0,25,175,66
240915,76,16000000.0,15000.0,21,185,79
241187,76,15500000.0,8000.0,20,185,73
241497,76,10000000.0,49000.0,22,170,62
241707,76,14500000.0,27000.0,22,187,79
241907,76,16500000.0,9000.0,23,170,68
242118,76,12000000.0,37000.0,24,174,66
242348,76,9000000.0,25000.0,27,188,82
242374,76,15000000.0,37000.0,22,183,70
242380,76,11000000.0,9000.0,24,178,66
242578,76,15500000.0,29000.0,20,194,75
242663,76,11000000.0,40000.0,22,191,83
242664,76,11500000.0,34000.0,22,180,72
242816,76,17000000.0,75000.0,21,169,56
243007,76,7500000.0,1000.0,28,179,76
244261,76,16500000.0,36000.0,23,179,75
244316,76,13000000.0,14000.0,22,190,82
244373,76,7500000.0,1000.0,28,175,68
244374,76,17000000.0,900.0,22,177,67
244380,76,14500000.0,850.0,22,180,71
244393,76,15000000.0,39000.0,23,181,73
244749,76,9500000.0,36000.0,25,188,76
244778,76,17000000.0,84000.0,21,183,77
244915,76,15500000.0,38000.0,22,191,85
244960,76,15000000.0,12000.0,24,174,65
245388,76,15500000.0,20000.0,21,190,88
246618,76,16000000.0,500.0,18,188,86
246708,76,8000000.0,1000.0,27,184,76
246785,76,16500000.0,52000.0,20,175,65
246791,76,17000000.0,800.0,21,170,67
247641,76,17000000.0,800.0,21,175,73
251221,76,9500000.0,1000.0,25,183,77
251528,76,14500000.0,11000.0,24,182,74
251566,76,18000000.0,49000.0,20,179,75
251804,76,15500000.0,67000.0,20,175,62
253004,76,17500000.0,44000.0,18,178,66
253072,76,17000000.0,13000.0,22,187,80
253124,76,17000000.0,12000.0,22,183,74
253290,76,11000000.0,35000.0,23,181,70
257179,76,15000000.0,7000.0,19,186,77
137242,75,1800000.0,4000.0,37,183,75
138703,75,,900.0,40,174,69
142707,75,1900000.0,15000.0,38,174,74
142902,75,625000.0,500.0,37,190,92
146947,75,5500000.0,25000.0,28,191,84
149185,75,1100000.0,19000.0,36,181,79
152879,75,2600000.0,55000.0,34,177,76
152912,75,,13000.0,40,182,79
153048,75,5500000.0,8000.0,30,184,69
153275,75,625000.0,13000.0,35,180,75
156412,75,625000.0,23000.0,40,184,84
157301,75,2600000.0,47000.0,34,185,85
157304,75,1500000.0,7000.0,35,183,80
158144,75,1100000.0,16000.0,37,178,71
158626,75,1700000.0,5000.0,35,176,76
161938,75,1900000.0,900.0,36,185,75
162328,75,625000.0,8000.0,37,188,88
163301,75,625000.0,10000.0,35,184,81
164878,75,2400000.0,18000.0,35,175,70
165536,75,1500000.0,12000.0,35,184,82
169595,75,4800000.0,42000.0,30,174,76
169697,75,950000.0,40000.0,34,188,78
171828,75,1900000.0,13000.0,36,176,71
171875,75,3900000.0,14000.0,32,181,72
171972,75,3500000.0,46000.0,33,178,66
171975,75,1900000.0,1000.0,36,179,74
172203,75,1800000.0,34000.0,33,201,93
173030,75,2800000.0,18000.0,33,180,79
173546,75,3600000.0,42000.0,32,192,74
175895,75,4400000.0,22000.0,32,185,79
175932,75,3600000.0,19000.0,32,186,77
176376,75,1800000.0,14000.0,36,180,76
176693,75,1800000.0,10000.0,34,183,88
176733,75,2700000.0,7000.0,34,184,74
176944,75,3500000.0,19000.0,33,194,85
177019,75,2700000.0,15000.0,33,182,73
177358,75,3900000.0,26000.0,31,186,79
178090,75,3500000.0,1000.0,33,176,79
178091,75,4800000.0,36000.0,31,186,90
178253,75,2600000.0,15000.0,34,173,65
178424,75,2100000.0,10000.0,34,176,70
179752,75,1900000.0,1000.0,38,193,87
179847,75,1800000.0,39000.0,34,195,85
180175,75,4800000.0,10000.0,31,175,72
180819,75,3500000.0,49000.0,33,178,73
181271,75,4500000.0,1000.0,32,182,74
183129,75,3800000.0,33000.0,31,185,88
183285,75,3800000.0,22000.0,31,187,83
183376,75,3700000.0,32000.0,32,183,80
183427,75,3900000.0,58000.0,31,174,78
183580,75,4600000.0,28000.0,32,188,82
183714,75,3600000.0,14000.0,33,192,83
183895,75,2600000.0,9000.0,34,158,56
184111,75,5500000.0,50000.0,30,190,83
184575,75,4600000.0,16000.0,32,173,70
184606,75,2800000.0,13000.0,33,180,72
184873,75,1800000.0,20000.0,34,184,87
184881,75,4700000.0,47000.0,31,176,75
184999,75,3700000.0,850.0,32,180,78
185068,75,4700000.0,10000.0,31,178,76
185174,75,3900000.0,16000.0,31,182,77
185195,75,4600000.0,34000.0,32,183,73
185422,75,5500000.0,52000.0,29,184,82
185431,75,3600000.0,27000.0,33,187,79
186347,75,4100000.0,38000.0,31,173,75
186351,75,3900000.0,14000.0,31,188,78
186551,75,3900000.0,21000.0,32,165,64
186569,75,2800000.0,41000.0,32,192,87
186684,75,3600000.0,11000.0,32,186,71
186905,75,4800000.0,35000.0,31,186,84
188038,75,3600000.0,1000.0,32,186,80
188268,75,3500000.0,18000.0,33,169,67
188942,75,4700000.0,8000.0,30,188,79
189165,75,5500000.0,37000.0,29,184,80
189177,75,5500000.0,29000.0,29,170,72
189218,75,5500000.0,48000.0,29,182,72
189224,75,2700000.0,11000.0,34,187,75
189296,75,2800000.0,28000.0,32,194,92
189324,75,3000000.0,34000.0,31,193,79
189433,75,3800000.0,28000.0,31,193,86
189456,75,4700000.0,60000.0,29,188,73
189485,75,4700000.0,32000.0,31,173,66
189860,75,4800000.0,42000.0,30,174,61
189908,75,4200000.0,22000.0,30,187,84
190059,75,5500000.0,1000.0,29,182,74
190113,75,2800000.0,28000.0,32,196,92
190223,75,2900000.0,22000.0,33,177,77
190324,75,4600000.0,42000.0,30,188,84
190456,75,4800000.0,42000.0,30,175,67
190544,75,5500000.0,40000.0,29,182,80
190581,75,5500000.0,6000.0,30,172,65
190734,75,3000000.0,9000.0,31,194,80
190778,75,3700000.0,13000.0,30,189,88
191076,75,5500000.0,32000.0,30,179,77
191135,75,5500000.0,24000.0,30,180,79
191164,75,4800000.0,23000.0,31,179,74
192086,75,5500000.0,48000.0,30,184,83
192129,75,2800000.0,7000.0,32,188,87
192270,75,4800000.0,7000.0,31,184,75
192427,75,3900000.0,30000.0,32,172,67
192667,75,3500000.0,25000.0,33,189,80
192722,75,2700000.0,31000.0,34,178,76
192955,75,4600000.0,63000.0,31,183,82
193107,75,950000.0,8000.0,34,187,79
193133,75,5500000.0,17000.0,30,180,82
193152,75,1800000.0,15000.0,33,187,89
193158,75,5500000.0,18000.0,29,185,79
194201,75,4600000.0,38000.0,30,194,86
194644,75,4800000.0,20000.0,30,175,73
194904,75,3700000.0,7000.0,30,191,102
195038,75,5500000.0,27000.0,28,176,71
195202,75,5500000.0,49000.0,30,186,84
196069,75,1800000.0,11000.0,36,170,67
196889,75,6000000.0,42000.0,28,174,72
197756,75,5500000.0,52000.0,29,182,81
197891,75,5500000.0,23000.0,28,172,69
198032,75,4700000.0,46000.0,29,198,87
198143,75,5500000.0,13000.0,30,174,68
198451,75,3500000.0,24000.0,33,178,71
198640,75,5500000.0,16000.0,28,175,65
198653,75,625000.0,600.0,38,186,80
198683,75,5500000.0,21000.0,29,181,75
198861,75,4800000.0,70000.0,29,167,73
198904,75,4700000.0,31000.0,29,187,81
199158,75,4800000.0,11000.0,29,183,74
199247,75,5500000.0,28000.0,28,182,72
199493,75,3000000.0,8000.0,31,187,77
199626,75,4600000.0,11000.0,31,174,70
199792,75,4600000.0,9000.0,31,175,68
199986,75,1800000.0,11000.0,34,178,76
200054,75,4800000.0,28000.0,29,185,75
200223,75,6000000.0,16000.0,27,175,76
200318,75,5500000.0,27000.0,29,185,72
200353,75,5000000.0,28000.0,29,187,91
200519,75,4600000.0,12000.0,30,186,72
200630,75,5500000.0,48000.0,29,175,77
200759,75,5500000.0,48000.0,28,178,72
201046,75,5500000.0,46000.0,29,184,73
201303,75,5500000.0,21000.0,29,177,65
201860,75,3800000.0,28000.0,31,185,85
201862,75,3800000.0,15000.0,31,186,82
201931,75,4500000.0,4000.0,28,193,90
201939,75,5000000.0,29000.0,28,189,86
201988,75,3600000.0,33000.0,32,190,83
202089,75,3700000.0,600.0,30,190,80
202445,75,6500000.0,41000.0,27,188,83
202848,75,6000000.0,21000.0,27,176,72
202858,75,5500000.0,13000.0,29,174,74
203038,75,6000000.0,15000.0,27,182,73
203067,75,1600000.0,6000.0,35,172,68
203106,75,6000000.0,13000.0,27,170,62
203362,75,6000000.0,46000.0,26,178,70
203570,75,5500000.0,63000.0,30,183,81
203736,75,5500000.0,25000.0,29,185,88
203775,75,5000000.0,61000.0,28,189,87
204451,75,6000000.0,23000.0,26,184,79
204472,75,4900000.0,53000.0,29,177,69
204539,75,4100000.0,15000.0,31,180,80
204688,75,5500000.0,1000.0,30,183,78
204713,75,5500000.0,26000.0,29,178,78
204936,75,5500000.0,26000.0,28,185,75
204977,75,3900000.0,1000.0,32,173,73
205114,75,3500000.0,10000.0,33,169,69
205257,75,5500000.0,29000.0,28,173,78
205343,75,5500000.0,49000.0,28,180,70
205402,75,6500000.0,23000.0,27,178,73
205531,75,6500000.0,19000.0,27,181,70
205850,75,4600000.0,32000.0,32,188,85
205855,75,6000000.0,1000.0,27,182,80
205895,75,4700000.0,8000.0,30,175,73
205953,75,5500000.0,9000.0,30,171,71
205965,75,4900000.0,900.0,29,180,72
205989,75,6500000.0,58000.0,26,182,82
206114,75,7000000.0,22000.0,26,181,69
206594,75,6000000.0,44000.0,26,180,77
207441,75,6000000.0,35000.0,27,173,61
207471,75,4400000.0,29000.0,32,187,82
207616,75,7500000.0,44000.0,26,191,75
207683,75,4800000.0,700.0,28,189,75
207707,75,3900000.0,58000.0,32,178,72
207790,75,6500000.0,27000.0,26,184,84
207807,75,6000000.0,36000.0,27,163,70
207935,75,950000.0,16000.0,34,191,86
207939,75,3900000.0,37000.0,31,185,78
207993,75,5000000.0,60000.0,28,183,82
208520,75,4100000.0,12000.0,31,185,78
208615,75,5500000.0,44000.0,28,196,88
208919,75,8500000.0,9000.0,25,169,68
209289,75,6000000.0,26000.0,27,170,70
209430,75,6000000.0,21000.0,28,181,73
209781,75,2600000.0,22000.0,34,181,73
209782,75,5500000.0,18000.0,28,180,70
210136,75,6000000.0,900.0,27,183,77
210281,75,1100000.0,700.0,39,184,74
210603,75,4900000.0,33000.0,29,170,64
210619,75,6500000.0,15000.0,27,178,71
210635,75,6000000.0,46000.0,25,191,77
210648,75,4600000.0,32000.0,30,193,88
210761,75,6000000.0,9000.0,27,175,71
211093,75,5500000.0,48000.0,28,174,74
211101,75,6000000.0,15000.0,25,189,80
211119,75,3500000.0,9000.0,33,178,76
211267,75,5500000.0,17000.0,28,174,71
211348,75,6000000.0,14000.0,27,188,84
211382,75,5500000.0,23000.0,28,183,81
211506,75,7500000.0,28000.0,26,182,73
211706,75,5500000.0,23000.0,28,177,70
211738,75,4800000.0,20000.0,28,195,87
211862,75,5500000.0,25000.0,30,185,80
211899,75,5500000.0,25000.0,30,187,86
212212,75,6000000.0,23000.0,27,183,80
212253,75,5500000.0,13000.0,28,189,84
212287,75,6000000.0,14000.0,27,191,87
212432,75,4700000.0,9000.0,29,189,75
212541,75,2100000.0,1000.0,34,181,68
212811,75,6000000.0,29000.0,27,184,85
213242,75,6000000.0,23000.0,27,180,78
213367,75,5500000.0,18000.0,28,170,65
213404,75,6500000.0,23000.0,26,189,80
213629,75,6000000.0,40000.0,27,187,74
213654,75,8000000.0,44000.0,25,183,73
213666,75,7500000.0,74000.0,25,191,88
213689,75,6500000.0,30000.0,26,176,71
213814,75,6000000.0,45000.0,27,171,75
213899,75,5500000.0,22000.0,28,181,84
213917,75,6500000.0,12000.0,27,187,81
213928,75,6500000.0,21000.0,26,186,76
213991,75,6000000.0,30000.0,26,179,70
214076,75,625000.0,7000.0,37,184,88
214132,75,5500000.0,9000.0,30,165,68
214169,75,3800000.0,21000.0,31,184,78
214572,75,3900000.0,3000.0,32,180,72
214601,75,4900000.0,40000.0,29,180,72
214639,75,3600000.0,23000.0,32,185,78
214763,75,1000000.0,9000.0,36,184,82
215061,75,4800000.0,36000.0,31,177,75
215103,75,2300000.0,11000.0,35,169,72
215135,75,1800000.0,17000.0,34,181,74
215147,75,6000000.0,14000.0,27,184,79
215202,75,6000000.0,16000.0,26,169,67
215228,75,3800000.0,14000.0,31,192,93
215251,75,4300000.0,12000.0,29,187,67
215443,75,6500000.0,50000.0,26,175,70
215449,75,7500000.0,29000.0,25,185,81
215466,75,4700000.0,16000.0,29,193,87
215716,75,6500000.0,53000.0,26,189,90
215798,75,7000000.0,25000.0,24,179,69
216158,75,5000000.0,22000.0,28,183,79
216266,75,7000000.0,42000.0,25,180,71
216283,75,4900000.0,22000.0,29,170,72
216380,75,6500000.0,36000.0,25,179,67
216447,75,5500000.0,20000.0,28,167,61
216452,75,6500000.0,28000.0,26,184,79
216466,75,5500000.0,12000.0,27,176,72
216700,75,5500000.0,47000.0,28,181,80
216774,75,6000000.0,20000.0,27,188,77
216814,75,6500000.0,38000.0,27,182,80
216816,75,7500000.0,30000.0,25,181,81
216820,75,6500000.0,23000.0,25,168,69
217097,75,5500000.0,54000.0,28,169,62
217235,75,2700000.0,10000.0,33,178,70
218868,75,4700000.0,2000.0,31,178,68
219087,75,10500000.0,33000.0,24,180,75
219466,75,6500000.0,36000.0,26,174,64
219576,75,5500000.0,14000.0,29,187,79
219686,75,6500000.0,30000.0,25,172,69
219732,75,6500000.0,38000.0,26,172,75
219797,75,6500000.0,44000.0,27,180,89
219835,75,3500000.0,1000.0,33,175,68
220295,75,4800000.0,45000.0,31,177,74
220604,75,3700000.0,22000.0,30,185,73
220633,75,7500000.0,66000.0,25,183,75
220710,75,9000000.0,42000.0,24,173,70
220876,75,7500000.0,16000.0,24,180,70
220905,75,6500000.0,38000.0,27,186,71
220948,75,4700000.0,900.0,30,189,80
221014,75,8500000.0,29000.0,25,186,72
221016,75,5500000.0,26000.0,29,184,76
221053,75,5500000.0,13000.0,27,174,79
221125,75,8000000.0,9000.0,25,179,79
221269,75,7000000.0,36000.0,24,182,79
221284,75,5500000.0,26000.0,28,180,75
221342,75,10500000.0,20000.0,23,172,70
221422,75,6000000.0,1000.0,27,188,83
221430,75,6500000.0,12000.0,27,182,80
221445,75,5500000.0,20000.0,29,174,66
221634,75,6500000.0,9000.0,27,161,59
221639,75,6000000.0,115000.0,27,180,76
221671,75,5500000.0,24000.0,28,180,70
221919,75,6500000.0,24000.0,26,176,72
222123,75,5500000.0,9000.0,28,185,86
222148,75,7500000.0,26000.0,26,181,75
222429,75,7000000.0,7000.0,25,166,60
222511,75,5500000.0,11000.0,26,188,83
222994,75,6000000.0,49000.0,27,178,71
223058,75,,,28,182,74
223061,75,6000000.0,22000.0,27,165,62
223197,75,9000000.0,24000.0,24,187,78
223570,75,8000000.0,19000.0,24,185,73
223671,75,7000000.0,24000.0,24,189,82
223710,75,6500000.0,51000.0,27,194,86
223885,75,7000000.0,34000.0,24,193,88
223922,75,5500000.0,1000.0,28,186,79
224030,75,8000000.0,25000.0,23,167,58
224065,75,6500000.0,15000.0,26,167,63
224218,75,7500000.0,43000.0,25,175,74
224258,75,11500000.0,33000.0,23,196,94
224294,75,8500000.0,28000.0,24,175,71
224425,75,6500000.0,44000.0,26,188,81
224444,75,6000000.0,17000.0,27,177,68
224510,75,6000000.0,17000.0,27,174,74
224796,75,7500000.0,12000.0,25,179,80
225028,75,5500000.0,26000.0,28,186,77
225147,75,7000000.0,28000.0,25,175,76
225161,75,7000000.0,82000.0,24,184,79
225293,75,7500000.0,24000.0,26,186,79
225363,75,6500000.0,12000.0,26,175,70
225403,75,7500000.0,40000.0,25,176,67
225439,75,9000000.0,51000.0,24,183,75
225475,75,6500000.0,27000.0,27,188,77
225653,75,7000000.0,43000.0,25,184,82
225699,75,7500000.0,11000.0,26,174,69
225733,75,4700000.0,9000.0,31,177,74
225748,75,11500000.0,28000.0,23,177,70
225782,75,8000000.0,49000.0,23,177,71
226045,75,6000000.0,38000.0,26,176,73
226078,75,6500000.0,53000.0,26,180,71
226168,75,9000000.0,22000.0,24,181,75
226376,75,7000000.0,24000.0,26,171,68
226379,75,625000.0,7000.0,35,187,87
226380,75,7500000.0,58000.0,25,177,77
226515,75,4700000.0,23000.0,29,186,79
226537,75,6500000.0,45000.0,27,184,79
226627,75,6500000.0,84000.0,26,174,67
226777,75,6500000.0,41000.0,26,188,90
226807,75,6500000.0,8000.0,26,173,75
227527,75,6000000.0,19000.0,28,182,76
227591,75,5500000.0,24000.0,29,178,80
228236,75,5000000.0,17000.0,29,192,86
228279,75,7000000.0,10000.0,24,193,90
228509,75,11000000.0,43000.0,23,184,75
228675,75,10500000.0,33000.0,24,179,72
228732,75,7500000.0,23000.0,23,191,74
229034,75,7500000.0,18000.0,26,175,79
229153,75,8500000.0,1000.0,23,182,78
229453,75,8500000.0,11000.0,24,183,78
229476,75,7000000.0,20000.0,24,189,84
229593,75,6500000.0,63000.0,26,186,83
229628,75,6000000.0,25000.0,27,186,84
229659,75,8500000.0,14000.0,24,183,73
229749,75,6500000.0,1000.0,26,193,70
229758,75,6000000.0,33000.0,27,184,74
229764,75,9000000.0,23000.0,24,180,76
229980,75,11500000.0,33000.0,24,191,70
230005,75,8000000.0,55000.0,23,180,70
230165,75,4600000.0,19000.0,25,188,82
230186,75,1200000.0,18000.0,37,177,73
230195,75,3800000.0,12000.0,29,177,74
230202,75,4900000.0,13000.0,29,177,75
230213,75,5500000.0,29000.0,25,184,77
230219,75,5500000.0,29000.0,25,176,73
230224,75,6000000.0,9000.0,21,192,91
230244,75,5500000.0,29000.0,25,168,66
230250,75,4800000.0,13000.0,29,177,78
230252,75,4800000.0,13000.0,29,178,75
230295,75,4700000.0,15000.0,29,185,85
230323,75,4600000.0,16000.0,25,190,88
230336,75,2800000.0,30000.0,33,169,68
230341,75,5500000.0,22000.0,25,182,81
230354,75,4900000.0,26000.0,29,177,73
230355,75,1800000.0,11000.0,37,174,75
230388,75,6000000.0,9000.0,21,191,88
230401,75,5500000.0,13000.0,25,187,82
230423,75,4800000.0,24000.0,29,177,84
230427,75,6000000.0,32000.0,25,172,71
230502,75,1900000.0,12000.0,37,180,71
230524,75,5500000.0,35000.0,29,178,72
230528,75,6000000.0,11000.0,21,188,84
230625,75,7000000.0,12000.0,26,183,80
230967,75,6000000.0,21000.0,27,167,67
230975,75,7500000.0,40000.0,24,175,72
231150,75,6000000.0,9000.0,27,175,72
231227,75,8000000.0,18000.0,23,178,76
231280,75,6500000.0,27000.0,26,184,76
231355,75,10500000.0,37000.0,24,180,72
231591,75,6500000.0,20000.0,26,172,70
231612,75,7500000.0,18000.0,25,172,65
231627,75,9000000.0,11000.0,24,192,75
231786,75,6500000.0,14000.0,27,186,82
231826,75,8000000.0,25000.0,22,185,77
231836,75,11500000.0,11000.0,22,171,70
232097,75,9000000.0,11000.0,24,180,67
232099,75,8000000.0,12000.0,25,191,84
232132,75,10000000.0,10000.0,25,190,72
232241,75,5500000.0,22000.0,29,178,68
232670,75,3600000.0,14000.0,33,185,83
232938,75,12000000.0,49000.0,22,188,84
233029,75,5500000.0,14000.0,30,177,68
233267,75,5000000.0,7000.0,27,191,88
233301,75,10500000.0,20000.0,23,187,70
233500,75,11500000.0,11000.0,22,172,60
233866,75,12500000.0,44000.0,23,187,83
234045,75,8500000.0,1000.0,24,175,70
234102,75,7000000.0,43000.0,24,188,78
234111,75,12500000.0,34000.0,21,185,75
234178,75,7500000.0,19000.0,25,182,76
234789,75,12000000.0,17000.0,23,182,76
234824,75,7500000.0,37000.0,24,176,74
234913,75,6000000.0,17000.0,27,185,77
235134,75,7500000.0,23000.0,24,188,73
235172,75,12000000.0,49000.0,22,174,67
235389,75,11000000.0,36000.0,24,176,66
235467,75,7000000.0,9000.0,26,168,65
235565,75,6500000.0,17000.0,26,185,77
235634,75,7000000.0,21000.0,25,176,71
235883,75,12000000.0,44000.0,21,178,71
235997,75,11500000.0,19000.0,22,165,64
236073,75,5500000.0,12000.0,25,181,70
236245,75,7500000.0,16000.0,25,180,73
236298,75,10500000.0,7000.0,24,180,71
236461,75,8500000.0,22000.0,24,192,88
236699,75,8500000.0,33000.0,24,183,77
236804,75,8000000.0,21000.0,22,184,77
236817,75,6500000.0,16000.0,25,181,80
236898,75,8500000.0,15000.0,24,183,74
236899,75,8500000.0,45000.0,24,195,85
237034,75,9000000.0,44000.0,22,176,73
237221,75,11500000.0,22000.0,23,187,69
237321,75,8500000.0,40000.0,23,186,79
237329,75,12500000.0,26000.0,21,186,76
237556,75,6000000.0,43000.0,27,191,91
237626,75,8000000.0,23000.0,24,180,63
237681,75,13500000.0,77000.0,20,173,67
237819,75,12500000.0,25000.0,23,179,73
237841,75,7000000.0,19000.0,25,183,75
237960,75,7000000.0,19000.0,25,176,69
238305,75,7000000.0,23000.0,26,180,75
238370,75,8000000.0,38000.0,23,190,95
238581,75,12500000.0,20000.0,22,179,68
238858,75,9000000.0,12000.0,24,175,72
239335,75,12500000.0,21000.0,23,174,68
239529,75,8000000.0,33000.0,23,183,70
239592,75,12500000.0,34000.0,21,177,73
239795,75,6000000.0,17000.0,27,182,80
239837,75,11500000.0,42000.0,22,174,72
240060,75,12000000.0,21000.0,21,178,69
240115,75,7500000.0,33000.0,24,188,78
240289,75,7000000.0,16000.0,25,183,71
240654,75,9000000.0,41000.0,23,173,75
241026,75,12500000.0,12000.0,22,179,74
241042,75,11500000.0,44000.0,20,178,70
241470,75,12000000.0,8000.0,21,185,73
241673,75,5000000.0,44000.0,28,186,80
241686,75,9000000.0,29000.0,24,167,72
241827,75,7500000.0,20000.0,25,178,69
242236,75,8000000.0,10000.0,24,191,78
242267,75,8000000.0,14000.0,25,175,69
242392,75,7500000.0,22000.0,25,191,87
242577,75,12500000.0,16000.0,22,180,69
242619,75,8500000.0,20000.0,21,180,73
242794,75,9000000.0,40000.0,22,178,65
243231,75,9000000.0,42000.0,23,184,76
243245,75,12500000.0,8000.0,20,175,68
243414,75,8000000.0,54000.0,20,182,63
243627,75,8500000.0,25000.0,20,186,78
243631,75,8000000.0,23000.0,23,178,69
243656,75,7500000.0,32000.0,25,185,76
243715,75,11500000.0,41000.0,20,192,85
243854,75,12000000.0,36000.0,21,187,82
244206,75,12000000.0,27000.0,21,186,75
244385,75,6000000.0,750.0,27,196,84
245235,75,8500000.0,800.0,23,183,76
245426,75,8000000.0,16000.0,21,191,78
245940,75,12500000.0,22000.0,22,189,79
246098,75,6500000.0,12000.0,25,192,84
246113,75,10500000.0,14000.0,23,176,69
246191,75,12500000.0,14000.0,21,170,71
246836,75,7000000.0,18000.0,23,191,84
246960,75,12000000.0,33000.0,19,183,75
247028,75,12000000.0,37000.0,23,186,76
247103,75,11500000.0,850.0,23,188,80
247328,75,12500000.0,18000.0,20,176,71
247495,75,12000000.0,20000.0,23,189,86
251182,75,7500000.0,18000.0,24,181,67
251470,75,12500000.0,19000.0,20,192,79
251517,75,12500000.0,27000.0,19,185,80
251805,75,11500000.0,10000.0,20,179,77
252000,75,8500000.0,20000.0,21,178,69
252084,75,9000000.0,29000.0,24,184,78
252143,75,12500000.0,11000.0,22,169,63
252931,75,11500000.0,800.0,22,175,76
253157,75,11500000.0,21000.0,21,175,61
253170,75,11500000.0,33000.0,23,192,83
253272,75,4700000.0,950.0,29,179,81
254487,75,12500000.0,25000.0,23,175,71
254909,75,11000000.0,800.0,22,174,63
255472,75,9000000.0,900.0,23,172,65
256769,75,11500000.0,19000.0,19,173,63
256790,75,13000000.0,19000.0,18,180,68
257536,75,8500000.0,950.0,24,184,80
259694,75,12000000.0,76000.0,22,184,77
261204,75,6000000.0,1000.0,26,178,64
262621,75,10500000.0,14000.0,20,199,88
132740,74,475000.0,7000.0,36,188,78
137506,74,1400000.0,13000.0,37,184,75
150724,74,725000.0,32000.0,34,196,91
161663,74,475000.0,2000.0,38,184,84
162280,74,2000000.0,15000.0,34,176,73
162329,74,825000.0,21000.0,36,181,78
164468,74,1100000.0,20000.0,35,193,88
165560,74,2100000.0,17000.0,34,178,75
167933,74,825000.0,16000.0,36,178,72
169324,74,1300000.0,16000.0,35,175,73
169792,74,3600000.0,33000.0,31,185,84
170084,74,725000.0,22000.0,34,198,90
172143,74,1700000.0,9000.0,35,178,78
178031,74,2000000.0,20000.0,33,185,83
178160,74,1900000.0,21000.0,34,183,79
178322,74,2200000.0,34000.0,33,183,75
178567,74,2900000.0,27000.0,32,183,87
178625,74,2100000.0,11000.0,33,184,76
179527,74,2100000.0,15000.0,34,185,82
179783,74,2100000.0,9000.0,32,197,98
180281,74,1700000.0,7000.0,35,173,74
181481,74,475000.0,6000.0,36,187,95
182168,74,2000000.0,60000.0,33,195,81
182941,74,1400000.0,44000.0,34,178,78
183125,74,2700000.0,22000.0,33,183,90
183141,74,2200000.0,12000.0,31,190,86
183332,74,2000000.0,24000.0,34,176,69
183520,74,3000000.0,15000.0,31,173,73
184037,74,2900000.0,39000.0,31,191,77
184252,74,2700000.0,15000.0,33,188,91
184274,74,2700000.0,23000.0,32,190,80
186143,74,4000000.0,26000.0,30,175,69
186302,74,2600000.0,22000.0,33,171,70
186392,74,3100000.0,39000.0,31,188,83
186395,74,3100000.0,30000.0,31,172,76
186519,74,2900000.0,23000.0,31,185,78
186521,74,2900000.0,11000.0,31,192,85
186589,74,2700000.0,14000.0,32,187,80
186648,74,2900000.0,16000.0,31,188,84
187132,74,2900000.0,14000.0,31,185,77
187421,74,2800000.0,15000.0,32,171,78
188182,74,2000000.0,39000.0,33,190,88
188253,74,3500000.0,39000.0,30,180,72
188388,74,3500000.0,27000.0,31,177,74
188414,74,1700000.0,4000.0,35,173,73
188770,74,4100000.0,49000.0,30,183,78
188938,74,475000.0,5000.0,35,186,83
189084,74,2100000.0,6000.0,32,188,81
189127,74,3500000.0,35000.0,30,183,86
189172,74,3500000.0,18000.0,31,180,74
189225,74,2700000.0,7000.0,33,175,68
189358,74,3300000.0,1000.0,32,175,68
189484,74,3600000.0,36000.0,30,187,77
189725,74,3500000.0,43000.0,31,175,67
189946,74,3100000.0,19000.0,31,176,70
190156,74,3300000.0,850.0,32,178,72
190416,74,3000000.0,1000.0,31,187,77
190459,74,2200000.0,6000.0,31,189,87
190569,74,475000.0,4000.0,35,191,88
190653,74,4100000.0,39000.0,30,171,66
190854,74,1500000.0,32000.0,34,177,73
190982,74,4100000.0,25000.0,30,177,74
191783,74,4200000.0,23000.0,28,176,81
192073,74,4000000.0,14000.0,30,179,72
192087,74,3600000.0,33000.0,30,178,75
192371,74,1400000.0,14000.0,34,176,74
192546,74,3600000.0,23000.0,30,183,78
192557,74,3700000.0,34000.0,29,181,78
192991,74,4100000.0,63000.0,30,183,78
193091,74,2900000.0,14000.0,31,190,82
193247,74,2800000.0,10000.0,30,188,82
193338,74,4100000.0,17000.0,30,182,80
193440,74,2900000.0,20000.0,31,183,77
193470,74,3700000.0,21000.0,29,179,74
193532,74,2100000.0,25000.0,33,171,76
193738,74,3500000.0,17000.0,31,179,75
193847,74,2100000.0,6000.0,33,192,86
193849,74,4000000.0,49000.0,30,180,62
194728,74,4200000.0,40000.0,29,192,86
194911,74,725000.0,53000.0,34,190,80
194957,74,3500000.0,73000.0,29,185,71
195088,74,1400000.0,7000.0,36,180,76
195361,74,1300000.0,3000.0,35,179,78
196942,74,2100000.0,21000.0,33,178,74
197136,74,3600000.0,1000.0,31,187,80
197900,74,4100000.0,14000.0,29,188,87
198023,74,3100000.0,19000.0,31,176,75
198077,74,4100000.0,24000.0,30,179,71
198331,74,4200000.0,34000.0,29,180,71
198352,74,3500000.0,21000.0,29,192,88
198513,74,3500000.0,9000.0,29,183,78
198949,74,3700000.0,44000.0,29,178,77
199060,74,2000000.0,1000.0,33,183,77
199339,74,2100000.0,16000.0,32,186,83
199386,74,4100000.0,11000.0,30,170,64
199667,74,3500000.0,29000.0,30,186,79
199692,74,2900000.0,35000.0,31,182,74
199833,74,2800000.0,8000.0,30,198,103
199909,74,1400000.0,33000.0,33,194,92
200438,74,4100000.0,15000.0,30,174,70
200446,74,3400000.0,14000.0,32,170,70
200478,74,4100000.0,34000.0,29,185,79
200641,74,3500000.0,950.0,31,178,80
200826,74,3600000.0,14000.0,31,188,80
200875,74,2100000.0,23000.0,34,187,81
201269,74,3000000.0,20000.0,28,190,80
201343,74,2700000.0,12000.0,32,194,93
201953,74,3100000.0,11000.0,31,177,74
202061,74,3300000.0,1000.0,32,186,88
202078,74,3500000.0,8000.0,30,175,77
202697,74,4500000.0,39000.0,27,185,75
203502,74,4200000.0,47000.0,28,170,68
203505,74,4400000.0,41000.0,27,173,75
203581,74,3700000.0,17000.0,29,174,65
203604,74,3500000.0,950.0,30,185,75
203864,74,4100000.0,15000.0,28,182,77
203872,74,2000000.0,14000.0,34,168,71
204320,74,3500000.0,14000.0,31,174,71
204355,74,3500000.0,32000.0,29,183,82
204612,74,4900000.0,12000.0,26,187,77
204738,74,4100000.0,37000.0,30,175,76
204757,74,3100000.0,10000.0,31,179,69
204850,74,4900000.0,1000.0,27,174,60
205193,74,4900000.0,20000.0,26,186,84
205360,74,4300000.0,48000.0,28,178,65
205362,74,3600000.0,39000.0,28,188,83
205364,74,3100000.0,35000.0,31,184,78
205427,74,4100000.0,25000.0,30,190,78
205495,74,4300000.0,28000.0,28,185,74
205633,74,3300000.0,17000.0,32,182,76
205897,74,4700000.0,41000.0,26,185,80
205970,74,4500000.0,16000.0,27,178,70
205990,74,5500000.0,41000.0,26,175,72
206098,74,4000000.0,41000.0,28,184,72
206104,74,4200000.0,43000.0,29,190,80
206198,74,4500000.0,22000.0,27,190,89
206254,74,4100000.0,18000.0,30,180,72
206414,74,3500000.0,850.0,30,186,83
207454,74,3500000.0,1000.0,31,170,60
207555,74,4200000.0,41000.0,28,192,84
207562,74,4200000.0,27000.0,29,190,86
207624,74,4800000.0,11000.0,27,184,84
207894,74,3000000.0,20000.0,31,188,87
207920,74,3700000.0,23000.0,29,183,72
207998,74,3000000.0,53000.0,28,191,88
208137,74,5000000.0,21000.0,26,190,77
208451,74,4900000.0,28000.0,27,183,77
208535,74,4200000.0,42000.0,28,178,78
208620,74,3700000.0,17000.0,28,181,76
208622,74,4200000.0,28000.0,29,185,73
209523,74,4500000.0,1000.0,27,175,75
209620,74,4500000.0,66000.0,26,180,72
210007,74,3900000.0,15000.0,29,182,78
210423,74,5000000.0,8000.0,26,175,73
210475,74,3600000.0,21000.0,29,187,79
210722,74,3400000.0,16000.0,32,188,82
210964,74,3900000.0,22000.0,29,187,75
210972,74,4400000.0,30000.0,27,178,76
211005,74,3500000.0,31000.0,29,183,83
211061,74,4100000.0,14000.0,30,177,73
211098,74,4900000.0,37000.0,27,173,71
211099,74,4600000.0,19000.0,26,182,76
211269,74,4100000.0,50000.0,29,178,75
211381,74,4500000.0,21000.0,27,175,67
211408,74,5000000.0,35000.0,26,176,73
211567,74,3800000.0,12000.0,28,181,76
211856,74,4600000.0,26000.0,26,192,85
211999,74,4300000.0,24000.0,27,188,84
212118,74,5500000.0,24000.0,25,178,70
212406,74,4100000.0,8000.0,27,192,88
212591,74,4200000.0,8000.0,28,191,89
212755,74,4700000.0,39000.0,26,181,75
212911,74,4100000.0,24000.0,29,179,73
213446,74,3800000.0,19000.0,28,184,74
213884,74,5500000.0,30000.0,26,178,71
214026,74,3800000.0,17000.0,28,185,73
214350,74,4100000.0,14000.0,30,187,80
214436,74,4900000.0,14000.0,26,178,76
214665,74,4200000.0,16000.0,28,174,72
214971,74,4500000.0,14000.0,27,178,78
215048,74,2800000.0,900.0,30,188,82
215107,74,4600000.0,1000.0,26,172,75
215123,74,2800000.0,10000.0,30,181,76
215148,74,3100000.0,13000.0,31,170,62
215157,74,3500000.0,12000.0,30,176,73
215322,74,4400000.0,21000.0,27,179,72
215363,74,5000000.0,11000.0,25,191,82
215522,74,4600000.0,17000.0,25,184,77
215531,74,4200000.0,32000.0,28,177,75
215886,74,3400000.0,9000.0,32,186,78
216033,74,475000.0,8000.0,35,190,90
216036,74,2900000.0,12000.0,31,178,78
216054,74,2900000.0,15000.0,31,183,71
216199,74,4400000.0,20000.0,26,194,86
216385,74,3000000.0,1000.0,31,174,75
216451,74,3600000.0,43000.0,29,170,73
216627,74,4300000.0,34000.0,28,196,83
216742,74,2900000.0,13000.0,31,190,83
217648,74,4100000.0,26000.0,30,179,68
218066,74,4300000.0,43000.0,28,183,80
218154,74,4100000.0,1000.0,30,170,60
218534,74,4200000.0,30000.0,28,184,78
218540,74,3600000.0,20000.0,30,176,70
219409,74,,,26,175,70
219496,74,4200000.0,14000.0,29,198,84
219536,74,6000000.0,45000.0,25,180,74
219585,74,6000000.0,19000.0,25,187,83
219814,74,4200000.0,13000.0,26,184,76
219932,74,6500000.0,36000.0,25,181,73
220131,74,4200000.0,50000.0,29,191,86
220148,74,5000000.0,16000.0,26,191,92
220714,74,6000000.0,29000.0,25,197,80
220715,74,6500000.0,41000.0,24,180,80
220735,74,4900000.0,11000.0,27,188,92
220763,74,5000000.0,16000.0,26,174,64
220901,74,4600000.0,27000.0,25,183,75
221001,74,4200000.0,6000.0,28,187,78
221201,74,4400000.0,13000.0,27,174,72
221306,74,4100000.0,8000.0,30,162,65
221310,74,4200000.0,14000.0,28,175,67
221540,74,2900000.0,12000.0,31,187,80
221743,74,4500000.0,58000.0,27,179,77
222041,74,6500000.0,19000.0,25,183,79
222104,74,8500000.0,35000.0,23,196,78
222514,74,7000000.0,20000.0,24,190,83
222875,74,4500000.0,13000.0,26,180,73
223243,74,2700000.0,34000.0,32,187,93
223248,74,4200000.0,16000.0,29,182,75
223334,74,6000000.0,32000.0,24,186,81
223596,74,5500000.0,13000.0,26,187,80
223608,74,3500000.0,12000.0,31,181,72
224251,74,4200000.0,16000.0,26,194,96
224263,74,4800000.0,46000.0,24,176,67
224348,74,2100000.0,10000.0,32,183,76
224494,74,6000000.0,31000.0,23,170,66
224656,74,5500000.0,27000.0,24,184,82
224883,74,5500000.0,19000.0,26,190,83
224933,74,4300000.0,18000.0,28,186,80
224987,74,3900000.0,12000.0,27,192,84
225252,74,3600000.0,14000.0,29,174,68
225410,74,4400000.0,39000.0,27,191,87
225474,74,3800000.0,1000.0,28,176,75
225523,74,3800000.0,21000.0,28,180,70
225562,74,5000000.0,26000.0,26,176,72
225646,74,3600000.0,1000.0,30,174,73
225647,74,2100000.0,12000.0,32,186,70
225696,74,5000000.0,10000.0,26,177,68
225701,74,2200000.0,6000.0,31,191,79
225706,74,3800000.0,26000.0,28,175,62
225844,74,5500000.0,17000.0,25,168,64
225878,74,4600000.0,8000.0,26,179,74
225926,74,4300000.0,20000.0,28,184,72
226035,74,4600000.0,8000.0,26,183,84
226085,74,4500000.0,21000.0,26,188,82
226382,74,3500000.0,1000.0,30,173,74
226385,74,4600000.0,8000.0,26,173,73
226536,74,4000000.0,17000.0,28,191,87
226568,74,9500000.0,41000.0,22,182,72
226592,74,5500000.0,22000.0,25,180,74
226710,74,9500000.0,26000.0,22,195,85
226721,74,3600000.0,15000.0,28,179,74
226765,74,2100000.0,17000.0,34,170,70
227153,74,3800000.0,13000.0,28,180,73
227232,74,4100000.0,27000.0,30,187,77
227274,74,5000000.0,19000.0,26,179,69
227394,74,4300000.0,42000.0,28,183,80
227647,74,6000000.0,28000.0,24,180,71
227785,74,4200000.0,1000.0,28,174,78
227873,74,5000000.0,21000.0,25,183,81
228729,74,4000000.0,36000.0,28,180,84
229359,74,2900000.0,21000.0,32,175,74
229723,74,5500000.0,37000.0,25,180,68
229788,74,4000000.0,11000.0,30,183,81
229804,74,5000000.0,1000.0,26,165,65
230021,74,5500000.0,17000.0,25,184,80
230084,74,8500000.0,43000.0,22,185,80
230173,74,475000.0,15000.0,37,190,89
230191,74,2900000.0,24000.0,29,191,80
230198,74,5000000.0,9000.0,21,180,82
230199,74,3700000.0,20000.0,29,179,73
230217,74,3700000.0,30000.0,29,172,71
230227,74,4400000.0,9000.0,21,185,85
230229,74,3500000.0,30000.0,29,179,80
230230,74,3500000.0,28000.0,29,188,78
230237,74,3600000.0,12000.0,29,181,78
230239,74,4100000.0,27000.0,25,177,72
230240,74,4200000.0,14000.0,25,178,80
230245,74,2200000.0,28000.0,33,174,74
230255,74,3600000.0,12000.0,29,183,71
230274,74,4100000.0,15000.0,29,178,75
230293,74,3500000.0,24000.0,29,182,79
230320,74,3700000.0,6000.0,21,188,85
230324,74,2900000.0,19000.0,29,193,88
230326,74,3500000.0,30000.0,29,183,77
230327,74,3500000.0,30000.0,29,182,80
230339,74,3700000.0,12000.0,29,182,82
230353,74,4200000.0,27000.0,25,170,68
230361,74,4200000.0,11000.0,25,172,64
230370,74,4100000.0,32000.0,29,167,63
230381,74,4100000.0,18000.0,25,188,77
230392,74,4100000.0,32000.0,29,176,75
230417,74,4400000.0,16000.0,21,179,76
230437,74,4100000.0,20000.0,25,186,74
230449,74,4200000.0,35000.0,29,185,80
230465,74,4100000.0,14000.0,29,175,72
230468,74,4700000.0,24000.0,25,180,74
230497,74,4200000.0,16000.0,29,180,76
230507,74,4200000.0,23000.0,29,187,81
230529,74,4200000.0,12000.0,25,180,75
230829,74,8000000.0,10000.0,24,175,75
230972,74,5500000.0,9000.0,24,170,72
230978,74,6500000.0,25000.0,23,183,85
231012,74,4100000.0,1000.0,29,177,72
231077,74,3700000.0,14000.0,29,178,73
231108,74,6000000.0,12000.0,23,183,80
231113,74,6000000.0,41000.0,25,180,77
231207,74,8500000.0,12000.0,23,187,84
231236,74,6000000.0,19000.0,24,178,74
231242,74,6000000.0,44000.0,24,172,65
231247,74,8000000.0,17000.0,24,179,82
231361,74,6000000.0,17000.0,24,182,89
231436,74,9500000.0,35000.0,23,180,73
231485,74,8000000.0,60000.0,23,185,75
231524,74,6000000.0,8000.0,25,180,72
231545,74,4900000.0,8000.0,26,189,82
231640,74,6500000.0,23000.0,23,172,75
231745,74,6500000.0,16000.0,23,185,81
231777,74,8500000.0,22000.0,22,168,70
231835,74,5500000.0,20000.0,26,192,86
231838,74,6000000.0,19000.0,23,189,82
232223,74,5500000.0,62000.0,25,179,68
232244,74,6000000.0,28000.0,24,168,70
232294,74,4000000.0,14000.0,30,180,79
232709,74,5500000.0,13000.0,25,176,77
233061,74,6000000.0,18000.0,24,180,67
233113,74,6500000.0,20000.0,23,180,73
233152,74,6000000.0,64000.0,24,186,75
233265,74,6000000.0,19000.0,24,186,81
233290,74,6000000.0,33000.0,24,184,80
233791,74,7000000.0,26000.0,23,187,82
233934,74,5000000.0,36000.0,23,188,77
233965,74,6000000.0,17000.0,24,175,67
234458,74,2000000.0,12000.0,33,190,88
234505,74,8500000.0,21000.0,23,179,72
234569,74,9000000.0,8000.0,21,184,74
234573,74,5500000.0,15000.0,24,171,66
234686,74,6000000.0,21000.0,22,177,71
234725,74,6500000.0,11000.0,23,187,80
234774,74,3600000.0,14000.0,28,186,82
234827,74,8000000.0,32000.0,24,190,81
234930,74,5000000.0,9000.0,26,171,80
235026,74,9000000.0,40000.0,23,174,74
235029,74,6500000.0,34000.0,23,180,77
235042,74,2600000.0,21000.0,33,181,77
235047,74,4500000.0,9000.0,27,164,63
235454,74,5500000.0,56000.0,22,182,75
235813,74,6000000.0,26000.0,25,178,75
235866,74,6500000.0,39000.0,23,185,70
235899,74,6000000.0,28000.0,23,177,76
235970,74,6500000.0,14000.0,25,184,76
235996,74,4600000.0,16000.0,26,181,74
236007,74,7000000.0,7000.0,22,165,65
236108,74,4100000.0,27000.0,25,186,85
236295,74,5500000.0,17000.0,24,178,68
236311,74,5500000.0,26000.0,25,180,73
236457,74,5500000.0,26000.0,25,178,71
236466,74,5500000.0,950.0,24,178,65
236498,74,6000000.0,35000.0,24,191,77
236527,74,6000000.0,20000.0,24,177,77
236600,74,9000000.0,49000.0,22,180,73
236636,74,6000000.0,16000.0,24,186,74
236988,74,8500000.0,56000.0,22,175,72
237086,74,8000000.0,30000.0,24,190,81
237183,74,5500000.0,16000.0,25,186,78
237207,74,6500000.0,19000.0,23,177,78
237297,74,4800000.0,25000.0,27,189,77
237539,74,6500000.0,18000.0,23,171,60
237560,74,6500000.0,37000.0,23,177,65
237604,74,8000000.0,6000.0,24,183,77
237629,74,9500000.0,31000.0,22,186,79
237679,74,9500000.0,21000.0,22,187,73
237995,74,9500000.0,15000.0,21,168,58
237997,74,6500000.0,34000.0,23,174,59
238050,74,8500000.0,31000.0,23,174,72
238068,74,6000000.0,31000.0,23,176,74
238216,74,9500000.0,53000.0,21,182,74
238621,74,5500000.0,14000.0,25,191,79
238717,74,4000000.0,37000.0,28,194,79
238900,74,8500000.0,23000.0,23,185,80
239015,74,6500000.0,41000.0,23,175,66
239048,74,4500000.0,15000.0,27,167,68
239250,74,9500000.0,11000.0,21,182,73
239360,74,9000000.0,38000.0,21,190,79
239368,74,8000000.0,25000.0,21,185,85
239842,74,5500000.0,47000.0,26,185,84
239872,74,3900000.0,13000.0,29,188,83
239978,74,9500000.0,26000.0,22,183,82
240033,74,4200000.0,850.0,27,179,73
240037,74,5500000.0,900.0,25,165,60
240223,74,5000000.0,19000.0,25,180,79
240359,74,6000000.0,28000.0,24,188,77
240938,74,4100000.0,12000.0,30,179,70
240976,74,6000000.0,40000.0,23,172,68
241103,74,9000000.0,43000.0,21,187,78
241130,74,6500000.0,24000.0,22,179,82
241496,74,8500000.0,24000.0,21,183,66
241509,74,7000000.0,14000.0,22,171,62
241569,74,8000000.0,12000.0,23,182,76
241769,74,475000.0,500.0,35,189,86
241854,74,9000000.0,9000.0,21,191,79
241867,74,5500000.0,19000.0,25,176,75
241990,74,4200000.0,22000.0,28,166,61
242418,74,9000000.0,29000.0,20,163,62
242835,74,9000000.0,24000.0,22,187,76
243014,74,9500000.0,32000.0,21,171,75
243237,74,9000000.0,42000.0,22,178,72
243551,74,5500000.0,13000.0,25,176,69
243686,74,5500000.0,12000.0,25,174,68
243780,74,9500000.0,18000.0,20,173,68
243952,74,8000000.0,59000.0,22,192,87
244197,74,4100000.0,11000.0,29,178,72
244274,74,4500000.0,10000.0,23,194,89
244383,74,5000000.0,850.0,26,187,80
244591,74,9000000.0,17000.0,20,178,69
244700,74,,,33,187,84
244788,74,8500000.0,900.0,23,176,71
244789,74,5000000.0,1000.0,26,181,75
244791,74,4100000.0,16000.0,29,172,67
245211,74,8000000.0,10000.0,21,183,68
245275,74,6500000.0,38000.0,24,190,82
245371,74,10000000.0,10000.0,20,171,62
246045,74,10000000.0,13000.0,20,177,71
246672,74,9000000.0,17000.0,19,175,74
246748,74,8000000.0,20000.0,23,175,68
247131,74,3700000.0,24000.0,29,172,71
247181,74,9500000.0,10000.0,20,178,65
247246,74,8500000.0,18000.0,20,192,81
247832,74,6500000.0,22000.0,22,176,69
247881,74,5000000.0,42000.0,25,177,76
248148,74,9500000.0,23000.0,22,181,74
248872,74,6000000.0,36000.0,25,170,70
251217,74,6500000.0,34000.0,23,181,78
251353,74,4200000.0,1000.0,29,183,82
251892,74,8500000.0,8000.0,23,194,88
252064,74,8000000.0,800.0,22,190,86
252339,74,9000000.0,19000.0,21,190,82
252837,74,10000000.0,12000.0,20,173,68
253002,74,10500000.0,22000.0,21,172,69
253102,74,9000000.0,9000.0,18,181,72
253257,74,9000000.0,25000.0,21,180,77
253385,74,8500000.0,36000.0,23,180,88
253932,74,4200000.0,12000.0,29,178,79
254247,74,8500000.0,42000.0,23,185,78
255000,74,9500000.0,17000.0,22,188,82
255106,74,9000000.0,24000.0,21,191,89
255687,74,7500000.0,23000.0,20,190,80
256632,74,9000000.0,20000.0,19,181,74
256948,74,10000000.0,17000.0,19,179,73
257073,74,9000000.0,8000.0,19,183,73
257439,74,4100000.0,700.0,27,185,79
263286,74,3200000.0,750.0,29,188,85
263287,74,4600000.0,1000.0,27,185,73
110381,73,,10000.0,40,173,74
135190,73,1200000.0,11000.0,35,176,74
146111,73,950000.0,8000.0,36,179,75
148526,73,350000.0,4000.0,37,187,82
150477,73,350000.0,16000.0,36,189,76
150516,73,1000000.0,6000.0,36,183,88
152747,73,1400000.0,28000.0,34,165,63
152996,73,1000000.0,7000.0,34,178,73
153060,73,550000.0,8000.0,36,188,87
155946,73,1900000.0,37000.0,33,182,82
156437,73,350000.0,13000.0,36,191,84
157665,73,1000000.0,21000.0,34,190,78
157960,73,1200000.0,9000.0,35,176,75
158800,73,1000000.0,13000.0,34,186,75
159413,73,1300000.0,7000.0,35,174,64
161754,73,1000000.0,12000.0,34,187,80
161805,73,600000.0,9000.0,36,185,82
162220,73,1500000.0,14000.0,32,186,83
162297,73,350000.0,7000.0,35,191,82
163665,73,550000.0,3000.0,36,185,80
164959,73,800000.0,5000.0,35,187,87
165531,73,1400000.0,15000.0,34,177,70
166072,73,550000.0,16000.0,37,185,75
166074,73,2900000.0,16000.0,30,190,83
167532,73,1600000.0,40000.0,33,177,75
167665,73,600000.0,9000.0,36,174,70
167753,73,1900000.0,14000.0,33,177,78
169115,73,800000.0,9000.0,35,184,82
169426,73,1100000.0,15000.0,34,183,76
170797,73,2000000.0,14000.0,32,180,73
171896,73,1000000.0,31000.0,34,183,81
172018,73,800000.0,9000.0,35,185,86
173178,73,350000.0,10000.0,36,186,81
173857,73,350000.0,6000.0,37,194,86
176009,73,1900000.0,18000.0,33,176,73
176630,73,525000.0,5000.0,34,184,80
176794,73,1400000.0,8000.0,34,192,78
177273,73,1500000.0,40000.0,33,177,70
177475,73,1000000.0,16000.0,33,183,80
177553,73,925000.0,750.0,35,172,73
177644,73,525000.0,40000.0,34,190,86
177723,73,1000000.0,31000.0,33,184,79
177983,73,1000000.0,11000.0,34,188,78
178255,73,800000.0,8000.0,35,192,80
178287,73,2400000.0,39000.0,32,179,80
179560,73,2400000.0,14000.0,32,179,73
180283,73,2400000.0,6000.0,32,189,75
180739,73,350000.0,9000.0,38,185,82
180818,73,1900000.0,25000.0,33,183,74
181573,73,1900000.0,9000.0,33,181,76
182179,73,1000000.0,13000.0,34,190,90
182184,73,2000000.0,25000.0,32,185,78
182520,73,1000000.0,7000.0,33,183,80
182670,73,1500000.0,26000.0,33,178,68
182888,73,2100000.0,24000.0,31,188,83
183187,73,2400000.0,13000.0,32,179,73
183287,73,1000000.0,15000.0,34,175,71
183497,73,350000.0,13000.0,35,190,81
183540,73,2500000.0,7000.0,31,169,61
183581,73,1500000.0,32000.0,33,186,77
183666,73,350000.0,5000.0,35,192,96
184133,73,1900000.0,12000.0,33,181,78
184176,73,3000000.0,21000.0,29,180,73
185181,73,1500000.0,8000.0,32,185,78
186146,73,3000000.0,45000.0,30,185,73
186148,73,1500000.0,17000.0,32,188,81
186745,73,1000000.0,11000.0,36,165,68
186992,73,2100000.0,31000.0,32,174,73
187033,73,2500000.0,25000.0,30,194,84
187084,73,1900000.0,14000.0,33,185,79
187533,73,,,32,177,69
187702,73,2900000.0,1000.0,30,185,74
188135,73,2100000.0,12000.0,32,180,69
188166,73,2900000.0,37000.0,30,183,75
188400,73,2600000.0,27000.0,28,188,70
188879,73,2100000.0,24000.0,31,189,90
188992,73,1900000.0,1000.0,33,181,74
189059,73,2100000.0,31000.0,31,180,74
189303,73,3000000.0,1000.0,29,185,82
189410,73,2500000.0,11000.0,31,179,76
189446,73,2500000.0,30000.0,31,183,76
190034,73,2800000.0,24000.0,29,185,75
190120,73,1600000.0,13000.0,31,189,84
190199,73,2600000.0,10000.0,29,178,78
190276,73,2000000.0,8000.0,32,192,80
190520,73,2100000.0,20000.0,31,177,76
190547,73,1500000.0,14000.0,33,190,80
190549,73,2700000.0,7000.0,28,187,80
190607,73,1900000.0,8000.0,33,166,66
190633,73,2200000.0,20000.0,31,192,81
190666,73,2500000.0,20000.0,30,184,80
190761,73,2500000.0,13000.0,30,180,77
190780,73,1500000.0,6000.0,32,190,98
190782,73,2000000.0,6000.0,32,187,82
190868,73,2100000.0,700.0,31,183,86
190870,73,1000000.0,16000.0,34,185,72
190885,73,2600000.0,25000.0,30,180,78
191053,73,1900000.0,32000.0,33,177,78
191055,73,2100000.0,14000.0,32,185,74
191173,73,1400000.0,8000.0,34,178,73
191210,73,2600000.0,19000.0,30,175,67
191269,73,2500000.0,30000.0,31,181,64
191648,73,2000000.0,15000.0,32,189,79
191726,73,1500000.0,650.0,33,189,82
192227,73,2500000.0,21000.0,29,184,83
192350,73,2500000.0,34000.0,31,168,62
192445,73,3000000.0,45000.0,30,190,85
192612,73,1500000.0,13000.0,33,182,78
192647,73,2500000.0,7000.0,32,188,80
192663,73,1900000.0,22000.0,33,194,93
192922,73,1500000.0,26000.0,32,182,78
192930,73,3000000.0,8000.0,30,177,83
193011,73,2500000.0,25000.0,30,185,82
193148,73,2200000.0,15000.0,31,177,69
193336,73,1600000.0,24000.0,31,193,84
193504,73,2500000.0,34000.0,29,191,77
193512,73,2000000.0,700.0,30,187,82
193549,73,2500000.0,12000.0,30,188,80
193786,73,2100000.0,20000.0,29,188,80
193794,73,6000000.0,20000.0,23,184,87
193886,73,2500000.0,22000.0,31,180,77
194138,73,3000000.0,43000.0,30,180,78
194359,73,1100000.0,9000.0,34,170,68
194665,73,2000000.0,20000.0,32,190,83
194730,73,1000000.0,8000.0,33,186,85
194761,73,2900000.0,11000.0,30,175,72
194996,73,3100000.0,11000.0,28,188,82
195363,73,2500000.0,12000.0,29,190,88
195412,73,1500000.0,15000.0,33,184,76
195586,73,2500000.0,22000.0,32,184,80
197031,73,3300000.0,12000.0,27,188,79
197402,73,2400000.0,30000.0,32,183,89
197937,73,2000000.0,12000.0,32,193,82
198200,73,2500000.0,14000.0,30,180,82
198213,73,2600000.0,12000.0,31,188,90
198348,73,2900000.0,7000.0,30,179,71
198350,73,2800000.0,21000.0,27,188,72
198715,73,2500000.0,11000.0,32,178,73
199131,73,2600000.0,7000.0,30,176,75
199313,73,2200000.0,17000.0,31,182,72
199559,73,3000000.0,28000.0,29,186,85
199562,73,2500000.0,7000.0,30,180,75
199602,73,3000000.0,22000.0,29,185,80
199737,73,2900000.0,13000.0,30,179,77
199763,73,2800000.0,15000.0,28,183,77
199829,73,2100000.0,20000.0,31,185,81
199852,73,3000000.0,14000.0,30,190,83
199912,73,3100000.0,14000.0,28,179,76
200463,73,350000.0,4000.0,35,183,93
200469,73,2900000.0,28000.0,30,178,73
200601,73,2500000.0,10000.0,31,178,75
200752,73,2500000.0,38000.0,30,185,83
200855,73,2800000.0,22000.0,28,175,67
200984,73,2500000.0,13000.0,32,177,73
201049,73,2100000.0,32000.0,31,183,75
201073,73,2900000.0,16000.0,30,178,78
201136,73,2700000.0,18000.0,29,180,76
201145,73,2600000.0,6000.0,31,184,80
201215,73,3100000.0,1000.0,28,179,68
201285,73,2600000.0,5000.0,31,185,77
201368,73,3000000.0,29000.0,29,183,70
201884,73,,,29,176,69
201893,73,2900000.0,11000.0,30,183,74
201943,73,3100000.0,24000.0,28,193,91
201955,73,2800000.0,22000.0,28,179,76
201971,73,1200000.0,9000.0,35,173,70
202276,73,3000000.0,22000.0,30,179,70
202316,73,2500000.0,22000.0,31,186,84
202331,73,2700000.0,7000.0,28,174,75
203042,73,2400000.0,31000.0,28,196,95
203280,73,2600000.0,22000.0,31,181,75
203903,73,3300000.0,14000.0,26,185,73
204121,73,,,28,187,77
204152,73,2700000.0,22000.0,28,182,78
204240,73,2000000.0,4000.0,30,185,90
204346,73,3600000.0,11000.0,26,176,70
204370,73,3100000.0,14000.0,28,180,74
204493,73,3100000.0,12000.0,28,193,84
204497,73,3200000.0,20000.0,27,175,74
204863,73,3100000.0,20000.0,28,171,64
204883,73,3000000.0,28000.0,27,186,79
205073,73,2500000.0,22000.0,30,187,82
205119,73,2700000.0,950.0,28,179,79
205157,73,3100000.0,19000.0,27,175,69
205288,73,1600000.0,8000.0,31,185,85
205340,73,2100000.0,16000.0,31,182,74
205553,73,2100000.0,23000.0,31,186,83
205670,73,3000000.0,33000.0,30,174,78
205869,73,3200000.0,9000.0,27,173,69
205878,73,3000000.0,15000.0,27,196,88
205942,73,1500000.0,9000.0,32,189,78
205943,73,2100000.0,23000.0,31,184,75
205995,73,2900000.0,18000.0,27,177,87
206006,73,2700000.0,28000.0,29,172,63
206152,73,1400000.0,11000.0,34,178,69
206218,73,3200000.0,12000.0,27,188,82
206219,73,2800000.0,21000.0,28,180,79
206411,73,2500000.0,850.0,31,186,72
206469,73,4000000.0,23000.0,25,170,65
206518,73,4000000.0,37000.0,26,178,75
206544,73,2900000.0,18000.0,30,185,82
206577,73,3000000.0,12000.0,29,188,74
206591,73,2900000.0,32000.0,27,177,73
207440,73,3100000.0,8000.0,28,167,66
207537,73,3300000.0,40000.0,26,177,86
207593,73,3300000.0,15000.0,26,177,69
207650,73,3300000.0,28000.0,26,184,83
207676,73,3000000.0,12000.0,29,179,73
207733,73,3200000.0,18000.0,27,183,77
207924,73,2700000.0,27000.0,29,178,72
207926,73,3000000.0,5000.0,27,196,93
207952,73,3100000.0,31000.0,27,193,83
208052,73,2700000.0,22000.0,29,180,75
208054,73,3000000.0,1000.0,30,178,70
208120,73,3100000.0,9000.0,28,193,87
208144,73,3100000.0,22000.0,28,178,75
208440,73,2000000.0,12000.0,32,192,80
208449,73,2900000.0,15000.0,28,188,79
208522,73,3100000.0,31000.0,28,190,81
208822,73,3100000.0,12000.0,28,167,66
208861,73,1500000.0,15000.0,33,179,69
208892,73,2900000.0,25000.0,27,183,72
209504,73,3100000.0,22000.0,28,185,76
209529,73,3600000.0,1000.0,26,181,74
209547,73,2100000.0,20000.0,31,189,84
209618,73,2600000.0,15000.0,29,184,70
209673,73,2600000.0,17000.0,28,188,80
209888,73,3000000.0,5000.0,29,180,72
210010,73,3500000.0,14000.0,27,181,71
210259,73,3100000.0,1000.0,28,191,78
210321,73,3000000.0,9000.0,29,178,69
210358,73,2300000.0,600.0,29,187,74
210374,73,3000000.0,36000.0,29,175,70
210441,73,3000000.0,950.0,29,182,79
210489,73,4000000.0,22000.0,26,177,70
210520,73,3100000.0,19000.0,27,182,68
210556,73,3300000.0,25000.0,27,193,80
210697,73,3300000.0,33000.0,27,187,77
210802,73,3200000.0,18000.0,27,185,78
210814,73,2500000.0,16000.0,30,184,84
210828,73,3300000.0,16000.0,26,194,83
211107,73,3100000.0,10000.0,28,186,80
211361,73,3600000.0,40000.0,26,180,70
211818,73,3200000.0,24000.0,27,183,77
211844,73,3500000.0,13000.0,26,183,79
211879,73,3500000.0,22000.0,27,186,78
211927,73,3200000.0,6000.0,27,173,72
212150,73,4000000.0,34000.0,25,173,68
212183,73,2100000.0,9000.0,32,175,67
212214,73,3000000.0,19000.0,29,176,70
212225,73,2900000.0,16000.0,28,192,79
212244,73,3500000.0,20000.0,26,180,75
212267,73,3300000.0,45000.0,27,175,73
212449,73,2100000.0,6000.0,31,196,94
212456,73,1400000.0,16000.0,34,172,67
212476,73,3500000.0,8000.0,27,178,71
212478,73,3000000.0,9000.0,29,188,80
212722,73,2900000.0,37000.0,27,172,75
212772,73,2000000.0,20000.0,32,186,81
212886,73,3600000.0,25000.0,26,181,78
212888,73,3200000.0,31000.0,27,188,77
213017,73,3600000.0,57000.0,25,185,74
213063,73,4000000.0,20000.0,26,182,74
213095,73,3100000.0,9000.0,28,182,89
213272,73,3600000.0,8000.0,25,178,75
213414,73,3200000.0,36000.0,27,191,82
213536,73,3000000.0,6000.0,27,180,88
213581,73,2500000.0,11000.0,30,183,81
213597,73,3500000.0,18000.0,27,179,75
213620,73,3300000.0,8000.0,27,175,72
213750,73,3200000.0,43000.0,27,180,69
213798,73,3700000.0,34000.0,26,177,71
213868,73,3300000.0,19000.0,26,185,76
214096,73,4100000.0,21000.0,25,194,85
214111,73,1100000.0,1000.0,34,176,75
214129,73,3100000.0,18000.0,27,189,78
214207,73,2900000.0,18000.0,30,179,85
214226,73,2900000.0,12000.0,27,180,70
214369,73,2400000.0,2000.0,32,177,71
214408,73,3200000.0,24000.0,27,187,82
214434,73,3100000.0,14000.0,28,178,83
214462,73,3800000.0,11000.0,25,182,80
214497,73,3000000.0,8000.0,29,182,75
214622,73,3300000.0,23000.0,26,182,73
214680,73,2600000.0,12000.0,28,186,79
214692,73,3000000.0,25000.0,29,168,61
214770,73,1900000.0,14000.0,33,178,73
214948,73,3300000.0,12000.0,26,185,80
214955,73,2100000.0,7000.0,32,180,73
214968,73,2400000.0,18000.0,32,175,70
214986,73,2100000.0,11000.0,31,176,74
215069,73,2300000.0,11000.0,30,188,78
215076,73,3000000.0,1000.0,28,172,75
215132,73,2000000.0,9000.0,30,188,78
215245,73,3600000.0,8000.0,27,179,70
215332,73,3000000.0,14000.0,30,180,72
215368,73,3000000.0,12000.0,29,180,77
215410,73,3500000.0,15000.0,26,181,74
215553,73,2600000.0,14000.0,31,186,80
215616,73,3300000.0,25000.0,26,178,65
215651,73,3300000.0,13000.0,26,188,80
215725,73,4300000.0,19000.0,24,183,70
215871,73,3200000.0,10000.0,27,180,78
215930,73,3600000.0,31000.0,25,186,79
216067,73,2200000.0,29000.0,31,180,75
216072,73,2200000.0,14000.0,31,173,63
216175,73,2600000.0,850.0,28,186,80
216247,73,2600000.0,34000.0,28,190,78
216289,73,3200000.0,10000.0,27,175,68
216464,73,4000000.0,28000.0,26,173,71
216481,73,3500000.0,12000.0,26,199,85
216605,73,2800000.0,22000.0,28,179,70
216692,73,350000.0,6000.0,41,183,84
216701,73,1000000.0,2000.0,34,185,77
216793,73,3000000.0,1000.0,29,196,98
216813,73,2100000.0,27000.0,31,179,75
217620,73,2800000.0,17000.0,29,192,95
217714,73,3600000.0,8000.0,26,168,66
217845,73,3800000.0,18000.0,26,175,72
218311,73,3000000.0,17000.0,29,180,75
218359,73,3100000.0,5000.0,27,180,75
218746,73,4000000.0,16000.0,25,171,67
218936,73,3700000.0,9000.0,26,177,70
218981,73,2800000.0,16000.0,28,181,76
219293,73,3600000.0,30000.0,25,191,80
219728,73,2500000.0,19000.0,31,187,78
219787,73,2100000.0,18000.0,31,182,80
220165,73,3600000.0,39000.0,26,186,83
220172,73,3900000.0,9000.0,25,181,83
220348,73,2800000.0,22000.0,28,174,70
220414,73,2800000.0,23000.0,28,183,76
220475,73,4000000.0,25000.0,26,183,75
220782,73,3800000.0,11000.0,25,177,80
220854,73,4000000.0,14000.0,26,178,68
220932,73,1600000.0,700.0,31,201,96
220969,73,3800000.0,7000.0,25,176,72
221354,73,3600000.0,10000.0,25,188,85
221584,73,2800000.0,10000.0,28,188,86
221610,73,2000000.0,700.0,30,188,81
221885,73,3700000.0,20000.0,26,186,79
221909,73,3800000.0,650.0,25,191,84
221923,73,3300000.0,9000.0,26,182,80
221969,73,3000000.0,10000.0,29,180,64
222227,73,6500000.0,5000.0,23,180,76
222428,73,5500000.0,10000.0,24,190,83
222475,73,4400000.0,15000.0,25,189,79
222671,73,3000000.0,10000.0,29,181,80
222729,73,3600000.0,11000.0,27,189,83
222844,73,3400000.0,13000.0,26,188,75
222951,73,5000000.0,25000.0,24,194,81
223139,73,3700000.0,15000.0,26,173,72
223241,73,2600000.0,12000.0,30,178,73
223297,73,2800000.0,11000.0,28,177,70
223313,73,2400000.0,15000.0,32,186,76
223573,73,1500000.0,9000.0,32,190,89
223593,73,3100000.0,20000.0,28,184,86
223654,73,4400000.0,8000.0,24,174,68
223717,73,4100000.0,19000.0,25,180,75
223926,73,4600000.0,12000.0,24,175,75
223978,73,7000000.0,8000.0,23,169,66
224019,73,4000000.0,16000.0,24,178,66
224075,73,2100000.0,1000.0,31,177,76
224103,73,6000000.0,28000.0,24,171,67
224301,73,4700000.0,1000.0,24,184,78
224415,73,3200000.0,19000.0,27,175,68
224423,73,3700000.0,13000.0,25,173,70
224428,73,3600000.0,18000.0,26,182,70
224461,73,3200000.0,44000.0,27,173,72
224537,73,2500000.0,20000.0,29,188,83
224538,73,4000000.0,8000.0,26,174,64
224599,73,2000000.0,14000.0,30,191,83
224718,73,3600000.0,37000.0,26,180,71
224808,73,2800000.0,24000.0,29,189,82
224921,73,4300000.0,14000.0,24,181,73
224949,73,4800000.0,28000.0,23,174,74
225018,73,3100000.0,47000.0,28,180,78
225151,73,4000000.0,13000.0,26,178,70
225182,73,3600000.0,2000.0,25,171,73
225200,73,4800000.0,19000.0,24,178,69
225204,73,6000000.0,14000.0,24,177,74
225359,73,2400000.0,14000.0,32,186,80
225507,73,2700000.0,8000.0,28,171,70
225539,73,4700000.0,27000.0,23,187,80
225948,73,3600000.0,700.0,25,189,78
225964,73,6000000.0,12000.0,23,179,70
226129,73,3800000.0,16000.0,25,190,78
226370,73,6000000.0,11000.0,24,175,62
226378,73,2600000.0,8000.0,31,176,93
226414,73,3800000.0,20000.0,25,184,78
226436,73,4500000.0,11000.0,24,182,78
226517,73,3200000.0,13000.0,27,178,74
226539,73,3200000.0,8000.0,27,180,70
226604,73,4200000.0,11000.0,24,181,76
226861,73,3600000.0,19000.0,26,179,75
226877,73,3600000.0,9000.0,26,180,75
227227,73,3300000.0,8000.0,26,176,75
227503,73,6000000.0,23000.0,22,183,77
227706,73,4100000.0,750.0,25,180,76
227803,73,3200000.0,1000.0,27,169,67
227884,73,4800000.0,31000.0,23,175,72
227939,73,3600000.0,12000.0,26,180,88
228124,73,2500000.0,12000.0,30,187,83
228173,73,3000000.0,21000.0,30,184,77
228179,73,3300000.0,12000.0,26,183,71
228312,73,3100000.0,8000.0,28,181,82
228321,73,4200000.0,21000.0,25,172,68
228332,73,4000000.0,48000.0,23,178,64
228349,73,3700000.0,29000.0,26,187,78
228415,73,3700000.0,12000.0,26,173,70
228698,73,4000000.0,33000.0,25,182,75
228736,73,3500000.0,14000.0,23,180,77
228738,73,4000000.0,8000.0,25,171,66
228805,73,2500000.0,20000.0,29,187,80
228815,73,6000000.0,47000.0,22,180,75
228892,73,3000000.0,46000.0,29,166,60
228946,73,6000000.0,22000.0,22,185,77
229010,73,4600000.0,12000.0,24,186,82
229071,73,3000000.0,22000.0,29,188,86
229128,73,3200000.0,950.0,27,166,60
229188,73,6000000.0,9000.0,22,186,82
229221,73,3700000.0,38000.0,26,171,67
229348,73,6000000.0,33000.0,23,183,70
229406,73,3200000.0,13000.0,27,183,77
229528,73,5500000.0,750.0,25,181,76
229556,73,3600000.0,7000.0,26,182,74
229585,73,,,27,187,82
229595,73,4800000.0,16000.0,24,168,64
229631,73,4000000.0,10000.0,25,178,71
229636,73,3800000.0,25000.0,26,188,75
229667,73,2500000.0,16000.0,31,175,68
229682,73,5500000.0,18000.0,23,191,72
229683,73,3000000.0,12000.0,30,185,78
230107,73,4100000.0,28000.0,25,183,77
230147,73,3700000.0,9000.0,26,179,68
230170,73,2100000.0,11000.0,29,188,81
230175,73,2100000.0,21000.0,29,188,83
230209,73,2500000.0,11000.0,29,190,88
230215,73,3100000.0,9000.0,21,185,81
230242,73,3000000.0,30000.0,29,169,69
230246,73,1600000.0,26000.0,33,173,74
230254,73,3100000.0,20000.0,25,177,76
230259,73,3000000.0,20000.0,25,183,80
230276,73,3600000.0,16000.0,21,183,77
230282,73,1500000.0,26000.0,33,179,77
230286,73,2600000.0,27000.0,29,185,82
230333,73,3100000.0,11000.0,25,177,69
230344,73,2700000.0,14000.0,29,179,77
230358,73,3100000.0,11000.0,25,175,71
230364,73,3600000.0,17000.0,21,170,70
230366,73,3100000.0,19000.0,25,177,73
230397,73,550000.0,15000.0,37,181,79
230408,73,3000000.0,22000.0,29,177,72
230411,73,3000000.0,15000.0,29,181,72
230424,73,2600000.0,20000.0,29,183,78
230432,73,3400000.0,30000.0,25,178,75
230435,73,3200000.0,9000.0,21,177,72
230436,73,3600000.0,19000.0,21,190,88
230445,73,3600000.0,12000.0,21,179,77
230446,73,3200000.0,8000.0,21,182,73
230456,73,1900000.0,31000.0,33,175,75
230462,73,3400000.0,15000.0,25,169,67
230482,73,3400000.0,22000.0,25,169,66
230487,73,3400000.0,19000.0,25,175,75
230488,73,3400000.0,11000.0,25,183,79
230493,73,3000000.0,32000.0,29,175,73
230578,73,4400000.0,20000.0,24,189,78
230850,73,2700000.0,13000.0,28,178,77
230855,73,2800000.0,18000.0,27,189,85
230918,73,5500000.0,43000.0,21,191,84
231044,73,4600000.0,34000.0,24,183,76
231095,73,2100000.0,14000.0,32,178,75
231235,73,3900000.0,12000.0,23,180,78
231292,73,6000000.0,24000.0,23,178,70
231445,73,7000000.0,31000.0,22,184,75
231493,73,,,27,173,70
231685,73,4300000.0,16000.0,23,177,80
231864,73,4900000.0,17000.0,21,170,62
232008,73,4500000.0,20000.0,23,171,64
232226,73,1000000.0,650.0,33,197,85
232270,73,6000000.0,28000.0,23,185,80
232437,73,3500000.0,18000.0,26,178,73
232610,73,3300000.0,20000.0,26,173,71
232646,73,6000000.0,6000.0,24,170,69
232805,73,3500000.0,20000.0,26,186,76
233084,73,6500000.0,11000.0,23,175,70
233138,73,1900000.0,12000.0,33,177,72
233260,73,7000000.0,34000.0,23,173,77
233478,73,3500000.0,35000.0,27,178,76
233585,73,7000000.0,6000.0,22,178,70
233670,73,2600000.0,6000.0,28,183,75
233767,73,4400000.0,12000.0,22,175,66
233982,73,3300000.0,9000.0,21,175,70
233984,73,3100000.0,8000.0,21,183,77
234100,73,3800000.0,6000.0,24,171,70
234112,73,6500000.0,650.0,22,166,71
234122,73,3400000.0,7000.0,25,181,70
234575,73,6500000.0,9000.0,22,188,73
234577,73,6500000.0,5000.0,21,187,81
234701,73,4800000.0,750.0,23,175,76
234728,73,4300000.0,19000.0,23,181,72
234741,73,6000000.0,17000.0,24,169,61
234819,73,3600000.0,14000.0,26,180,72
234857,73,6000000.0,29000.0,22,175,74
234870,73,2500000.0,13000.0,31,166,56
234935,73,2200000.0,9000.0,31,180,77
234986,73,4400000.0,28000.0,22,186,79
235036,73,5500000.0,16000.0,23,187,82
235055,73,2800000.0,23000.0,28,180,76
235088,73,3700000.0,9000.0,26,174,70
235167,73,5500000.0,28000.0,23,184,79
235176,73,2500000.0,12000.0,31,177,73
235290,73,4000000.0,22000.0,25,187,85
235407,73,6000000.0,19000.0,23,180,74
235456,73,6500000.0,17000.0,23,172,70
235522,73,4400000.0,20000.0,25,171,61
235526,73,6000000.0,23000.0,23,173,67
235658,73,6500000.0,32000.0,22,185,78
235663,73,4800000.0,35000.0,23,186,78
235781,73,4400000.0,13000.0,24,184,75
235888,73,4400000.0,15000.0,23,185,76
236075,73,3100000.0,19000.0,25,187,76
236076,73,2700000.0,11000.0,29,180,75
236109,73,2500000.0,27000.0,29,180,74
236142,73,3000000.0,23000.0,25,191,90
236190,73,2900000.0,12000.0,25,187,83
236246,73,6000000.0,20000.0,23,188,74
236331,73,4000000.0,20000.0,26,186,75
236454,73,4300000.0,15000.0,24,175,64
236515,73,6000000.0,7000.0,23,186,75
236518,73,4600000.0,21000.0,23,170,69
236524,73,6500000.0,6000.0,22,192,84
236537,73,6000000.0,11000.0,22,174,65
236556,73,6500000.0,15000.0,23,181,77
236624,73,4800000.0,19000.0,23,189,82
236690,73,2500000.0,17000.0,30,190,93
236703,73,6000000.0,20000.0,23,180,75
236822,73,6500000.0,21000.0,22,181,72
236935,73,4900000.0,19000.0,22,179,69
236947,73,6500000.0,25000.0,23,191,80
237000,73,6500000.0,10000.0,23,180,75
237109,73,3000000.0,900.0,29,175,71
237122,73,3700000.0,11000.0,25,173,70
237131,73,4300000.0,17000.0,25,171,61
237223,73,3200000.0,8000.0,27,185,84
237419,73,2400000.0,6000.0,28,186,80
237496,73,4400000.0,7000.0,22,178,69
237525,73,3900000.0,8000.0,23,186,80
237532,73,2800000.0,1000.0,28,176,73
237595,73,4200000.0,9000.0,23,187,82
237715,73,4700000.0,51000.0,23,183,79
237985,73,4400000.0,18000.0,22,190,87
238126,73,4000000.0,24000.0,26,179,64
238194,73,7000000.0,71000.0,22,176,64
238332,73,4100000.0,16000.0,25,180,88
238660,73,3200000.0,32000.0,27,185,72
238856,73,3500000.0,7000.0,27,185,81
238988,73,3900000.0,21000.0,25,180,65
239025,73,7000000.0,15000.0,22,187,73
239045,73,3300000.0,40000.0,26,174,68
239342,73,3700000.0,8000.0,24,186,81
239356,73,5500000.0,16000.0,23,173,72
239452,73,6000000.0,31000.0,22,179,68
239704,73,3800000.0,6000.0,24,182,78
239712,73,4000000.0,19000.0,25,177,62
239744,73,7000000.0,35000.0,21,181,74
239808,73,4000000.0,750.0,24,178,72
239970,73,6500000.0,26000.0,20,177,77
240064,73,3800000.0,1000.0,25,192,84
240190,73,4000000.0,1000.0,25,180,79
240265,73,4000000.0,1000.0,26,187,86
240452,73,4400000.0,14000.0,24,185,82
240744,73,4900000.0,14000.0,22,179,78
240926,73,4400000.0,52000.0,24,190,84
240953,73,4200000.0,11000.0,25,181,70
241117,73,4000000.0,9000.0,25,185,80
241159,73,6000000.0,26000.0,20,185,75
241390,73,7000000.0,31000.0,21,184,74
241463,73,4000000.0,23000.0,25,184,76
241775,73,2800000.0,10000.0,29,192,80
241821,73,6000000.0,15000.0,23,188,76
241856,73,6500000.0,19000.0,22,178,75
241925,73,4800000.0,19000.0,23,178,69
241928,73,7000000.0,40000.0,21,183,73
241937,73,5500000.0,8000.0,23,182,76
241981,73,3200000.0,10000.0,27,177,69
242000,73,6500000.0,42000.0,23,194,89
242087,73,3600000.0,6000.0,26,177,72
242287,73,6000000.0,10000.0,22,177,75
242434,73,7500000.0,49000.0,20,185,75
242641,73,6500000.0,35000.0,20,179,70
242969,73,3800000.0,7000.0,25,192,83
243001,73,4800000.0,35000.0,23,178,76
243315,73,4900000.0,21000.0,22,178,69
243593,73,6000000.0,14000.0,22,171,59
243661,73,3700000.0,19000.0,25,191,82
243976,73,3500000.0,15000.0,26,194,82
243993,73,1500000.0,10000.0,34,190,79
244391,73,4700000.0,38000.0,24,178,72
244426,73,7000000.0,750.0,23,173,70
244675,73,7000000.0,17000.0,21,188,72
244727,73,2600000.0,22000.0,31,189,95
244863,73,4900000.0,6000.0,22,170,68
244950,73,3100000.0,12000.0,27,185,81
245132,73,6500000.0,650.0,22,187,77
245228,73,7000000.0,19000.0,22,186,81
245278,73,6500000.0,7000.0,20,187,77
245535,73,3400000.0,19000.0,26,176,70
245538,73,4000000.0,43000.0,26,170,63
245598,73,4300000.0,18000.0,25,185,73
245703,73,6500000.0,21000.0,21,193,85
245850,73,2400000.0,850.0,32,186,80
246174,73,7000000.0,29000.0,18,170,64
246352,73,6500000.0,17000.0,21,178,62
246419,73,6500000.0,10000.0,19,172,63
246423,73,7000000.0,11000.0,21,177,66
246762,73,7000000.0,18000.0,21,173,67
246764,73,6500000.0,14000.0,21,169,65
246870,73,4200000.0,11000.0,25,175,74
246875,73,6000000.0,23000.0,20,191,79
246914,73,3800000.0,12000.0,25,176,75
247019,73,4400000.0,12000.0,24,192,78
247045,73,3000000.0,1000.0,29,170,67
247090,73,6500000.0,10000.0,20,180,77
247150,73,6500000.0,11000.0,22,175,74
247377,73,7500000.0,650.0,21,168,57
247450,73,4600000.0,12000.0,24,179,74
247819,73,6500000.0,14000.0,21,191,86
247827,73,7000000.0,22000.0,19,184,68
248386,73,7000000.0,6000.0,21,178,68
248820,73,6500000.0,25000.0,21,173,67
248854,73,4000000.0,17000.0,23,187,76
251132,73,2700000.0,1000.0,28,171,70
251570,73,7000000.0,9000.0,17,176,71
251616,73,6500000.0,8000.0,21,196,89
251681,73,3500000.0,9000.0,27,184,71
251756,73,7000000.0,16000.0,23,189,75
251810,73,7500000.0,31000.0,19,180,78
251847,73,3500000.0,20000.0,26,178,71
251886,73,4400000.0,10000.0,23,180,77
252017,73,6000000.0,16000.0,20,188,80
252086,73,3200000.0,20000.0,27,178,72
252238,73,7000000.0,4000.0,18,167,63
252327,73,6500000.0,23000.0,20,171,66
252590,73,6500000.0,20000.0,20,190,78
252935,73,7000000.0,30000.0,22,166,66
253149,73,6500000.0,23000.0,20,171,63
253293,73,7000000.0,1000.0,22,174,68
253444,73,6500000.0,33000.0,19,175,78
253537,73,6000000.0,850.0,22,171,60
255420,73,4100000.0,25000.0,25,192,89
255523,73,4600000.0,19000.0,22,176,74
255565,73,4600000.0,40000.0,24,178,71
256612,73,7000000.0,9000.0,21,183,80
257821,73,4600000.0,26000.0,24,176,68
257889,73,4200000.0,600.0,24,181,78
258390,73,3800000.0,25000.0,25,195,93
258602,73,4900000.0,18000.0,22,183,72
258826,73,7000000.0,3000.0,18,179,68
259233,73,7000000.0,17000.0,18,185,73
259377,73,6500000.0,8000.0,18,172,60
259816,73,7500000.0,31000.0,20,188,74
262595,73,3200000.0,30000.0,27,172,64
263288,73,3100000.0,1000.0,28,174,63
263893,73,2900000.0,18000.0,30,171,69
264348,73,4000000.0,1000.0,25,181,76
125871,72,1700000.0,23000.0,31,183,75
134779,72,1000000.0,15000.0,35,181,84
139860,72,425000.0,9000.0,37,172,71
142962,72,250000.0,6000.0,39,189,87
143699,72,525000.0,7000.0,36,175,75
143809,72,2300000.0,13000.0,29,180,72
144429,72,725000.0,3000.0,35,181,82
149258,72,250000.0,25000.0,38,188,83
152997,72,800000.0,11000.0,37,177,70
155871,72,750000.0,9000.0,33,194,86
155887,72,1200000.0,6000.0,33,188,79
156483,72,250000.0,4000.0,43,182,74
158856,72,950000.0,9000.0,35,189,81
163050,72,1000000.0,17000.0,35,175,70
164459,72,750000.0,5000.0,36,178,70
165429,72,1100000.0,14000.0,34,179,80
167435,72,400000.0,10000.0,34,183,76
167524,72,1100000.0,14000.0,33,182,76
168354,72,250000.0,6000.0,35,195,90
169214,72,1900000.0,24000.0,32,178,70
169216,72,1100000.0,38000.0,34,178,70
171018,72,800000.0,13000.0,34,188,80
172316,72,850000.0,17000.0,34,177,74
172553,72,1200000.0,15000.0,32,195,89
172685,72,750000.0,950.0,34,185,78
176285,72,1500000.0,38000.0,32,190,87
176619,72,1000000.0,3000.0,35,186,78
176994,72,400000.0,4000.0,34,182,82
177299,72,250000.0,500.0,35,184,83
177448,72,800000.0,4000.0,34,184,77
177896,72,1900000.0,21000.0,32,187,78
178051,72,1600000.0,4000.0,32,188,82
178614,72,1100000.0,950.0,33,183,83
178628,72,1900000.0,13000.0,31,172,67
179516,72,1500000.0,19000.0,33,180,80
179551,72,2000000.0,7000.0,31,184,81
179565,72,2000000.0,12000.0,31,175,76
180706,72,1500000.0,32000.0,32,190,83
181236,72,1900000.0,11000.0,32,180,75
181404,72,1100000.0,6000.0,33,189,84
182133,72,750000.0,23000.0,34,189,80
182212,72,1500000.0,21000.0,33,187,84
182632,72,1400000.0,11000.0,33,175,67
182859,72,450000.0,600.0,36,168,65
183254,72,425000.0,8000.0,36,186,85
183280,72,625000.0,9000.0,35,190,90
183346,72,1600000.0,10000.0,32,183,80
183491,72,1600000.0,29000.0,31,191,85
183632,72,800000.0,16000.0,34,182,78
183774,72,1600000.0,19000.0,31,188,78
183916,72,1600000.0,21000.0,32,173,73
184035,72,1700000.0,14000.0,31,174,74
184089,72,1900000.0,13000.0,32,175,68
184183,72,1900000.0,11000.0,30,188,91
184290,72,1900000.0,9000.0,32,196,89
184436,72,1200000.0,18000.0,31,189,88
184626,72,625000.0,6000.0,35,185,82
184749,72,1900000.0,35000.0,31,183,79
185144,72,1900000.0,4000.0,32,184,73
185172,72,1200000.0,21000.0,31,190,79
186115,72,1700000.0,6000.0,31,179,70
186132,72,1900000.0,58000.0,31,178,80
186140,72,2300000.0,750.0,29,185,77
186158,72,1900000.0,27000.0,30,194,94
186307,72,1900000.0,9000.0,31,178,75
186405,72,1900000.0,12000.0,32,193,88
186935,72,1200000.0,5000.0,33,185,79
186990,72,1600000.0,23000.0,30,182,77
187043,72,2200000.0,14000.0,30,182,78
187205,72,850000.0,28000.0,34,172,67
187298,72,1600000.0,14000.0,31,184,79
187517,72,1500000.0,26000.0,32,192,83
187858,72,2300000.0,14000.0,29,180,79
188091,72,2400000.0,28000.0,28,175,79
188270,72,1500000.0,4000.0,32,188,84
188537,72,,,30,181,71
189043,72,1600000.0,16000.0,32,178,70
189061,72,1200000.0,13000.0,31,187,78
189157,72,1900000.0,11000.0,32,185,84
189342,72,1200000.0,32000.0,31,194,85
189388,72,1700000.0,6000.0,31,188,79
189462,72,1900000.0,21000.0,31,173,70
189468,72,1500000.0,11000.0,33,177,78
189508,72,1100000.0,7000.0,34,175,75
189561,72,2300000.0,20000.0,30,186,86
189576,72,2400000.0,18000.0,28,181,68
189680,72,2000000.0,17000.0,30,172,74
189945,72,1900000.0,7000.0,31,177,72
190507,72,1100000.0,8000.0,33,186,78
190535,72,1800000.0,8000.0,32,182,68
190593,72,2300000.0,25000.0,30,182,75
190640,72,2000000.0,9000.0,30,186,82
190738,72,2500000.0,19000.0,27,187,82
190915,72,1500000.0,17000.0,33,185,83
190919,72,1500000.0,7000.0,33,175,74
190971,72,650000.0,4000.0,35,180,70
191058,72,850000.0,12000.0,34,177,69
191083,72,2000000.0,13000.0,31,190,78
192102,72,1700000.0,18000.0,31,173,63
192156,72,1700000.0,7000.0,31,177,69
192241,72,2000000.0,7000.0,30,176,79
192317,72,1900000.0,31000.0,28,188,80
192373,72,1900000.0,14000.0,32,187,92
192495,72,2300000.0,31000.0,29,185,67
192537,72,2300000.0,14000.0,29,178,68
192565,72,2300000.0,20000.0,29,179,72
192587,72,2200000.0,13000.0,30,184,73
192622,72,2000000.0,35000.0,29,193,76
192725,72,1600000.0,15000.0,31,185,78
193062,72,2300000.0,13000.0,30,186,82
193185,72,2000000.0,11000.0,30,189,75
193186,72,1200000.0,12000.0,31,191,85
193277,72,1200000.0,12000.0,31,183,81
193337,72,2200000.0,28000.0,30,177,72
193461,72,1900000.0,13000.0,31,170,68
193485,72,1900000.0,600.0,31,170,70
193584,72,1900000.0,15000.0,32,187,80
193844,72,1900000.0,9000.0,31,169,60
193860,72,1900000.0,21000.0,31,180,73
193870,72,750000.0,5000.0,33,192,84
193884,72,2200000.0,21000.0,30,188,74
194020,72,2000000.0,30000.0,29,182,78
194053,72,1900000.0,11000.0,30,196,91
194063,72,2000000.0,6000.0,30,189,79
194354,72,1700000.0,900.0,31,178,71
194415,72,1500000.0,950.0,33,165,62
194781,72,1200000.0,7000.0,31,193,88
194947,72,1100000.0,10000.0,33,195,93
195620,72,1500000.0,3000.0,33,169,70
195671,72,2000000.0,15000.0,31,188,84
196801,72,1500000.0,17000.0,32,186,80
196916,72,2000000.0,22000.0,30,188,76
196934,72,2300000.0,30000.0,28,180,75
196952,72,2100000.0,20000.0,28,183,80
197231,72,2400000.0,25000.0,28,185,85
197688,72,2000000.0,20000.0,30,179,75
197786,72,1700000.0,4000.0,31,178,76
197813,72,1900000.0,29000.0,31,184,76
198019,72,2300000.0,8000.0,30,186,86
198128,72,2300000.0,950.0,30,177,72
198145,72,2300000.0,1000.0,29,180,76
198240,72,1600000.0,8000.0,32,180,74
198355,72,250000.0,3000.0,35,188,86
198455,72,1700000.0,4000.0,31,182,75
198553,72,1700000.0,16000.0,31,175,75
198599,72,2100000.0,6000.0,29,177,72
198970,72,1900000.0,6000.0,30,188,83
199000,72,2000000.0,11000.0,29,183,76
199027,72,2400000.0,19000.0,27,180,67
199183,72,1900000.0,9000.0,31,176,72
199231,72,1700000.0,8000.0,31,177,72
199244,72,1600000.0,750.0,31,189,85
199274,72,2000000.0,14000.0,31,182,75
199288,72,650000.0,12000.0,35,185,80
199387,72,1500000.0,8000.0,33,185,80
199412,72,2300000.0,25000.0,29,182,73
199419,72,1900000.0,6000.0,31,172,70
199422,72,2200000.0,8000.0,30,169,66
199439,72,2500000.0,19000.0,27,193,91
199568,72,1600000.0,7000.0,29,178,84
199689,72,2300000.0,12000.0,30,180,78
199729,72,1900000.0,7000.0,31,177,73
199779,72,2200000.0,17000.0,28,190,84
199781,72,1700000.0,6000.0,31,178,72
199890,72,2300000.0,8000.0,27,174,73
199897,72,1600000.0,18000.0,31,181,79
199904,72,,,28,197,89
200108,72,2100000.0,15000.0,29,186,75
200212,72,750000.0,13000.0,33,198,97
200408,72,2200000.0,23000.0,28,185,78
200429,72,3100000.0,18000.0,26,172,67
200607,72,1600000.0,9000.0,31,188,77
200713,72,2200000.0,25000.0,30,180,72
200746,72,2700000.0,35000.0,27,181,74
201043,72,2200000.0,6000.0,30,174,72
201093,72,2700000.0,21000.0,27,183,65
201122,72,2200000.0,23000.0,28,184,86
201223,72,2000000.0,12000.0,29,179,70
201447,72,2300000.0,7000.0,28,178,75
201818,72,2400000.0,12000.0,28,171,66
201878,72,2300000.0,12000.0,29,181,73
201887,72,2400000.0,26000.0,28,174,67
202088,72,2400000.0,18000.0,28,179,79
202107,72,1600000.0,6000.0,31,183,77
202135,72,2300000.0,13000.0,28,181,80
202151,72,2300000.0,21000.0,27,178,72
202873,72,1600000.0,13000.0,30,190,90
202994,72,1900000.0,9000.0,31,182,73
203024,72,800000.0,4000.0,34,173,71
203431,72,2400000.0,9000.0,28,177,78
203751,72,2100000.0,29000.0,28,183,73
203796,72,2200000.0,10000.0,30,175,64
203889,72,1100000.0,15000.0,34,179,75
204030,72,2500000.0,10000.0,27,173,70
204092,72,1800000.0,5000.0,30,193,88
204193,72,2300000.0,19000.0,28,181,72
204233,72,3200000.0,51000.0,24,173,66
204334,72,1600000.0,14000.0,29,190,88
204387,72,2200000.0,10000.0,30,183,73
204401,72,2000000.0,7000.0,30,169,62
204496,72,2400000.0,23000.0,28,192,88
204513,72,2000000.0,5000.0,28,186,85
204523,72,2300000.0,10000.0,28,181,69
204526,72,2400000.0,9000.0,28,174,67
204542,72,1900000.0,39000.0,31,173,68
204555,72,1400000.0,11000.0,33,188,82
204771,72,1900000.0,39000.0,31,173,66
204830,72,2600000.0,14000.0,26,180,69
205081,72,2000000.0,10000.0,31,179,80
205212,72,1500000.0,10000.0,33,170,63
205215,72,1500000.0,11000.0,32,189,80
205365,72,1900000.0,900.0,31,180,80
205401,72,2400000.0,9000.0,28,174,74
205478,72,2400000.0,850.0,28,190,85
205551,72,2100000.0,7000.0,28,175,78
205585,72,2100000.0,6000.0,28,170,69
205594,72,2300000.0,16000.0,29,188,83
205601,72,2300000.0,17000.0,29,165,65
205726,72,2300000.0,23000.0,28,175,66
205756,72,2400000.0,21000.0,28,188,82
205934,72,2700000.0,13000.0,26,180,74
205985,72,2300000.0,18000.0,29,189,82
206085,72,2800000.0,27000.0,26,179,74
206171,72,1600000.0,6000.0,32,180,72
206222,72,1900000.0,13000.0,30,181,78
206463,72,3100000.0,17000.0,25,176,70
206506,72,2200000.0,14000.0,30,174,71
206529,72,2500000.0,900.0,27,180,77
206606,72,2400000.0,13000.0,28,195,89
206662,72,1600000.0,6000.0,31,193,84
207516,72,2400000.0,6000.0,28,179,75
207722,72,1100000.0,9000.0,34,183,83
207876,72,2100000.0,7000.0,28,177,75
207897,72,2000000.0,9000.0,29,185,81
207928,72,2400000.0,36000.0,28,189,88
207960,72,2500000.0,8000.0,27,173,72
207984,72,2700000.0,31000.0,26,175,79
208159,72,2600000.0,17000.0,26,190,86
208260,72,2500000.0,600.0,27,181,74
208277,72,1900000.0,3000.0,31,183,67
208335,72,2100000.0,18000.0,28,182,74
208459,72,2100000.0,21000.0,28,194,90
209063,72,2000000.0,11000.0,29,188,77
209485,72,2300000.0,18000.0,28,186,84
209780,72,3400000.0,11000.0,24,180,67
209839,72,2400000.0,8000.0,28,188,73
209937,72,1700000.0,15000.0,31,178,74
209990,72,2000000.0,16000.0,28,194,90
210021,72,2900000.0,7000.0,26,173,71
210313,72,3100000.0,1000.0,26,174,70
210320,72,2500000.0,20000.0,26,188,70
210377,72,2400000.0,9000.0,28,177,69
210386,72,2800000.0,18000.0,26,185,72
210450,72,2400000.0,12000.0,27,188,84
210533,72,2100000.0,9000.0,28,183,83
210831,72,2700000.0,14000.0,27,175,68
210868,72,1200000.0,19000.0,33,180,69
210985,72,2500000.0,19000.0,26,176,75
211009,72,2700000.0,27000.0,27,188,76
211302,72,2000000.0,14000.0,31,178,69
211354,72,2700000.0,33000.0,26,184,80
211385,72,2300000.0,32000.0,27,168,67
211461,72,2700000.0,11000.0,27,188,83
211527,72,2300000.0,10000.0,29,176,71
211592,72,,,32,190,86
211626,72,2300000.0,8000.0,29,174,72
211672,72,2800000.0,31000.0,26,183,66
211826,72,1600000.0,18000.0,31,187,86
211891,72,2300000.0,22000.0,29,178,81
212023,72,2300000.0,7000.0,30,188,82
212035,72,2400000.0,18000.0,28,173,71
212045,72,2700000.0,750.0,26,184,80
212100,72,4500000.0,16000.0,24,175,74
212107,72,1100000.0,12000.0,34,191,86
212196,72,2800000.0,21000.0,26,171,64
212205,72,2800000.0,11000.0,26,178,74
212226,72,1400000.0,12000.0,33,174,74
212230,72,2600000.0,11000.0,26,175,66
212321,72,2500000.0,10000.0,26,186,76
212607,72,1600000.0,6000.0,31,186,84
212618,72,2300000.0,8000.0,29,188,87
212778,72,2000000.0,5000.0,29,188,81
213114,72,2400000.0,10000.0,28,175,70
213134,72,2800000.0,20000.0,25,184,79
213302,72,2500000.0,7000.0,27,170,64
213439,72,2300000.0,7000.0,29,175,73
213530,72,2400000.0,11000.0,27,180,79
213573,72,2200000.0,9000.0,26,187,83
213582,72,2500000.0,9000.0,27,183,77
213697,72,3100000.0,19000.0,26,183,72
213711,72,2300000.0,11000.0,28,170,80
213732,72,2100000.0,26000.0,27,190,85
213746,72,1900000.0,6000.0,31,180,70
213813,72,2700000.0,6000.0,27,180,74
213815,72,2900000.0,13000.0,26,188,86
213846,72,750000.0,4000.0,34,179,75
213871,72,2700000.0,11000.0,27,186,73
213938,72,2600000.0,12000.0,26,182,72
214006,72,2300000.0,2000.0,29,172,67
214196,72,750000.0,850.0,34,182,75
214302,72,2700000.0,14000.0,27,171,64
214421,72,1900000.0,3000.0,31,178,70
214515,72,525000.0,2000.0,36,175,79
214937,72,2500000.0,10000.0,26,180,75
214973,72,2300000.0,700.0,29,171,65
214983,72,400000.0,9000.0,34,190,88
215010,72,2000000.0,11000.0,29,180,75
215018,72,1900000.0,13000.0,31,176,79
215050,72,750000.0,12000.0,34,186,79
215062,72,1500000.0,17000.0,33,186,75
215079,72,950000.0,9000.0,35,179,75
215089,72,800000.0,10000.0,34,184,86
215144,72,2000000.0,900.0,30,182,81
215162,72,750000.0,10000.0,34,192,86
215331,72,2000000.0,10000.0,30,183,80
215437,72,2500000.0,19000.0,27,175,70
215565,72,2800000.0,51000.0,25,193,84
215569,72,2200000.0,18000.0,28,186,81
215604,72,2300000.0,16000.0,27,180,75
215665,72,2000000.0,10000.0,30,178,70
215703,72,3100000.0,650.0,25,182,80
215965,72,3100000.0,16000.0,25,187,90
216019,72,800000.0,850.0,34,182,80
216229,72,950000.0,5000.0,35,182,75
216275,72,2300000.0,12000.0,27,172,68
216325,72,2600000.0,17000.0,25,196,77
216334,72,2900000.0,15000.0,26,180,72
216351,72,2200000.0,16000.0,30,180,73
216391,72,2800000.0,9000.0,26,170,70
216682,72,2300000.0,850.0,30,170,65
216749,72,2500000.0,12000.0,27,173,63
217168,72,2500000.0,10000.0,27,176,74
217605,72,2500000.0,15000.0,27,188,85
217731,72,3100000.0,10000.0,25,175,71
217805,72,2000000.0,2000.0,28,185,79
217826,72,2800000.0,19000.0,26,188,76
217998,72,2800000.0,7000.0,26,178,78
218744,72,3100000.0,1000.0,25,175,73
219167,72,1500000.0,14000.0,32,189,86
219411,72,2400000.0,18000.0,28,171,75
219571,72,2700000.0,16000.0,27,183,77
219637,72,2700000.0,7000.0,26,189,82
219680,72,2500000.0,13000.0,27,195,81
219688,72,1900000.0,19000.0,30,190,84
219754,72,2200000.0,6000.0,26,191,88
219793,72,2600000.0,7000.0,25,189,88
219984,72,2800000.0,15000.0,26,180,69
220048,72,2400000.0,650.0,25,193,77
220528,72,3600000.0,21000.0,24,177,76
220739,72,2700000.0,850.0,27,170,66
220785,72,2500000.0,1000.0,27,188,81
220815,72,3100000.0,9000.0,26,180,76
220968,72,3100000.0,11000.0,25,184,83
221120,72,2900000.0,7000.0,26,188,75
221250,72,2100000.0,11000.0,28,173,71
221282,72,3200000.0,21000.0,25,178,62
221370,72,2100000.0,25000.0,28,173,61
221488,72,2000000.0,6000.0,30,185,82
221564,72,3700000.0,7000.0,24,176,70
221600,72,3000000.0,29000.0,24,185,83
221740,72,2900000.0,27000.0,26,184,84
221753,72,2400000.0,16000.0,27,185,75
221797,72,2600000.0,19000.0,26,175,71
221860,72,2800000.0,16000.0,26,173,71
221890,72,2500000.0,19000.0,27,182,78
221908,72,3400000.0,6000.0,24,178,75
221912,72,2200000.0,5000.0,26,185,78
221944,72,2900000.0,19000.0,26,176,71
222022,72,2500000.0,12000.0,27,176,72
222204,72,1900000.0,12000.0,31,173,70
222411,72,2400000.0,5000.0,25,187,86
222457,72,3100000.0,11000.0,26,180,65
222464,72,3000000.0,10000.0,24,184,75
222521,72,2000000.0,17000.0,28,193,92
222546,72,2000000.0,9000.0,27,185,78
222553,72,2000000.0,16000.0,30,189,85
222734,72,2500000.0,6000.0,27,176,62
222836,72,3200000.0,19000.0,23,175,69
222982,72,2700000.0,3000.0,24,184,78
222987,72,2000000.0,7000.0,30,173,72
223017,72,2300000.0,26000.0,29,175,70
223033,72,3200000.0,15000.0,24,182,78
223072,72,1900000.0,850.0,30,180,83
223097,72,3200000.0,9000.0,24,170,69
223136,72,2400000.0,12000.0,28,171,68
223138,72,2600000.0,6000.0,26,185,79
223159,72,3100000.0,12000.0,25,195,74
223206,72,2400000.0,18000.0,28,169,70
223231,72,2600000.0,14000.0,26,185,71
223247,72,1800000.0,9000.0,32,170,73
223284,72,1500000.0,6000.0,32,182,77
223495,72,2400000.0,8000.0,27,183,75
223641,72,2900000.0,11000.0,25,190,89
223652,72,2900000.0,20000.0,26,179,68
223682,72,1600000.0,900.0,32,175,70
223756,72,3100000.0,11000.0,26,186,80
223877,72,3200000.0,26000.0,25,183,75
223994,72,2300000.0,5000.0,29,188,81
224013,72,3400000.0,30000.0,24,175,66
224104,72,1700000.0,12000.0,31,177,71
224271,72,2400000.0,22000.0,28,181,69
224368,72,2600000.0,18000.0,26,173,68
224438,72,3400000.0,6000.0,24,191,77
224508,72,2300000.0,35000.0,29,182,77
224756,72,3300000.0,5000.0,24,179,74
224763,72,4900000.0,9000.0,23,194,78
224841,72,3100000.0,12000.0,24,182,84
224885,72,1700000.0,12000.0,31,180,79
224967,72,2700000.0,18000.0,27,184,84
224980,72,2500000.0,16000.0,26,182,80
225149,72,2500000.0,11000.0,26,188,70
225456,72,2700000.0,9000.0,27,178,70
225478,72,2500000.0,8000.0,27,189,85
225555,72,2100000.0,13000.0,28,176,83
225614,72,3700000.0,25000.0,23,173,67
225668,72,3700000.0,29000.0,23,182,70
225669,72,2800000.0,18000.0,26,189,78
226012,72,3000000.0,18000.0,25,173,72
226086,72,2500000.0,11000.0,27,169,70
226215,72,2300000.0,11000.0,29,187,74
226285,72,2200000.0,22000.0,25,196,92
226356,72,3100000.0,12000.0,25,183,72
226419,72,1900000.0,3000.0,32,170,65
226662,72,2900000.0,11000.0,25,181,75
226697,72,3100000.0,15000.0,25,180,75
226747,72,2000000.0,2000.0,29,187,86
226772,72,1900000.0,10000.0,30,185,80
226797,72,1500000.0,13000.0,33,170,70
226798,72,2000000.0,13000.0,28,183,80
227537,72,2300000.0,8000.0,30,201,90
227550,72,1900000.0,850.0,30,185,83
227558,72,3300000.0,13000.0,25,190,87
227633,72,3100000.0,13000.0,25,178,74
228151,72,2800000.0,14000.0,25,175,70
228171,72,2800000.0,8000.0,26,178,75
228231,72,1200000.0,750.0,32,184,89
228290,72,2500000.0,13000.0,27,185,82
228419,72,3400000.0,24000.0,23,194,82
228505,72,4500000.0,9000.0,24,182,81
228595,72,2900000.0,21000.0,26,184,81
228614,72,2800000.0,18000.0,26,185,77
228616,72,2800000.0,11000.0,23,180,85
228645,72,2700000.0,9000.0,27,186,80
228681,72,3400000.0,27000.0,24,190,83
228684,72,5000000.0,24000.0,23,178,70
228716,72,2100000.0,16000.0,28,173,72
228717,72,2400000.0,9000.0,28,178,72
228802,72,2300000.0,29000.0,27,178,65
228813,72,3400000.0,8000.0,24,173,68
228861,72,2300000.0,10000.0,30,187,82
228908,72,1900000.0,14000.0,31,177,74
229091,72,4000000.0,15000.0,24,192,73
229155,72,3100000.0,7000.0,24,183,76
229179,72,2500000.0,7000.0,27,174,75
229215,72,2400000.0,13000.0,28,177,74
229251,72,2100000.0,10000.0,28,186,84
229266,72,4900000.0,40000.0,23,193,76
229321,72,1900000.0,13000.0,31,172,66
229435,72,3400000.0,14000.0,24,190,81
229541,72,2700000.0,1000.0,26,196,85
229542,72,2100000.0,10000.0,27,196,87
229624,72,2300000.0,10000.0,30,184,78
229637,72,2100000.0,8000.0,26,186,80
229658,72,2500000.0,7000.0,27,172,69
229699,72,4700000.0,27000.0,24,177,73
229793,72,3600000.0,11000.0,23,193,91
230074,72,3000000.0,14000.0,24,181,84
230176,72,250000.0,11000.0,37,188,77
230181,72,2400000.0,21000.0,25,178,69
230185,72,1900000.0,18000.0,25,180,79
230188,72,2100000.0,19000.0,29,178,78
230218,72,2000000.0,16000.0,29,181,82
230222,72,2000000.0,24000.0,29,186,79
230260,72,2100000.0,24000.0,29,170,68
230267,72,2800000.0,9000.0,21,178,70
230272,72,2600000.0,10000.0,25,177,70
230277,72,2800000.0,14000.0,21,180,76
230283,72,2600000.0,25000.0,25,187,82
230289,72,2600000.0,11000.0,25,172,67
230319,72,1900000.0,18000.0,25,188,85
230322,72,2400000.0,8000.0,21,188,79
230329,72,2300000.0,21000.0,25,180,75
230350,72,2100000.0,18000.0,29,175,69
230367,72,2400000.0,9000.0,25,183,80
230369,72,2300000.0,13000.0,29,177,76
230374,72,750000.0,19000.0,37,174,74
230389,72,2000000.0,12000.0,29,183,79
230407,72,2400000.0,12000.0,21,180,77
230414,72,2600000.0,24000.0,25,174,70
230420,72,2600000.0,10000.0,25,173,64
230429,72,2300000.0,18000.0,25,176,76
230433,72,800000.0,17000.0,37,175,75
230434,72,2500000.0,11000.0,21,178,75
230441,72,2000000.0,10000.0,29,180,79
230452,72,2300000.0,9000.0,25,182,78
230461,72,2800000.0,14000.0,21,180,69
230464,72,2300000.0,20000.0,29,183,74
230466,72,2600000.0,16000.0,25,170,67
230477,72,2300000.0,28000.0,29,176,70
230483,72,2600000.0,17000.0,25,181,74
230495,72,2300000.0,21000.0,29,180,92
230501,72,2300000.0,28000.0,29,178,76
230503,72,2300000.0,23000.0,29,175,70
230510,72,2600000.0,13000.0,25,172,67
230519,72,2800000.0,11000.0,21,174,69
230525,72,750000.0,9000.0,33,188,83
230530,72,2300000.0,15000.0,25,175,75
230564,72,2900000.0,23000.0,26,175,67
230665,72,2400000.0,13000.0,28,181,77
230672,72,4900000.0,27000.0,24,187,83
230681,72,3300000.0,17000.0,23,185,81
230685,72,2400000.0,37000.0,28,180,73
230708,72,3400000.0,26000.0,24,190,90
230718,72,2300000.0,750.0,26,178,77
230988,72,2900000.0,800.0,25,177,70
231007,72,2700000.0,700.0,27,184,79
231041,72,2400000.0,18000.0,28,186,81
231070,72,2100000.0,11000.0,28,174,70
231089,72,3700000.0,15000.0,23,193,90
231138,72,2800000.0,12000.0,25,173,72
231240,72,3700000.0,14000.0,23,169,60
231344,72,3400000.0,6000.0,24,175,68
231414,72,2800000.0,9000.0,25,181,80
231448,72,5500000.0,39000.0,21,175,71
231588,72,3500000.0,14000.0,24,174,75
231652,72,3200000.0,19000.0,24,189,77
231733,72,3100000.0,9000.0,25,173,71
231856,72,3300000.0,7000.0,24,172,65
231874,72,3100000.0,15000.0,24,186,77
232120,72,3100000.0,6000.0,24,180,74
232163,72,2400000.0,30000.0,28,178,79
232225,72,3600000.0,17000.0,23,193,87
232310,72,2200000.0,12000.0,29,183,78
232477,72,2500000.0,24000.0,27,170,62
232514,72,2300000.0,11000.0,29,176,72
232546,72,2300000.0,13000.0,29,172,64
232655,72,2500000.0,12000.0,27,187,79
232658,72,4400000.0,10000.0,23,190,83
232693,72,4400000.0,9000.0,24,189,77
232729,72,2300000.0,12000.0,30,180,77
232869,72,2200000.0,9000.0,28,182,76
232882,72,3000000.0,7000.0,25,181,73
233075,72,1600000.0,19000.0,31,185,80
233151,72,3600000.0,15000.0,24,167,64
233169,72,2300000.0,9000.0,27,178,72
233201,72,4900000.0,19000.0,23,191,75
233225,72,2000000.0,9000.0,29,183,75
233250,72,3300000.0,12000.0,25,182,75
233314,72,2800000.0,6000.0,26,178,72
233329,72,2400000.0,5000.0,28,192,77
233372,72,2800000.0,900.0,25,179,71
233483,72,2400000.0,18000.0,28,182,74
233730,72,3300000.0,22000.0,25,185,82
233800,72,3500000.0,4000.0,22,177,74
233841,72,4900000.0,10000.0,22,182,80
233849,72,2800000.0,11000.0,26,178,69
233924,72,3800000.0,900.0,22,170,65
233993,72,2100000.0,17000.0,29,170,67
233994,72,2400000.0,7000.0,21,183,79
234015,72,2600000.0,10000.0,25,170,67
234054,72,1600000.0,500.0,29,185,78
234119,72,5000000.0,6000.0,23,175,70
234319,72,4900000.0,24000.0,23,183,63
234341,72,4500000.0,7000.0,23,193,79
234376,72,3100000.0,12000.0,25,178,74
234399,72,3700000.0,15000.0,23,183,75
234457,72,3200000.0,20000.0,25,176,70
234514,72,1900000.0,13000.0,30,180,72
234515,72,2300000.0,12000.0,27,184,81
234570,72,5500000.0,9000.0,22,175,67
234640,72,3400000.0,11000.0,23,184,79
234791,72,2700000.0,23000.0,26,190,79
234832,72,2500000.0,15000.0,26,191,83
234843,72,3400000.0,14000.0,23,188,75
234914,72,3100000.0,9000.0,25,176,68
235161,72,3800000.0,17000.0,22,181,77
235210,72,2400000.0,9000.0,28,170,65
235297,72,3100000.0,12000.0,25,181,81
235432,72,3300000.0,16000.0,25,188,83
235553,72,2200000.0,13000.0,28,188,85
235812,72,2500000.0,1000.0,27,193,82
235834,72,3500000.0,12000.0,24,182,71
235981,72,2700000.0,5000.0,25,170,61
236033,72,4500000.0,12000.0,24,186,80
236038,72,3500000.0,5000.0,23,177,68
236259,72,3400000.0,7000.0,25,178,70
236393,72,3000000.0,20000.0,25,183,70
236492,72,4900000.0,7000.0,23,180,78
236505,72,2700000.0,10000.0,26,186,79
236721,72,3400000.0,5000.0,23,188,68
236723,72,3100000.0,20000.0,24,182,70
236764,72,3500000.0,8000.0,22,177,69
236773,72,2700000.0,17000.0,27,171,67
237161,72,4700000.0,23000.0,23,180,65
237248,72,5500000.0,11000.0,22,178,72
237540,72,2800000.0,19000.0,26,188,82
237566,72,2700000.0,850.0,27,180,74
237642,72,4500000.0,9000.0,24,175,70
237840,72,4700000.0,9000.0,22,176,72
237973,72,4700000.0,25000.0,23,182,74
238058,72,4700000.0,15000.0,23,173,65
238274,72,4700000.0,12000.0,23,182,72
238392,72,3200000.0,13000.0,23,182,72
238507,72,3100000.0,7000.0,24,182,75
238941,72,2500000.0,10000.0,26,185,74
238945,72,2400000.0,800.0,28,185,81
239090,72,2500000.0,18000.0,27,181,74
239097,72,2500000.0,14000.0,27,190,83
239106,72,2700000.0,900.0,25,170,71
239127,72,3300000.0,25000.0,24,178,71
239136,72,4900000.0,14000.0,22,178,72
239212,72,2000000.0,750.0,31,177,71
239272,72,2300000.0,26000.0,27,195,91
239358,72,2400000.0,10000.0,26,193,90
239373,72,3800000.0,9000.0,22,185,84
239550,72,3200000.0,42000.0,23,185,80
239645,72,2200000.0,11000.0,28,187,83
239671,72,3700000.0,13000.0,24,184,78
239755,72,2800000.0,12000.0,26,175,62
239845,72,3700000.0,850.0,23,172,72
239875,72,1700000.0,6000.0,31,174,62
239950,72,3200000.0,800.0,24,183,69
240017,72,5500000.0,16000.0,21,188,75
240034,72,2000000.0,800.0,29,185,88
240095,72,2900000.0,29000.0,26,175,70
240100,72,2500000.0,13000.0,26,180,70
240193,72,3300000.0,32000.0,23,182,73
240225,72,,,22,192,82
240493,72,1200000.0,750.0,31,197,92
240916,72,3400000.0,15000.0,23,187,74
240963,72,2400000.0,12000.0,28,181,82
240970,72,5000000.0,18000.0,22,182,78
241025,72,3100000.0,9000.0,25,185,79
241031,72,4400000.0,7000.0,21,188,82
241197,72,4400000.0,21000.0,24,185,75
241406,72,3100000.0,8000.0,25,172,70
241499,72,2000000.0,1000.0,31,185,85
241501,72,1900000.0,950.0,32,167,68
241522,72,4800000.0,15000.0,22,190,82
241607,72,5000000.0,11000.0,23,178,68
241708,72,4900000.0,17000.0,22,187,77
241750,72,2700000.0,11000.0,27,175,66
241823,72,3500000.0,24000.0,23,173,67
241976,72,2700000.0,8000.0,26,185,78
242112,72,2800000.0,4000.0,25,176,72
242384,72,1500000.0,9000.0,33,184,74
242429,72,4900000.0,8000.0,20,184,81
242571,72,3200000.0,10000.0,24,184,73
242725,72,4800000.0,11000.0,22,189,84
242737,72,2300000.0,5000.0,29,174,75
242916,72,5000000.0,6000.0,21,179,67
242998,72,3600000.0,22000.0,24,190,84
243851,72,2300000.0,850.0,29,169,64
243989,72,2000000.0,8000.0,29,185,81
244068,72,3000000.0,15000.0,24,189,84
244280,72,4500000.0,33000.0,22,187,78
244376,72,3500000.0,650.0,24,184,73
244377,72,4900000.0,7000.0,24,194,86
244472,72,5000000.0,15000.0,21,188,77
244628,72,2900000.0,15000.0,25,180,79
244832,72,5000000.0,900.0,23,180,78
244973,72,5000000.0,12000.0,20,180,68
245058,72,3300000.0,15000.0,25,173,65
245062,72,2100000.0,10000.0,29,177,73
245138,72,5000000.0,10000.0,22,179,73
245209,72,3300000.0,10000.0,22,169,65
245238,72,4900000.0,7000.0,24,188,79
245253,72,5000000.0,13000.0,21,174,67
245370,72,4400000.0,14000.0,20,195,88
245597,72,5000000.0,9000.0,21,166,69
245992,72,5500000.0,43000.0,20,170,66
246145,72,5500000.0,5000.0,21,169,69
246183,72,3300000.0,650.0,23,176,65
246284,72,5000000.0,11000.0,23,173,70
246469,72,5500000.0,9000.0,21,168,61
246606,72,5000000.0,10000.0,21,167,69
246608,72,3700000.0,27000.0,24,172,67
246728,72,5000000.0,650.0,20,183,80
246790,72,2500000.0,18000.0,27,177,74
246929,72,2800000.0,750.0,26,190,81
247182,72,4900000.0,13000.0,21,185,81
247500,72,4400000.0,13000.0,24,193,78
247793,72,4700000.0,8000.0,24,177,70
248573,72,5000000.0,33000.0,20,175,66
248687,72,4900000.0,14000.0,21,188,81
250753,72,2900000.0,500.0,19,198,91
250842,72,3000000.0,2000.0,24,182,73
251127,72,2100000.0,12000.0,29,173,72
251139,72,1800000.0,11000.0,32,175,70
251191,72,2800000.0,14000.0,26,172,70
251325,72,2900000.0,15000.0,25,179,74
251408,72,2300000.0,850.0,29,187,80
251410,72,2400000.0,6000.0,27,181,78
251503,72,1600000.0,8000.0,29,192,86
251673,72,1200000.0,750.0,32,194,87
251675,72,3300000.0,900.0,24,174,68
251990,72,5000000.0,5000.0,20,167,65
252038,72,5500000.0,7000.0,21,180,66
252168,72,3000000.0,9000.0,24,181,72
252909,72,3700000.0,16000.0,24,179,78
253012,72,5000000.0,6000.0,21,187,76
253150,72,5500000.0,11000.0,22,172,64
253220,72,2100000.0,12000.0,28,170,62
253274,72,2300000.0,2000.0,29,187,76
253306,72,5500000.0,7000.0,20,182,77
253341,72,2200000.0,850.0,29,185,78
253695,72,3000000.0,600.0,24,190,84
254048,72,3400000.0,11000.0,24,174,69
254548,72,4900000.0,14000.0,20,173,65
255371,72,5500000.0,23000.0,20,186,75
255891,72,4400000.0,20000.0,21,188,72
256035,72,5500000.0,19000.0,19,174,69
256136,72,5500000.0,750.0,21,171,69
256287,72,5500000.0,5000.0,18,173,73
256903,72,5500000.0,8000.0,20,184,79
256958,72,6000000.0,7000.0,21,170,63
257025,72,5000000.0,16000.0,19,170,63
257204,72,4800000.0,25000.0,20,184,74
257771,72,2900000.0,30000.0,25,175,68
258208,72,4800000.0,650.0,22,175,70
258308,72,3500000.0,600.0,24,180,67
258370,72,4900000.0,23000.0,22,190,85
258585,72,4100000.0,9000.0,21,187,78
258615,72,5000000.0,16000.0,22,175,76
258683,72,5000000.0,14000.0,20,187,75
258781,72,4600000.0,500.0,18,186,81
258782,72,3000000.0,25000.0,24,185,76
258946,72,4900000.0,20000.0,21,188,78
259166,72,4400000.0,11000.0,20,190,78
260314,72,2900000.0,700.0,26,189,79
261529,72,,,24,187,78
262578,72,5000000.0,500.0,19,189,80
263139,72,4500000.0,11000.0,24,197,82
3467,71,650000.0,5000.0,38,186,78
18122,71,210000.0,7000.0,40,185,78
25798,71,650000.0,700.0,39,189,80
110974,71,210000.0,4000.0,37,187,72
124635,71,525000.0,17000.0,35,187,82
134820,71,375000.0,4000.0,36,175,80
138306,71,650000.0,2000.0,37,183,79
138699,71,525000.0,8000.0,35,180,80
138949,71,325000.0,600.0,38,187,78
139064,71,375000.0,7000.0,39,174,71
142721,71,210000.0,5000.0,37,182,74
142762,71,325000.0,5000.0,36,180,79
142966,71,600000.0,8000.0,37,179,77
143587,71,600000.0,8000.0,37,173,78
143598,71,210000.0,4000.0,39,192,86
143745,71,875000.0,31000.0,34,177,76
148403,71,750000.0,6000.0,35,175,65
155355,71,1500000.0,8000.0,32,180,70
158221,71,325000.0,4000.0,38,186,80
158777,71,210000.0,18000.0,35,196,100
163083,71,500000.0,6000.0,35,189,77
163261,71,425000.0,14000.0,36,180,79
164464,71,650000.0,5000.0,36,173,75
164484,71,325000.0,5000.0,34,192,94
165247,71,325000.0,500.0,34,181,81
165526,71,500000.0,2000.0,35,190,80
167669,71,600000.0,4000.0,36,173,75
169345,71,700000.0,12000.0,34,179,73
171146,71,210000.0,9000.0,35,191,88
171378,71,575000.0,5000.0,35,178,67
172198,71,210000.0,6000.0,35,185,88
172862,71,500000.0,4000.0,35,183,77
173155,71,1200000.0,4000.0,33,180,78
176071,71,650000.0,5000.0,34,175,68
176237,71,1600000.0,6000.0,31,183,79
176920,71,1200000.0,9000.0,32,176,70
176942,71,700000.0,6000.0,34,189,78
176993,71,1800000.0,7000.0,30,170,68
177537,71,775000.0,7000.0,35,181,77
177621,71,925000.0,6000.0,32,184,80
177922,71,1200000.0,7000.0,33,180,78
178283,71,600000.0,9000.0,33,196,86
178416,71,1200000.0,25000.0,33,178,75
178566,71,325000.0,8000.0,34,182,78
178571,71,210000.0,5000.0,40,185,78
179687,71,700000.0,32000.0,34,177,70
179947,71,900000.0,7000.0,34,191,87
180823,71,1300000.0,650.0,32,183,82
181479,71,325000.0,5000.0,36,187,85
181795,71,700000.0,11000.0,34,181,81
182043,71,325000.0,8000.0,34,192,80
182224,71,925000.0,9000.0,32,185,75
182270,71,210000.0,500.0,37,180,81
182343,71,650000.0,8000.0,34,181,71
182411,71,875000.0,10000.0,34,179,70
182473,71,1300000.0,14000.0,32,185,75
182959,71,210000.0,500.0,35,193,88
183546,71,1200000.0,7000.0,32,176,73
183573,71,700000.0,14000.0,34,183,80
183820,71,1200000.0,5000.0,33,172,65
183921,71,700000.0,11000.0,34,173,70
184337,71,1200000.0,5000.0,33,170,65
184472,71,975000.0,6000.0,33,178,80
184477,71,,,29,185,87
184501,71,1600000.0,9000.0,30,185,79
184789,71,1200000.0,17000.0,33,193,93
185010,71,900000.0,7000.0,33,181,78
185132,71,1500000.0,6000.0,32,187,79
185427,71,1200000.0,16000.0,30,192,90
186130,71,1200000.0,17000.0,32,180,79
186274,71,1400000.0,8000.0,31,181,79
186556,71,1500000.0,750.0,32,176,75
186598,71,1300000.0,17000.0,32,180,73
186680,71,600000.0,5000.0,33,195,92
186881,71,1500000.0,17000.0,32,182,76
188000,71,1200000.0,15000.0,32,176,77
188154,71,1800000.0,16000.0,30,176,72
188274,71,800000.0,10000.0,35,186,84
188337,71,1800000.0,8000.0,30,171,66
188524,71,925000.0,16000.0,32,192,86
188541,71,875000.0,19000.0,34,178,73
188782,71,900000.0,17000.0,33,188,76
188802,71,975000.0,27000.0,33,180,74
189338,71,1600000.0,550.0,31,174,63
189390,71,1300000.0,17000.0,32,185,85
189607,71,1500000.0,10000.0,32,189,89
189709,71,1200000.0,5000.0,32,196,93
189857,71,1600000.0,9000.0,31,175,67
189899,71,1200000.0,5000.0,32,188,81
190014,71,1800000.0,10000.0,30,177,76
190021,71,875000.0,7000.0,34,170,73
190430,71,1400000.0,4000.0,31,178,74
190461,71,1800000.0,6000.0,30,185,81
190536,71,775000.0,6000.0,35,165,72
190669,71,1400000.0,4000.0,30,187,82
190697,71,1500000.0,23000.0,30,189,80
190931,71,600000.0,9000.0,34,190,85
191032,71,1800000.0,28000.0,29,176,70
191079,71,1600000.0,14000.0,29,191,75
191333,71,1600000.0,8000.0,30,168,68
191388,71,1900000.0,10000.0,29,178,69
191390,71,1600000.0,23000.0,30,178,80
191488,71,1200000.0,11000.0,32,179,76
191565,71,1600000.0,8000.0,31,182,71
192114,71,2000000.0,25000.0,27,185,81
192297,71,600000.0,8000.0,33,193,85
192397,71,1000000.0,14000.0,31,186,83
192449,71,1800000.0,11000.0,30,190,86
192567,71,1600000.0,15000.0,29,177,76
192608,71,1500000.0,7000.0,32,176,73
192778,71,900000.0,16000.0,34,186,82
192938,71,1800000.0,650.0,29,173,69
193264,71,1700000.0,10000.0,28,179,78
193422,71,1900000.0,11000.0,29,185,72
193909,71,1200000.0,6000.0,32,185,79
193910,71,1800000.0,44000.0,29,174,71
194146,71,1500000.0,20000.0,30,190,82
194669,71,1900000.0,6000.0,28,180,74
195033,71,1800000.0,10000.0,30,181,82
195087,71,1200000.0,7000.0,32,193,88
195698,71,1600000.0,8000.0,28,180,82
196151,71,600000.0,1000.0,37,172,69
196316,71,1000000.0,4000.0,31,192,83
196318,71,1800000.0,12000.0,29,175,65
196688,71,1300000.0,800.0,32,173,75
196935,71,1800000.0,16000.0,28,189,82
197382,71,1600000.0,850.0,31,171,66
197890,71,1200000.0,7000.0,32,182,76
198136,71,1600000.0,18000.0,31,183,77
198177,71,1600000.0,600.0,29,185,83
198193,71,1800000.0,800.0,30,179,78
198347,71,1500000.0,6000.0,32,180,77
198420,71,1900000.0,17000.0,29,172,73
198429,71,1800000.0,750.0,30,181,82
198474,71,1500000.0,800.0,30,181,69
198617,71,1600000.0,9000.0,31,182,71
198857,71,1300000.0,25000.0,31,193,85
199157,71,1600000.0,5000.0,30,178,68
199170,71,1800000.0,10000.0,29,186,81
199191,71,1600000.0,15000.0,29,179,68
199236,71,1600000.0,7000.0,30,177,71
199413,71,1500000.0,10000.0,32,184,77
199504,71,1600000.0,9000.0,30,172,72
199550,71,1600000.0,7000.0,29,185,76
199570,71,1400000.0,25000.0,31,168,67
199572,71,775000.0,8000.0,35,177,74
199669,71,1600000.0,6000.0,29,185,80
199776,71,1500000.0,3000.0,30,186,78
199982,71,1600000.0,10000.0,29,195,94
200138,71,1800000.0,31000.0,28,193,82
200302,71,1600000.0,10000.0,29,175,72
200332,71,1500000.0,12000.0,28,197,95
200532,71,1400000.0,9000.0,31,168,63
200588,71,1300000.0,7000.0,31,186,77
200653,71,1200000.0,10000.0,32,189,82
200672,71,1300000.0,14000.0,32,185,80
200698,71,1200000.0,4000.0,30,188,88
200715,71,1600000.0,14000.0,28,185,80
200758,71,1600000.0,18000.0,28,185,86
200778,71,1700000.0,31000.0,28,188,78
200779,71,2200000.0,11000.0,26,183,78
200798,71,325000.0,7000.0,34,190,86
200840,71,1900000.0,21000.0,28,183,74
200857,71,1900000.0,13000.0,28,178,67
200968,71,1200000.0,11000.0,32,183,73
201041,71,1600000.0,9000.0,30,182,78
201155,71,1900000.0,11000.0,28,175,71
201240,71,2000000.0,22000.0,27,179,70
201304,71,1900000.0,11000.0,29,177,71
201335,71,1800000.0,21000.0,30,187,84
201509,71,1400000.0,550.0,31,178,68
201876,71,2200000.0,6000.0,27,188,75
201877,71,2300000.0,9000.0,26,172,70
202017,71,1900000.0,23000.0,28,172,76
202035,71,1800000.0,6000.0,30,170,65
202087,71,1800000.0,8000.0,27,181,81
202101,71,1800000.0,15000.0,29,179,72
202305,71,1200000.0,8000.0,33,177,67
202408,71,1300000.0,20000.0,31,197,83
202501,71,2000000.0,8000.0,27,175,67
202515,71,1900000.0,8000.0,28,178,80
202678,71,1700000.0,2000.0,28,167,70
202716,71,1900000.0,18000.0,28,181,81
202814,71,1600000.0,10000.0,29,172,70
202889,71,1900000.0,29000.0,27,186,89
202940,71,1800000.0,34000.0,29,170,65
203128,71,1600000.0,11000.0,30,184,83
203161,71,1600000.0,17000.0,28,193,90
203537,71,1800000.0,19000.0,29,190,78
203568,71,1800000.0,19000.0,29,183,78
203590,71,1500000.0,8000.0,30,193,84
203624,71,1300000.0,800.0,31,182,76
203725,71,2000000.0,8000.0,27,173,70
203782,71,1800000.0,9000.0,29,173,66
203783,71,1600000.0,18000.0,29,186,84
203884,71,1800000.0,24000.0,28,184,71
203910,71,1800000.0,34000.0,29,172,69
203965,71,2000000.0,14000.0,27,181,73
204215,71,1700000.0,25000.0,28,185,73
204246,71,1600000.0,40000.0,29,194,82
204352,71,1800000.0,10000.0,28,191,87
204366,71,2200000.0,35000.0,27,185,87
204372,71,1800000.0,10000.0,29,177,66
204412,71,1900000.0,11000.0,28,182,73
204464,71,2100000.0,22000.0,27,178,70
204549,71,1700000.0,11000.0,27,187,87
204684,71,1800000.0,9000.0,29,187,81
204731,71,1400000.0,5000.0,31,185,72
204737,71,1800000.0,6000.0,29,166,62
204776,71,1500000.0,9000.0,30,190,87
204908,71,1800000.0,950.0,30,170,59
205156,71,1600000.0,8000.0,29,181,76
205295,71,1200000.0,14000.0,33,182,75
205369,71,2100000.0,10000.0,27,178,69
205530,71,1300000.0,8000.0,28,184,83
205812,71,1000000.0,22000.0,31,193,78
205887,71,2400000.0,29000.0,26,184,74
205983,71,1300000.0,9000.0,31,190,86
206086,71,2300000.0,7000.0,25,183,71
206154,71,1500000.0,10000.0,32,176,80
206159,71,1700000.0,11000.0,28,176,70
206307,71,1600000.0,10000.0,28,192,90
206423,71,1800000.0,17000.0,28,185,75
206626,71,1900000.0,8000.0,28,185,81
207431,71,2000000.0,8000.0,27,187,80
207444,71,1900000.0,6000.0,28,185,70
207472,71,1600000.0,6000.0,30,176,74
207507,71,1900000.0,13000.0,28,188,80
207645,71,1900000.0,8000.0,28,177,60
207653,71,1600000.0,11000.0,31,172,63
207725,71,1600000.0,15000.0,28,190,83
207734,71,2200000.0,15000.0,26,168,58
207929,71,1600000.0,12000.0,31,181,76
208017,71,1500000.0,20000.0,32,190,90
208019,71,2000000.0,11000.0,27,181,74
208470,71,1600000.0,10000.0,30,172,74
208502,71,1700000.0,26000.0,28,178,73
208507,71,325000.0,5000.0,34,190,78
208564,71,1600000.0,12000.0,30,179,75
208700,71,1800000.0,15000.0,30,183,83
208769,71,1900000.0,20000.0,27,180,75
208856,71,1400000.0,5000.0,31,184,83
209061,71,1900000.0,12000.0,28,173,66
209597,71,1800000.0,6000.0,28,191,79
209695,71,2200000.0,6000.0,26,184,75
209828,71,2200000.0,6000.0,27,179,81
209987,71,1700000.0,8000.0,28,188,85
210123,71,1900000.0,15000.0,28,172,70
210126,71,1600000.0,6000.0,31,172,66
210214,71,1800000.0,7000.0,30,180,70
210468,71,1900000.0,28000.0,27,192,84
210644,71,2200000.0,22000.0,26,182,75
210926,71,1600000.0,22000.0,28,176,68
210950,71,1200000.0,6000.0,33,166,65
211014,71,1600000.0,9000.0,29,176,70
211048,71,1900000.0,750.0,28,176,65
211221,71,1900000.0,7000.0,28,172,70
211263,71,1900000.0,9000.0,27,185,83
211365,71,2200000.0,5000.0,26,183,75
211489,71,1600000.0,9000.0,31,171,68
211513,71,2000000.0,10000.0,27,180,75
211522,71,1700000.0,6000.0,29,186,76
211557,71,1900000.0,11000.0,27,186,80
211559,71,1800000.0,15000.0,29,177,72
211561,71,1500000.0,5000.0,32,184,75
211857,71,2000000.0,6000.0,26,187,80
211903,71,1800000.0,4000.0,29,184,82
211907,71,1200000.0,10000.0,33,176,74
211908,71,1400000.0,8000.0,29,187,85
212099,71,2500000.0,11000.0,25,174,70
212137,71,2200000.0,650.0,25,184,78
212138,71,2200000.0,18000.0,26,175,70
212192,71,2200000.0,15000.0,26,173,70
212197,71,1300000.0,8000.0,28,188,81
212240,71,2200000.0,27000.0,27,189,83
212282,71,1800000.0,5000.0,27,180,75
212474,71,1900000.0,8000.0,28,170,62
212608,71,975000.0,6000.0,33,187,68
212626,71,2400000.0,28000.0,26,194,84
212933,71,1500000.0,16000.0,32,191,91
212947,71,2000000.0,15000.0,27,164,64
213092,71,2000000.0,5000.0,26,171,79
213097,71,1300000.0,800.0,31,186,80
213209,71,2500000.0,5000.0,25,178,68
213313,71,2400000.0,6000.0,26,174,73
213337,71,2300000.0,11000.0,26,165,65
213418,71,2600000.0,950.0,25,186,81
213497,71,2100000.0,6000.0,27,181,74
213613,71,2300000.0,11000.0,26,185,80
213777,71,2700000.0,9000.0,24,180,73
213937,71,2000000.0,8000.0,27,174,69
213993,71,1900000.0,15000.0,28,187,75
214031,71,1300000.0,2000.0,31,187,87
214158,71,1600000.0,9000.0,29,178,73
214191,71,1300000.0,9000.0,31,186,76
214373,71,210000.0,3000.0,37,190,92
214379,71,1500000.0,2000.0,32,181,80
214393,71,1400000.0,2000.0,31,185,79
214463,71,900000.0,10000.0,34,172,70
214562,71,1500000.0,750.0,32,183,80
214659,71,1900000.0,9000.0,27,186,80
214772,71,1600000.0,10000.0,30,172,76
215015,71,1200000.0,9000.0,32,183,76
215070,71,1800000.0,7000.0,28,183,76
215117,71,1300000.0,10000.0,31,178,78
215165,71,1500000.0,8000.0,32,175,71
215181,71,1600000.0,9000.0,29,178,71
215247,71,2400000.0,19000.0,25,187,84
215262,71,1200000.0,10000.0,33,184,86
215334,71,1800000.0,14000.0,30,191,87
215556,71,2600000.0,15000.0,25,187,77
216270,71,2200000.0,10000.0,26,173,72
216282,71,2300000.0,14000.0,25,179,76
216302,71,1400000.0,10000.0,31,176,73
216437,71,2000000.0,9000.0,26,191,85
216463,71,2700000.0,5000.0,25,176,72
216483,71,2400000.0,29000.0,25,172,67
216520,71,1600000.0,13000.0,29,176,80
216530,71,900000.0,650.0,34,191,86
216750,71,1300000.0,8000.0,29,188,84
216751,71,1600000.0,800.0,29,174,70
216860,71,2700000.0,7000.0,23,182,65
217007,71,1900000.0,11000.0,28,185,79
217047,71,1300000.0,5000.0,31,183,82
217287,71,2300000.0,14000.0,26,187,73
217565,71,2000000.0,5000.0,27,190,80
217821,71,2000000.0,30000.0,27,173,72
218745,71,2700000.0,18000.0,25,180,80
219174,71,2000000.0,8000.0,27,182,70
219180,71,2100000.0,7000.0,27,190,82
219181,71,1500000.0,7000.0,32,174,69
219452,71,2500000.0,9000.0,26,180,78
219546,71,2100000.0,5000.0,27,183,80
219652,71,1900000.0,17000.0,28,179,72
219709,71,2300000.0,14000.0,26,183,71
219736,71,2000000.0,22000.0,26,195,83
219777,71,1700000.0,16000.0,29,189,80
219912,71,1800000.0,650.0,30,181,75
220029,71,2400000.0,12000.0,26,180,68
220031,71,2600000.0,19000.0,25,191,77
220058,71,1900000.0,16000.0,26,188,89
220061,71,1600000.0,24000.0,28,189,74
220087,71,1600000.0,10000.0,29,177,72
220128,71,1500000.0,13000.0,32,174,73
220198,71,2600000.0,4000.0,24,181,66
220209,71,1700000.0,6000.0,28,178,73
220245,71,1800000.0,5000.0,28,184,76
220466,71,2200000.0,25000.0,25,184,70
220493,71,2100000.0,3000.0,26,183,70
220509,71,2300000.0,27000.0,26,176,66
220529,71,2700000.0,31000.0,25,173,69
220534,71,2700000.0,26000.0,24,191,75
220609,71,2500000.0,7000.0,25,175,70
220620,71,2000000.0,9000.0,26,183,73
220649,71,2000000.0,6000.0,26,183,80
220665,71,2300000.0,13000.0,26,192,88
220702,71,2100000.0,5000.0,27,185,74
220826,71,1600000.0,2000.0,29,186,80
220829,71,1900000.0,14000.0,29,184,87
220837,71,1800000.0,16000.0,27,173,75
220921,71,2000000.0,850.0,27,189,84
220925,71,2100000.0,15000.0,27,178,74
221168,71,2900000.0,15000.0,24,186,75
221323,71,3500000.0,13000.0,23,186,78
221367,71,2200000.0,12000.0,26,182,73
221587,71,1900000.0,31000.0,28,178,72
221621,71,1500000.0,5000.0,30,185,82
221629,71,1600000.0,10000.0,31,183,73
221774,71,1800000.0,11000.0,30,191,77
221875,71,1600000.0,12000.0,29,180,73
221931,71,1900000.0,23000.0,28,185,80
221982,71,2800000.0,51000.0,24,170,66
221990,71,1700000.0,8000.0,29,188,84
222262,71,2400000.0,12000.0,26,184,83
222352,71,2900000.0,29000.0,24,183,78
222430,71,1600000.0,2000.0,29,167,65
222467,71,2200000.0,7000.0,27,174,70
222572,71,3200000.0,9000.0,23,189,76
222590,71,2500000.0,15000.0,25,178,69
222644,71,2000000.0,6000.0,26,178,82
222969,71,575000.0,8000.0,35,185,80
222986,71,600000.0,7000.0,34,183,79
223143,71,2400000.0,10000.0,25,183,82
223212,71,2400000.0,30000.0,25,188,78
223255,71,2600000.0,7000.0,25,178,76
223302,71,2500000.0,4000.0,25,173,70
223426,71,1500000.0,6000.0,30,186,73
223458,71,1900000.0,32000.0,28,179,75
223489,71,1900000.0,11000.0,29,190,87
223498,71,3500000.0,9000.0,24,180,77
223511,71,1400000.0,800.0,31,176,73
223524,71,1900000.0,18000.0,27,193,82
223685,71,1900000.0,3000.0,29,185,83
223765,71,2300000.0,9000.0,26,183,79
223866,71,4100000.0,7000.0,23,180,75
223867,71,2400000.0,19000.0,26,174,70
223879,71,1600000.0,950.0,31,185,84
224041,71,2000000.0,13000.0,26,188,83
224146,71,1800000.0,8000.0,30,179,70
224189,71,1800000.0,12000.0,28,187,81
224198,71,2600000.0,9000.0,25,175,73
224242,71,2100000.0,10000.0,25,186,78
224317,71,1800000.0,10000.0,29,169,64
224378,71,1900000.0,10000.0,27,188,81
224440,71,2000000.0,25000.0,26,195,87
224442,71,2300000.0,9000.0,24,196,92
224459,71,1700000.0,850.0,28,175,67
224584,71,2000000.0,8000.0,27,165,64
224874,71,1600000.0,5000.0,31,190,68
224962,71,2200000.0,19000.0,26,169,64
225289,71,2800000.0,10000.0,25,165,66
225317,71,2700000.0,6000.0,24,180,77
225356,71,1800000.0,15000.0,29,168,63
225629,71,2600000.0,12000.0,25,178,71
225681,71,1600000.0,800.0,28,183,69
225682,71,1700000.0,800.0,28,170,83
225855,71,2200000.0,14000.0,25,178,75
225995,71,2400000.0,550.0,25,178,72
226075,71,1600000.0,800.0,30,175,67
226130,71,2400000.0,7000.0,24,179,70
226286,71,1800000.0,10000.0,30,189,88
226401,71,2800000.0,19000.0,23,185,70
226495,71,2200000.0,6000.0,26,180,77
226583,71,1500000.0,6000.0,30,190,88
226773,71,2600000.0,26000.0,23,180,68
226811,71,2200000.0,1000.0,26,180,76
227186,71,2200000.0,7000.0,25,185,87
227497,71,1600000.0,7000.0,28,187,79
227562,71,2500000.0,19000.0,25,182,75
227642,71,2300000.0,6000.0,25,178,75
227689,71,2200000.0,11000.0,27,175,75
227819,71,2000000.0,5000.0,27,188,80
228120,71,2800000.0,6000.0,24,174,70
228271,71,1900000.0,800.0,28,177,70
228517,71,2600000.0,14000.0,24,175,72
228518,71,2600000.0,11000.0,24,185,82
228650,71,2400000.0,6000.0,26,175,68
228838,71,2200000.0,5000.0,26,169,77
228980,71,2000000.0,8000.0,27,177,74
229011,71,2500000.0,11000.0,25,185,77
229104,71,1800000.0,11000.0,29,190,82
229148,71,2000000.0,47000.0,27,181,70
229150,71,2700000.0,6000.0,24,181,74
229158,71,2500000.0,5000.0,25,190,83
229260,71,2000000.0,16000.0,27,180,77
229282,71,1900000.0,4000.0,28,184,79
229319,71,2500000.0,9000.0,25,191,85
229360,71,2100000.0,10000.0,27,192,87
229496,71,1300000.0,7000.0,31,186,80
229537,71,2500000.0,9000.0,25,185,77
229648,71,2600000.0,8000.0,24,183,73
229654,71,2000000.0,6000.0,27,177,75
229694,71,1800000.0,8000.0,29,172,68
229705,71,2600000.0,10000.0,23,184,71
229882,71,2400000.0,9000.0,26,186,76
229901,71,3900000.0,14000.0,22,200,79
230019,71,1800000.0,11000.0,27,167,67
230211,71,2000000.0,7000.0,21,166,64
230235,71,2000000.0,7000.0,21,172,76
230248,71,2000000.0,15000.0,21,174,71
230257,71,2100000.0,11000.0,25,172,69
230278,71,1800000.0,16000.0,29,175,69
230281,71,1800000.0,12000.0,29,176,75
230291,71,1900000.0,13000.0,29,182,71
230298,71,1900000.0,11000.0,29,179,70
230302,71,1900000.0,17000.0,29,177,71
230315,71,1600000.0,8000.0,21,193,84
230316,71,900000.0,16000.0,33,190,84
230332,71,1900000.0,10000.0,25,195,91
230335,71,2000000.0,10000.0,21,176,69
230340,71,2000000.0,6000.0,21,174,78
230342,71,1900000.0,8000.0,25,178,77
230359,71,1200000.0,18000.0,33,168,72
230362,71,1900000.0,15000.0,25,185,81
230368,71,1600000.0,9000.0,29,179,74
230390,71,1900000.0,6000.0,21,192,85
230451,71,2100000.0,19000.0,25,167,66
230470,71,1800000.0,20000.0,29,174,74
230474,71,2200000.0,8000.0,21,175,70
230478,71,2200000.0,7000.0,21,169,62
230479,71,2200000.0,8000.0,21,174,73
230480,71,2200000.0,13000.0,21,184,78
230513,71,2100000.0,17000.0,25,175,73
230516,71,2200000.0,15000.0,21,193,96
230521,71,1200000.0,24000.0,33,180,71
230776,71,2000000.0,8000.0,27,186,84
230786,71,4000000.0,13000.0,22,186,73
230800,71,3800000.0,62000.0,24,182,76
230964,71,1900000.0,12000.0,28,176,73
230969,71,2200000.0,10000.0,27,182,65
231104,71,2400000.0,16000.0,26,187,80
231111,71,1900000.0,14000.0,27,193,88
231263,71,2700000.0,20000.0,24,183,79
231360,71,2500000.0,9000.0,25,175,69
231391,71,3000000.0,26000.0,24,172,67
231423,71,2600000.0,8000.0,24,175,75
231571,71,2200000.0,3000.0,26,178,75
231749,71,2400000.0,11000.0,25,170,67
231913,71,2400000.0,7000.0,25,179,71
231985,71,1800000.0,5000.0,27,173,73
232054,71,1500000.0,800.0,32,177,79
232081,71,2100000.0,5000.0,26,175,70
232148,71,2400000.0,6000.0,24,185,68
232207,71,3800000.0,27000.0,23,190,88
232230,71,2000000.0,5000.0,26,175,70
232255,71,2000000.0,11000.0,27,169,72
232296,71,2600000.0,5000.0,25,177,73
232358,71,1600000.0,6000.0,28,170,71
232390,71,2500000.0,10000.0,25,176,74
232441,71,210000.0,4000.0,35,184,78
232459,71,2300000.0,20000.0,26,183,84
232511,71,1300000.0,7000.0,31,176,70
232517,71,1600000.0,9000.0,31,163,58
232526,71,2600000.0,15000.0,23,188,83
232607,71,1900000.0,9000.0,28,185,85
232692,71,1500000.0,8000.0,32,185,84
232755,71,3600000.0,17000.0,23,170,64
232787,71,2000000.0,5000.0,26,167,69
232898,71,2900000.0,8000.0,24,175,67
233045,71,3800000.0,10000.0,22,185,73
233053,71,3500000.0,9000.0,24,179,70
233057,71,2900000.0,9000.0,24,178,77
233139,71,3000000.0,29000.0,24,189,81
233147,71,1900000.0,9000.0,28,168,64
233230,71,4000000.0,7000.0,23,175,72
233231,71,2500000.0,19000.0,25,180,72
233292,71,2000000.0,13000.0,27,182,80
233299,71,2700000.0,11000.0,24,184,82
233409,71,4000000.0,12000.0,23,182,71
233550,71,2600000.0,5000.0,24,170,65
233606,71,3000000.0,24000.0,24,172,63
233795,71,4200000.0,25000.0,22,188,75
233812,71,2600000.0,12000.0,23,180,79
233885,71,3900000.0,8000.0,23,183,80
233943,71,4000000.0,10000.0,22,178,70
233974,71,1500000.0,12000.0,25,188,83
233977,71,1600000.0,9000.0,21,191,87
233986,71,1600000.0,9000.0,29,176,74
234028,71,2200000.0,18000.0,21,181,78
234032,71,2700000.0,6000.0,24,182,79
234087,71,4000000.0,17000.0,21,170,60
234180,71,1800000.0,850.0,29,170,73
234195,71,2300000.0,9000.0,25,180,66
234203,71,3700000.0,9000.0,23,178,72
234333,71,2900000.0,22000.0,22,182,78
234624,71,1300000.0,5000.0,31,183,74
234698,71,2000000.0,5000.0,27,158,56
234727,71,2400000.0,13000.0,24,190,82
234731,71,1300000.0,7000.0,31,191,80
234795,71,3600000.0,13000.0,22,177,74
234875,71,2200000.0,18000.0,26,184,83
234889,71,2800000.0,14000.0,23,183,78
234980,71,1800000.0,850.0,30,189,80
234999,71,2000000.0,500.0,25,188,90
235002,71,1900000.0,9000.0,28,190,82
235125,71,2700000.0,6000.0,23,179,74
235152,71,4200000.0,20000.0,21,174,68
235405,71,3500000.0,21000.0,22,188,74
235413,71,3200000.0,13000.0,21,193,78
235450,71,4200000.0,23000.0,21,175,66
235717,71,4100000.0,19000.0,23,178,72
235719,71,2800000.0,9000.0,24,174,73
235824,71,4000000.0,14000.0,22,174,68
235973,71,,,22,174,60
235983,71,4000000.0,13000.0,22,173,62
236015,71,4200000.0,31000.0,21,178,70
236287,71,2200000.0,13000.0,26,178,80
236303,71,2300000.0,7000.0,26,183,80
236316,71,4000000.0,24000.0,22,180,85
236368,71,2700000.0,10000.0,23,184,69
236382,71,1600000.0,8000.0,29,181,80
236621,71,2200000.0,14000.0,27,189,76
236695,71,3700000.0,6000.0,24,182,76
236696,71,3000000.0,600.0,24,175,62
236830,71,3000000.0,14000.0,21,182,81
236998,71,2700000.0,25000.0,25,183,73
237055,71,2600000.0,700.0,24,182,71
237132,71,3800000.0,5000.0,24,177,70
237153,71,2700000.0,5000.0,24,160,64
237209,71,2100000.0,14000.0,27,187,85
237211,71,2600000.0,6000.0,24,180,77
237256,71,3800000.0,6000.0,24,183,79
237257,71,2700000.0,5000.0,24,178,74
237291,71,1900000.0,13000.0,29,190,88
237386,71,4200000.0,42000.0,22,177,70
237440,71,3500000.0,11000.0,22,185,75
237522,71,3900000.0,12000.0,21,190,75
237630,71,3900000.0,9000.0,22,187,80
237631,71,2800000.0,16000.0,25,182,76
237784,71,1600000.0,6000.0,30,178,73
238004,71,3000000.0,7000.0,24,177,80
238008,71,2200000.0,5000.0,25,196,82
238072,71,2800000.0,22000.0,24,188,91
238196,71,4200000.0,24000.0,22,177,75
238490,71,3000000.0,11000.0,23,171,64
238504,71,3000000.0,11000.0,23,173,69
238922,71,2400000.0,6000.0,26,186,77
239306,71,4000000.0,11000.0,22,181,71
239322,71,1600000.0,21000.0,28,194,92
239361,71,2900000.0,7000.0,23,184,75
239367,71,4200000.0,14000.0,22,176,68
239441,71,4200000.0,14000.0,22,183,74
239446,71,3000000.0,7000.0,24,179,70
239491,71,2500000.0,10000.0,25,176,72
239593,71,1900000.0,11000.0,29,185,79
239617,71,3900000.0,11000.0,23,181,68
239763,71,4200000.0,9000.0,22,174,66
239782,71,2000000.0,6000.0,27,173,73
239810,71,4500000.0,8000.0,20,179,74
239904,71,1900000.0,13000.0,28,192,92
239964,71,2500000.0,31000.0,26,190,76
240053,71,1600000.0,10000.0,29,178,71
240091,71,2400000.0,12000.0,24,188,76
240099,71,4000000.0,13000.0,22,173,77
240257,71,2100000.0,4000.0,26,174,78
240309,71,,,30,184,84
240332,71,4200000.0,5000.0,21,175,70
240507,71,4100000.0,15000.0,20,168,56
240661,71,4100000.0,14000.0,20,175,67
240671,71,3900000.0,22000.0,24,189,90
240683,71,4200000.0,7000.0,21,178,78
240689,71,700000.0,9000.0,34,181,72
240787,71,4600000.0,14000.0,21,177,68
240837,71,2200000.0,28000.0,26,174,73
240947,71,4000000.0,20000.0,21,180,70
240956,71,4000000.0,9000.0,23,170,63
240982,71,1900000.0,5000.0,27,174,70
240988,71,3400000.0,27000.0,25,189,81
241004,71,2800000.0,750.0,24,177,72
241070,71,2600000.0,7000.0,25,189,79
241115,71,2700000.0,500.0,24,178,83
241119,71,3600000.0,9000.0,22,187,77
241162,71,3800000.0,10000.0,23,168,66
241171,71,3900000.0,9000.0,22,185,79
241278,71,4200000.0,27000.0,22,172,71
241362,71,1900000.0,850.0,28,182,70
241696,71,2500000.0,5000.0,24,177,73
241872,71,3500000.0,8000.0,22,183,77
241923,71,2800000.0,13000.0,25,169,67
242019,71,2800000.0,9000.0,25,179,70
242045,71,3700000.0,12000.0,23,182,72
242075,71,4200000.0,18000.0,21,185,79
242162,71,4200000.0,6000.0,21,173,65
242280,71,4200000.0,5000.0,21,181,75
242335,71,2300000.0,800.0,26,174,65
242359,71,3500000.0,6000.0,24,191,91
242514,71,1400000.0,5000.0,29,192,80
242530,71,4200000.0,13000.0,21,185,85
242534,71,4000000.0,4000.0,21,175,68
242602,71,3900000.0,7000.0,20,187,86
242603,71,3900000.0,18000.0,21,197,82
242633,71,3900000.0,7000.0,20,178,70
242879,71,4300000.0,3000.0,19,190,79
243000,71,1700000.0,10000.0,28,178,65
243008,71,2100000.0,750.0,27,174,68
243016,71,4200000.0,13000.0,22,173,63
243019,71,4000000.0,25000.0,22,188,80
243055,71,4200000.0,7000.0,21,175,65
243061,71,3000000.0,8000.0,24,173,65
243402,71,2500000.0,9000.0,25,175,74
243497,71,3900000.0,13000.0,21,188,85
243526,71,4000000.0,15000.0,22,188,74
243530,71,3900000.0,7000.0,21,183,81
243558,71,2200000.0,12000.0,26,177,72
243580,71,4200000.0,13000.0,21,174,78
243828,71,4200000.0,18000.0,21,171,65
243945,71,1200000.0,12000.0,32,185,80
243956,71,1600000.0,700.0,29,184,76
243988,71,2600000.0,6000.0,25,175,74
244112,71,2800000.0,12000.0,25,179,73
244186,71,2900000.0,7000.0,24,166,67
244238,71,4000000.0,20000.0,22,190,85
244257,71,4100000.0,13000.0,20,181,76
244259,71,2300000.0,550.0,25,174,71
244269,71,2700000.0,38000.0,23,194,91
244287,71,3800000.0,800.0,22,183,78
244308,71,2600000.0,2000.0,24,180,74
244349,71,3900000.0,7000.0,22,185,72
244368,71,2600000.0,700.0,25,185,76
244401,71,3900000.0,9000.0,23,191,81
244428,71,2500000.0,11000.0,24,179,74
244456,71,2400000.0,15000.0,23,193,88
244625,71,3600000.0,6000.0,23,176,72
244706,71,1800000.0,20000.0,30,184,84
244787,71,2000000.0,650.0,26,183,77
244797,71,3800000.0,650.0,23,190,81
244963,71,2500000.0,4000.0,25,193,83
245021,71,3900000.0,7000.0,24,188,80
245055,71,4200000.0,9000.0,22,177,70
245152,71,4500000.0,29000.0,20,182,69
245156,71,2300000.0,15000.0,26,185,78
245214,71,2000000.0,2000.0,26,175,72
245396,71,4200000.0,550.0,21,182,75
245572,71,2600000.0,24000.0,23,180,73
245741,71,4600000.0,13000.0,21,182,63
246350,71,4200000.0,9000.0,21,170,58
246388,71,3900000.0,5000.0,22,189,80
246667,71,2600000.0,10000.0,23,190,85
247124,71,3600000.0,13000.0,22,178,64
247144,71,2500000.0,8000.0,25,168,69
247497,71,4200000.0,8000.0,19,190,87
247729,71,4200000.0,6000.0,21,176,70
247802,71,2300000.0,750.0,26,173,73
248003,71,1900000.0,11000.0,28,187,82
248188,71,4200000.0,6000.0,21,179,72
248266,71,3900000.0,21000.0,20,178,70
248295,71,900000.0,2000.0,33,192,87
248484,71,3800000.0,14000.0,20,193,81
248550,71,3900000.0,11000.0,21,183,83
248831,71,3500000.0,6000.0,24,197,77
250797,71,1000000.0,550.0,31,187,80
250881,71,2500000.0,6000.0,26,177,75
250939,71,1200000.0,5000.0,30,189,79
250954,71,4300000.0,24000.0,21,188,87
251105,71,4200000.0,5000.0,21,181,75
251213,71,2000000.0,9000.0,27,178,70
251292,71,2100000.0,10000.0,24,192,85
251450,71,2400000.0,6000.0,25,185,78
251532,71,3000000.0,11000.0,23,173,67
251775,71,2800000.0,18000.0,24,173,65
251852,71,4500000.0,11000.0,19,177,69
251901,71,2400000.0,6000.0,26,193,86
251994,71,2300000.0,8000.0,25,175,71
252018,71,3900000.0,11000.0,21,191,83
252042,71,4500000.0,20000.0,19,182,70
252144,71,4200000.0,4000.0,19,184,76
252235,71,4000000.0,22000.0,22,186,76
252293,71,4200000.0,21000.0,21,184,75
252523,71,4200000.0,9000.0,22,176,65
252692,71,2900000.0,10000.0,24,192,83
252961,71,4200000.0,18000.0,19,187,83
253036,71,4400000.0,9000.0,19,170,65
253073,71,2600000.0,11000.0,24,193,75
253177,71,4000000.0,7000.0,18,178,73
253240,71,4200000.0,700.0,21,165,63
253340,71,600000.0,550.0,36,167,66
253378,71,4300000.0,4000.0,22,185,77
253912,71,1500000.0,550.0,32,182,80
254470,71,3900000.0,32000.0,20,177,68
254544,71,4500000.0,45000.0,19,185,82
254660,71,4000000.0,10000.0,19,178,72
254891,71,2200000.0,5000.0,26,176,69
255137,71,3600000.0,5000.0,22,173,70
255223,71,4600000.0,23000.0,21,174,60
255380,71,2700000.0,24000.0,23,173,76
255862,71,4200000.0,4000.0,21,172,62
256167,71,4200000.0,8000.0,22,175,74
256688,71,3800000.0,9000.0,22,178,77
256970,71,4300000.0,500.0,17,185,74
257133,71,4200000.0,800.0,22,176,70
257288,71,3600000.0,4000.0,21,198,94
257290,71,4400000.0,6000.0,21,178,66
257713,71,4000000.0,30000.0,22,187,70
258262,71,2800000.0,550.0,24,189,81
258343,71,4100000.0,550.0,20,182,73
258580,71,2900000.0,27000.0,22,173,71
258846,71,4500000.0,700.0,20,180,75
259036,71,4000000.0,500.0,22,175,70
259265,71,1600000.0,20000.0,31,184,77
260965,71,2900000.0,6000.0,24,193,81
261206,71,2200000.0,7000.0,26,188,76
261987,71,4500000.0,51000.0,20,176,68
262411,71,2800000.0,24000.0,24,183,78
262815,71,1700000.0,600.0,28,183,77
263230,71,4200000.0,15000.0,21,185,76
263383,71,3900000.0,550.0,24,187,74
53914,70,275000.0,6000.0,38,180,87
105846,70,180000.0,3000.0,41,193,88
106795,70,180000.0,7000.0,40,183,76
142258,70,180000.0,4000.0,35,187,80
142499,70,325000.0,4000.0,36,181,71
143025,70,350000.0,4000.0,39,169,67
144172,70,180000.0,4000.0,36,185,78
144200,70,1400000.0,10000.0,30,179,69
148212,70,180000.0,13000.0,37,193,90
150659,70,180000.0,2000.0,38,180,71
152567,70,450000.0,3000.0,35,180,68
155885,70,650000.0,6000.0,35,177,71
156253,70,525000.0,4000.0,33,198,85
156432,70,550000.0,12000.0,37,193,85
157703,70,425000.0,6000.0,35,189,85
158810,70,325000.0,7000.0,37,183,80
159034,70,425000.0,2000.0,35,188,91
160217,70,550000.0,500.0,37,186,82
161636,70,500000.0,6000.0,36,180,78
162221,70,450000.0,8000.0,35,188,73
163186,70,325000.0,6000.0,37,186,81
163600,70,275000.0,27000.0,34,193,97
163761,70,275000.0,6000.0,36,188,76
163828,70,775000.0,7000.0,34,180,73
164769,70,775000.0,17000.0,34,186,76
164853,70,180000.0,2000.0,36,188,90
164994,70,650000.0,4000.0,35,175,67
167601,70,525000.0,20000.0,34,184,77
167993,70,180000.0,6000.0,37,193,96
169078,70,1600000.0,17000.0,29,172,73
170923,70,350000.0,18000.0,37,176,74
172425,70,275000.0,10000.0,36,190,86
172960,70,1000000.0,28000.0,33,183,78
173434,70,750000.0,7000.0,34,178,72
173703,70,1000000.0,6000.0,32,185,78
174754,70,1300000.0,9000.0,32,181,78
176137,70,1300000.0,10000.0,32,183,79
177525,70,650000.0,7000.0,35,187,86
177684,70,1000000.0,8000.0,32,188,80
177782,70,500000.0,8000.0,36,183,80
177790,70,750000.0,6000.0,33,189,86
178310,70,525000.0,15000.0,34,180,73
178319,70,550000.0,6000.0,34,176,77
178418,70,275000.0,11000.0,37,188,82
179528,70,550000.0,5000.0,34,182,76
179547,70,525000.0,18000.0,33,189,77
179574,70,1000000.0,4000.0,33,179,82
179696,70,1100000.0,7000.0,32,180,79
181371,70,450000.0,4000.0,35,181,76
182435,70,800000.0,3000.0,32,193,78
182713,70,425000.0,3000.0,35,189,84
183177,70,550000.0,7000.0,36,188,84
183422,70,975000.0,16000.0,33,180,77
183518,70,1300000.0,5000.0,31,181,73
183893,70,800000.0,7000.0,33,181,73
184154,70,1300000.0,12000.0,31,180,76
184271,70,1300000.0,9000.0,31,184,76
184417,70,1100000.0,5000.0,31,180,75
184643,70,1200000.0,5000.0,31,175,68
184716,70,1300000.0,16000.0,31,168,62
185199,70,1000000.0,9000.0,33,189,80
185349,70,825000.0,26000.0,33,178,72
186402,70,275000.0,500.0,37,184,82
186518,70,650000.0,500.0,35,180,75
186568,70,1300000.0,4000.0,32,181,78
186651,70,825000.0,10000.0,33,177,65
186672,70,425000.0,3000.0,35,191,84
186674,70,725000.0,5000.0,34,178,82
186695,70,1300000.0,8000.0,30,185,81
186805,70,1300000.0,7000.0,31,170,67
186977,70,425000.0,500.0,35,185,80
187110,70,1100000.0,22000.0,32,176,83
187498,70,1300000.0,13000.0,32,181,69
188421,70,1200000.0,7000.0,31,173,71
188616,70,1000000.0,11000.0,33,169,65
188844,70,525000.0,6000.0,34,184,73
189211,70,650000.0,4000.0,35,178,84
189300,70,1400000.0,6000.0,29,174,66
189357,70,525000.0,2000.0,33,183,75
189403,70,1300000.0,17000.0,30,189,82
189430,70,1100000.0,13000.0,30,188,83
189447,70,1300000.0,7000.0,31,184,75
189482,70,1200000.0,5000.0,31,180,78
189655,70,1300000.0,4000.0,32,187,84
189661,70,1600000.0,17000.0,30,183,83
189703,70,1300000.0,500.0,31,166,64
189930,70,1200000.0,13000.0,31,178,70
190058,70,1300000.0,10000.0,31,177,74
190084,70,1500000.0,12000.0,30,191,86
190435,70,800000.0,5000.0,32,187,82
190467,70,1400000.0,5000.0,29,182,79
190589,70,1500000.0,12000.0,30,180,73
190769,70,850000.0,2000.0,31,187,80
191111,70,1100000.0,3000.0,32,182,73
191209,70,1300000.0,12000.0,31,180,76
192009,70,1400000.0,19000.0,28,186,85
192074,70,325000.0,3000.0,37,181,77
192476,70,1100000.0,5000.0,31,185,86
192490,70,1000000.0,7000.0,33,182,72
192561,70,1600000.0,7000.0,29,184,78
192634,70,1300000.0,7000.0,31,180,71
192732,70,1300000.0,14000.0,31,180,77
192838,70,1100000.0,10000.0,32,187,77
193077,70,1600000.0,18000.0,30,186,75
193141,70,500000.0,7000.0,35,178,82
193182,70,1100000.0,12000.0,30,185,75
193201,70,1400000.0,26000.0,29,173,73
193267,70,425000.0,2000.0,35,178,77
193278,70,1300000.0,5000.0,30,185,78
193414,70,1500000.0,10000.0,30,175,71
193631,70,1000000.0,7000.0,32,183,75
194017,70,1600000.0,21000.0,29,178,76
194018,70,1600000.0,20000.0,30,188,86
194077,70,1000000.0,10000.0,32,184,76
194079,70,1500000.0,9000.0,30,177,67
194083,70,550000.0,7000.0,36,185,79
194149,70,1600000.0,11000.0,29,183,84
194171,70,1300000.0,12000.0,31,177,71
194334,70,1300000.0,21000.0,30,190,84
194365,70,675000.0,4000.0,35,174,70
194662,70,1600000.0,24000.0,30,191,90
194753,70,1100000.0,3000.0,31,186,75
194841,70,550000.0,500.0,34,180,80
194846,70,1200000.0,5000.0,31,177,73
194934,70,850000.0,5000.0,31,179,72
195037,70,1300000.0,15000.0,30,191,90
195065,70,1600000.0,9000.0,29,183,64
196885,70,275000.0,7000.0,34,192,85
197641,70,800000.0,3000.0,32,184,74
197777,70,1400000.0,10000.0,29,181,75
197971,70,1600000.0,9000.0,30,187,88
197996,70,1400000.0,5000.0,29,176,72
198039,70,1300000.0,16000.0,29,192,83
198190,70,1400000.0,17000.0,30,183,70
198198,70,1300000.0,7000.0,29,184,83
198394,70,1600000.0,700.0,29,181,72
198426,70,1000000.0,2000.0,33,183,75
198554,70,1600000.0,18000.0,30,180,81
198601,70,1300000.0,30000.0,31,173,72
198611,70,675000.0,2000.0,35,184,77
198614,70,750000.0,6000.0,33,186,84
198687,70,1100000.0,5000.0,32,174,72
198705,70,1400000.0,5000.0,28,170,69
198817,70,1300000.0,10000.0,31,173,68
198836,70,1500000.0,11000.0,30,180,70
198868,70,1300000.0,5000.0,29,187,78
198908,70,1400000.0,10000.0,29,184,75
199282,70,1100000.0,7000.0,31,172,74
199347,70,1300000.0,3000.0,30,188,85
199392,70,1100000.0,7000.0,32,174,78
199417,70,800000.0,7000.0,32,183,75
199487,70,1000000.0,5000.0,32,188,79
199537,70,750000.0,4000.0,33,180,74
199700,70,1300000.0,1000.0,32,168,73
199738,70,1300000.0,500.0,30,182,79
199739,70,1500000.0,6000.0,30,174,68
199848,70,1100000.0,5000.0,32,182,76
199952,70,1500000.0,9000.0,30,169,67
199960,70,1600000.0,17000.0,29,175,68
200065,70,1700000.0,8000.0,27,196,86
200278,70,1000000.0,2000.0,32,191,88
200443,70,1200000.0,6000.0,31,177,70
200489,70,1000000.0,7000.0,33,189,82
200577,70,575000.0,6000.0,34,180,76
200689,70,1400000.0,9000.0,29,185,82
200754,70,1600000.0,20000.0,29,185,85
200918,70,1600000.0,17000.0,29,181,70
200962,70,1300000.0,6000.0,31,168,65
201066,70,1300000.0,15000.0,32,171,69
201208,70,1500000.0,4000.0,28,188,88
201266,70,1600000.0,10000.0,29,180,67
201528,70,1100000.0,7000.0,31,186,74
201549,70,,,33,180,76
201888,70,1900000.0,4000.0,27,175,75
201936,70,525000.0,4000.0,33,192,82
201991,70,1300000.0,5000.0,30,187,74
202148,70,1600000.0,4000.0,29,180,76
202220,70,1300000.0,6000.0,32,185,84
202356,70,825000.0,10000.0,33,182,73
202451,70,1100000.0,600.0,31,188,86
202530,70,1300000.0,800.0,31,183,78
202539,70,1600000.0,29000.0,30,174,77
202676,70,1600000.0,6000.0,28,183,69
202686,70,1300000.0,20000.0,31,170,69
202810,70,1500000.0,2000.0,28,185,83
202886,70,1200000.0,4000.0,29,194,85
202905,70,1600000.0,5000.0,28,185,82
202986,70,1100000.0,5000.0,32,177,72
203276,70,1600000.0,6000.0,29,180,72
203304,70,1600000.0,12000.0,28,177,79
203344,70,1300000.0,14000.0,31,183,75
203485,70,1800000.0,26000.0,27,188,70
203547,70,1300000.0,8000.0,30,184,71
203749,70,1300000.0,8000.0,29,196,90
203929,70,1000000.0,4000.0,32,193,85
204136,70,775000.0,7000.0,34,178,67
204163,70,1500000.0,6000.0,28,180,80
204242,70,1500000.0,4000.0,30,175,68
204247,70,1700000.0,9000.0,27,171,70
204289,70,1700000.0,5000.0,27,180,82
204307,70,1400000.0,13000.0,29,177,70
204344,70,1600000.0,8000.0,29,170,70
204349,70,800000.0,8000.0,32,190,79
204447,70,750000.0,3000.0,33,185,80
204687,70,1200000.0,8000.0,31,184,76
204709,70,1600000.0,6000.0,28,180,77
204842,70,1500000.0,8000.0,28,196,88
204966,70,1500000.0,6000.0,27,187,74
205054,70,1400000.0,8000.0,29,185,78
205086,70,1600000.0,15000.0,28,175,72
205214,70,1600000.0,4000.0,28,182,74
205463,70,1400000.0,9000.0,29,178,75
205556,70,1600000.0,14000.0,26,187,86
205565,70,1100000.0,6000.0,31,192,78
205818,70,1700000.0,12000.0,27,173,70
205998,70,1500000.0,8000.0,28,173,72
206042,70,1600000.0,12000.0,29,178,68
206141,70,1600000.0,16000.0,29,197,87
206145,70,1500000.0,11000.0,27,192,84
206436,70,1900000.0,4000.0,26,179,71
206553,70,1300000.0,8000.0,29,184,91
206561,70,1700000.0,20000.0,25,195,72
207956,70,1800000.0,9000.0,27,175,74
208014,70,1600000.0,6000.0,27,190,78
208088,70,1900000.0,6000.0,26,182,73
208534,70,1800000.0,26000.0,27,189,90
208581,70,2200000.0,10000.0,24,176,70
208638,70,1400000.0,7000.0,28,180,71
208719,70,1100000.0,3000.0,28,188,95
208817,70,1100000.0,5000.0,31,185,79
208835,70,1500000.0,6000.0,30,175,70
208862,70,1300000.0,10000.0,29,184,66
209005,70,1000000.0,650.0,32,180,75
209378,70,525000.0,6000.0,34,177,76
209449,70,1500000.0,5000.0,30,173,64
209521,70,1400000.0,12000.0,28,180,70
209532,70,1600000.0,20000.0,26,191,81
209610,70,975000.0,12000.0,33,166,64
209698,70,1400000.0,5000.0,29,183,73
209818,70,1500000.0,16000.0,27,181,74
209840,70,1400000.0,23000.0,28,185,84
210129,70,1100000.0,600.0,32,177,75
210219,70,775000.0,9000.0,34,186,75
210538,70,1100000.0,13000.0,31,182,76
210653,70,1300000.0,8000.0,29,180,70
210703,70,1900000.0,8000.0,26,185,74
210833,70,1700000.0,10000.0,27,179,73
210880,70,1400000.0,3000.0,28,178,76
210923,70,1100000.0,16000.0,29,187,79
210951,70,1800000.0,5000.0,27,170,70
211033,70,1400000.0,10000.0,28,181,86
211037,70,1400000.0,7000.0,29,179,74
211057,70,1600000.0,5000.0,28,173,70
211177,70,1600000.0,5000.0,28,183,75
211231,70,1400000.0,12000.0,28,169,67
211239,70,2000000.0,16000.0,25,170,70
211272,70,1100000.0,7000.0,32,179,78
211339,70,1300000.0,650.0,31,171,70
211384,70,1800000.0,20000.0,26,183,75
211504,70,2000000.0,41000.0,26,182,72
211946,70,1100000.0,5000.0,30,187,91
211966,70,1900000.0,8000.0,25,178,73
212095,70,525000.0,650.0,34,183,79
212104,70,1500000.0,6000.0,27,176,67
212121,70,2200000.0,8000.0,25,189,82
212129,70,1800000.0,6000.0,27,190,82
212249,70,1800000.0,15000.0,27,184,76
212261,70,2100000.0,7000.0,26,175,71
212381,70,1900000.0,11000.0,27,172,65
212424,70,1500000.0,5000.0,28,173,69
212454,70,1900000.0,19000.0,26,180,75
212466,70,1700000.0,24000.0,27,175,73
212519,70,1000000.0,11000.0,33,170,67
212625,70,2000000.0,8000.0,25,183,74
212879,70,1600000.0,11000.0,30,179,79
213000,70,1500000.0,6000.0,26,190,76
213064,70,1400000.0,5000.0,28,180,77
213136,70,1300000.0,8000.0,30,184,75
213301,70,2200000.0,13000.0,24,168,60
213317,70,1400000.0,19000.0,29,175,73
213332,70,1500000.0,5000.0,28,182,74
213490,70,2400000.0,16000.0,24,182,70
213556,70,1300000.0,650.0,32,180,73
213557,70,1600000.0,5000.0,28,177,69
213659,70,2200000.0,11000.0,25,181,76
213702,70,2100000.0,7000.0,26,171,72
213725,70,2000000.0,8000.0,26,173,63
213729,70,2000000.0,2000.0,25,189,80
213763,70,1300000.0,5000.0,30,177,67
213839,70,2100000.0,5000.0,26,190,86
214021,70,1000000.0,2000.0,32,182,73
214190,70,180000.0,1000.0,37,183,78
214238,70,1800000.0,6000.0,27,175,60
214294,70,1300000.0,12000.0,31,180,76
214313,70,1600000.0,7000.0,28,176,71
214366,70,1600000.0,650.0,28,173,76
214376,70,1400000.0,1000.0,30,168,70
214404,70,1700000.0,7000.0,27,185,77
214415,70,1300000.0,2000.0,29,189,75
214485,70,1600000.0,2000.0,28,180,70
214660,70,1500000.0,8000.0,27,169,68
214777,70,1600000.0,8000.0,29,182,80
214817,70,1600000.0,9000.0,28,178,78
214882,70,1300000.0,6000.0,29,183,83
214911,70,1200000.0,7000.0,31,180,74
214918,70,1500000.0,8000.0,30,181,76
214944,70,2100000.0,10000.0,26,187,77
214990,70,1400000.0,10000.0,28,172,70
214998,70,325000.0,5000.0,36,171,68
215042,70,750000.0,8000.0,34,170,67
215049,70,1100000.0,6000.0,32,168,65
215155,70,1600000.0,8000.0,29,170,65
215213,70,2000000.0,8000.0,25,191,85
215292,70,775000.0,8000.0,34,180,76
215294,70,1000000.0,8000.0,33,185,83
215391,70,1100000.0,8000.0,31,195,87
215417,70,1100000.0,6000.0,29,190,89
215496,70,1400000.0,4000.0,28,181,74
215708,70,1300000.0,4000.0,30,185,76
215823,70,1500000.0,5000.0,29,185,80
215970,70,1800000.0,24000.0,26,181,75
215995,70,1100000.0,6000.0,32,186,82
216003,70,2400000.0,6000.0,24,180,72
216245,70,1600000.0,18000.0,27,183,84
216349,70,2200000.0,15000.0,25,169,69
216416,70,1800000.0,8000.0,26,184,77
216428,70,1600000.0,750.0,29,181,71
216476,70,1500000.0,1000.0,30,172,65
216706,70,1400000.0,7000.0,29,174,75
216730,70,2100000.0,13000.0,26,191,83
216802,70,2100000.0,800.0,26,169,71
217082,70,1600000.0,8000.0,28,188,84
217085,70,1700000.0,6000.0,27,178,71
217649,70,800000.0,4000.0,32,187,83
217813,70,1700000.0,9000.0,27,189,84
217852,70,1300000.0,5000.0,31,173,70
218621,70,1200000.0,500.0,31,175,74
218658,70,2000000.0,4000.0,26,193,78
218717,70,1600000.0,650.0,28,162,76
219413,70,1400000.0,2000.0,29,179,78
219525,70,1600000.0,9000.0,29,179,75
219582,70,1300000.0,15000.0,29,192,85
219584,70,1600000.0,9000.0,26,195,86
219591,70,1800000.0,600.0,26,189,79
219755,70,1300000.0,8000.0,31,184,78
219823,70,1600000.0,850.0,28,180,76
219836,70,1500000.0,11000.0,27,190,85
219841,70,1800000.0,5000.0,27,181,64
219848,70,2100000.0,6000.0,26,181,73
219852,70,1800000.0,10000.0,27,191,80
219911,70,1100000.0,550.0,31,188,88
220064,70,2100000.0,12000.0,26,165,55
220075,70,2100000.0,20000.0,26,191,67
220175,70,2400000.0,8000.0,24,177,76
220314,70,850000.0,5000.0,31,193,78
220383,70,1900000.0,9000.0,25,185,71
220820,70,1400000.0,7000.0,28,198,98
220862,70,1600000.0,21000.0,29,183,85
221312,70,1800000.0,8000.0,27,181,73
221433,70,2200000.0,8000.0,25,174,74
221459,70,1600000.0,550.0,30,181,79
221553,70,1300000.0,4000.0,31,187,80
221618,70,2200000.0,17000.0,25,184,80
221695,70,2300000.0,7000.0,25,176,80
221737,70,1900000.0,9000.0,26,182,82
221994,70,1800000.0,11000.0,26,177,73
222116,70,1900000.0,12000.0,25,166,67
222160,70,1900000.0,25000.0,25,174,71
222224,70,1300000.0,5000.0,30,182,80
222278,70,1400000.0,8000.0,30,177,75
222562,70,1700000.0,27000.0,26,186,76
222585,70,1600000.0,500.0,28,186,76
222634,70,2400000.0,10000.0,25,182,90
222636,70,2100000.0,11000.0,25,188,90
222693,70,1700000.0,11000.0,26,174,63
222724,70,2400000.0,11000.0,24,169,68
222825,70,1700000.0,4000.0,26,172,72
223045,70,1400000.0,10000.0,29,179,73
223046,70,1600000.0,10000.0,27,184,77
223064,70,1600000.0,8000.0,28,193,97
223188,70,1200000.0,18000.0,31,171,71
223553,70,525000.0,600.0,36,169,68
223618,70,2100000.0,2000.0,25,173,72
223633,70,1900000.0,10000.0,26,184,76
223686,70,1700000.0,9000.0,25,188,80
223694,70,1300000.0,8000.0,30,185,80
223779,70,2100000.0,750.0,26,183,76
223790,70,1900000.0,18000.0,26,180,75
223791,70,2100000.0,9000.0,26,165,60
223818,70,1100000.0,4000.0,31,188,84
223843,70,180000.0,500.0,36,189,82
223905,70,2100000.0,16000.0,25,180,77
223929,70,2400000.0,22000.0,23,183,82
224067,70,1500000.0,8000.0,28,185,85
224186,70,1800000.0,10000.0,26,189,95
224187,70,1700000.0,11000.0,27,178,76
224191,70,2100000.0,8000.0,25,172,66
224265,70,3000000.0,15000.0,24,185,80
224367,70,425000.0,5000.0,35,184,84
224376,70,2000000.0,5000.0,26,191,83
224509,70,2200000.0,12000.0,25,179,71
224524,70,1500000.0,7000.0,29,190,80
224590,70,2100000.0,4000.0,26,186,75
224591,70,2000000.0,5000.0,26,188,80
224836,70,1900000.0,13000.0,24,202,90
224891,70,1900000.0,4000.0,26,170,70
224970,70,1900000.0,8000.0,25,170,65
224995,70,1900000.0,2000.0,26,173,60
225071,70,2100000.0,16000.0,25,185,68
225106,70,3000000.0,14000.0,24,192,75
225114,70,1900000.0,10000.0,27,181,69
225117,70,2100000.0,22000.0,25,181,74
225169,70,1800000.0,5000.0,27,169,67
225199,70,2300000.0,7000.0,25,168,58
225282,70,1600000.0,6000.0,25,188,83
225305,70,1700000.0,26000.0,27,179,70
225386,70,1700000.0,7000.0,26,186,86
225402,70,1400000.0,7000.0,28,178,70
225455,70,3200000.0,10000.0,23,172,68
225502,70,3200000.0,6000.0,24,181,73
225673,70,1800000.0,16000.0,26,190,83
225775,70,2400000.0,13000.0,23,185,78
225779,70,3300000.0,10000.0,23,185,64
225785,70,3200000.0,10000.0,23,178,67
225908,70,3000000.0,11000.0,22,193,86
225956,70,2100000.0,11000.0,25,178,69
225974,70,3000000.0,20000.0,24,189,80
226050,70,2200000.0,15000.0,24,182,80
226060,70,1700000.0,4000.0,27,167,65
226103,70,3400000.0,5000.0,23,175,70
226278,70,1600000.0,600.0,28,176,73
226508,70,2400000.0,21000.0,23,175,68
226616,70,1300000.0,8000.0,29,183,84
226677,70,3200000.0,23000.0,23,178,74
226706,70,1900000.0,8000.0,26,178,68
226928,70,825000.0,8000.0,33,178,73
227106,70,2100000.0,10000.0,26,185,83
227530,70,1100000.0,8000.0,32,178,65
227600,70,2100000.0,12000.0,24,178,68
227602,70,1600000.0,9000.0,28,184,75
227903,70,3600000.0,9000.0,22,179,72
227911,70,2400000.0,5000.0,24,169,66
227978,70,2500000.0,8000.0,23,174,67
228080,70,2400000.0,22000.0,23,170,74
228144,70,1900000.0,17000.0,27,177,76
228245,70,1600000.0,10000.0,28,179,74
228326,70,1700000.0,13000.0,27,177,73
228383,70,3100000.0,7000.0,22,195,80
228410,70,1900000.0,26000.0,23,193,80
228591,70,2200000.0,4000.0,25,176,73
228761,70,3200000.0,6000.0,24,182,76
228782,70,2100000.0,4000.0,24,185,80
228790,70,2400000.0,5000.0,23,173,70
228804,70,2400000.0,10000.0,24,180,66
228828,70,3000000.0,6000.0,24,182,77
228829,70,1300000.0,12000.0,30,193,81
228942,70,1900000.0,13000.0,25,184,77
229092,70,1700000.0,9000.0,26,174,72
229236,70,2100000.0,9000.0,25,178,68
229255,70,1600000.0,3000.0,27,186,80
229336,70,3200000.0,12000.0,24,188,84
229428,70,1900000.0,7000.0,26,178,72
229487,70,2000000.0,19000.0,25,184,76
229584,70,1900000.0,13000.0,25,183,74
229692,70,1400000.0,7000.0,27,183,80
229896,70,1900000.0,6000.0,25,182,74
229900,70,2400000.0,9000.0,24,186,73
229956,70,3100000.0,4000.0,24,188,87
229991,70,2300000.0,11000.0,23,172,63
230144,70,2500000.0,15000.0,23,175,68
230169,70,1300000.0,6000.0,25,182,77
230180,70,525000.0,7000.0,33,185,79
230190,70,1600000.0,12000.0,25,178,76
230193,70,1600000.0,13000.0,25,178,75
230194,70,1700000.0,9000.0,21,168,60
230203,70,1600000.0,13000.0,25,184,72
230233,70,1700000.0,12000.0,21,169,69
230243,70,1600000.0,7000.0,25,176,78
230249,70,1600000.0,7000.0,25,189,84
230263,70,1600000.0,9000.0,29,175,70
230266,70,1800000.0,9000.0,25,174,68
230292,70,1800000.0,9000.0,25,165,62
230296,70,1600000.0,15000.0,29,172,66
230299,70,1800000.0,15000.0,25,178,78
230343,70,1700000.0,5000.0,21,179,74
230377,70,1000000.0,19000.0,33,168,67
230380,70,1900000.0,12000.0,21,177,74
230382,70,1300000.0,8000.0,29,182,84
230383,70,1500000.0,12000.0,25,191,90
230387,70,1500000.0,7000.0,25,187,79
230394,70,1800000.0,15000.0,25,179,79
230398,70,1300000.0,14000.0,29,188,88
230400,70,1600000.0,6000.0,21,194,85
230410,70,1600000.0,20000.0,29,170,70
230415,70,1600000.0,5000.0,21,188,85
230443,70,1700000.0,5000.0,21,184,82
230444,70,1800000.0,10000.0,25,173,70
230454,70,1900000.0,16000.0,21,179,73
230459,70,1900000.0,13000.0,21,173,65
230486,70,1800000.0,8000.0,25,181,80
230522,70,1900000.0,6000.0,21,170,66
230531,70,1700000.0,6000.0,21,182,77
230601,70,2400000.0,4000.0,24,190,83
230686,70,3500000.0,9000.0,23,177,75
230857,70,1600000.0,28000.0,30,182,70
230936,70,,,26,178,70
231027,70,1500000.0,11000.0,30,168,62
231098,70,1400000.0,13000.0,29,180,74
231237,70,1900000.0,4000.0,23,195,87
231433,70,2000000.0,550.0,25,177,67
231512,70,3400000.0,15000.0,22,191,76
231530,70,1900000.0,7000.0,26,174,70
231688,70,1800000.0,4000.0,27,187,80
231848,70,2500000.0,9000.0,24,174,75
231868,70,2200000.0,5000.0,25,185,70
231949,70,1700000.0,24000.0,27,177,79
232094,70,2100000.0,6000.0,26,185,73
232156,70,2500000.0,8000.0,24,188,78
232183,70,1400000.0,9000.0,28,165,71
232185,70,2400000.0,18000.0,23,181,68
232278,70,1900000.0,10000.0,26,168,84
232350,70,2000000.0,500.0,25,190,85
232413,70,2200000.0,13000.0,24,183,72
232461,70,1600000.0,4000.0,27,187,78
232593,70,1700000.0,8000.0,27,185,74
232654,70,3100000.0,5000.0,24,181,75
232775,70,1600000.0,8000.0,29,175,67
232789,70,1600000.0,8000.0,28,161,57
232810,70,1800000.0,7000.0,26,170,64
232875,70,825000.0,7000.0,33,178,74
232883,70,1600000.0,8000.0,29,174,68
232884,70,1600000.0,7000.0,29,172,63
233034,70,1900000.0,6000.0,26,183,77
233079,70,2100000.0,11000.0,25,184,78
233097,70,3000000.0,13000.0,22,185,81
233207,70,1700000.0,14000.0,27,176,70
233222,70,3200000.0,8000.0,23,176,70
233437,70,1200000.0,550.0,31,182,78
233484,70,3200000.0,7000.0,22,175,74
233487,70,3200000.0,11000.0,22,178,72
233510,70,3600000.0,35000.0,21,185,75
233512,70,1500000.0,8000.0,29,181,78
233529,70,1600000.0,700.0,29,178,75
233532,70,1300000.0,500.0,30,175,78
233544,70,1800000.0,8000.0,27,170,65
233642,70,2200000.0,500.0,24,184,81
233647,70,1300000.0,12000.0,29,192,86
233705,70,2400000.0,15000.0,23,184,77
233732,70,2500000.0,13000.0,23,181,77
233884,70,2300000.0,5000.0,24,184,76
233897,70,1600000.0,9000.0,29,184,72
233926,70,3000000.0,15000.0,24,183,79
233954,70,2100000.0,19000.0,24,176,69
233978,70,1600000.0,16000.0,25,178,71
233999,70,1400000.0,7000.0,21,179,76
234476,70,1300000.0,8000.0,31,193,90
234578,70,1400000.0,21000.0,30,185,65
234630,70,1500000.0,500.0,30,169,72
234740,70,2500000.0,6000.0,24,176,70
234760,70,1900000.0,23000.0,26,187,81
234779,70,1600000.0,5000.0,27,184,83
234790,70,2700000.0,4000.0,23,185,78
234848,70,3000000.0,6000.0,23,171,66
234905,70,2400000.0,9000.0,23,175,77
234933,70,1500000.0,13000.0,29,178,79
235123,70,2300000.0,8000.0,25,177,80
235135,70,2100000.0,16000.0,25,183,75
235317,70,1300000.0,650.0,31,186,78
235515,70,1900000.0,6000.0,25,179,70
235544,70,1500000.0,8000.0,27,186,76
235563,70,2200000.0,3000.0,22,177,75
235589,70,2900000.0,6000.0,25,195,86
235623,70,1900000.0,16000.0,26,175,71
235642,70,3300000.0,20000.0,23,190,77
235740,70,1400000.0,8000.0,28,193,88
235782,70,2300000.0,8000.0,25,188,75
235849,70,2300000.0,3000.0,23,186,75
235947,70,2400000.0,15000.0,24,172,68
235950,70,1600000.0,750.0,28,180,78
235987,70,2300000.0,6000.0,24,167,60
235989,70,2400000.0,10000.0,25,186,82
236113,70,1400000.0,17000.0,29,171,65
236145,70,1400000.0,14000.0,29,181,78
236147,70,1600000.0,20000.0,29,181,73
236164,70,1800000.0,14000.0,25,181,76
236175,70,1600000.0,10000.0,29,175,70
236189,70,1800000.0,10000.0,25,186,82
236267,70,2000000.0,700.0,26,182,80
236369,70,3300000.0,8000.0,23,194,88
236529,70,3600000.0,24000.0,22,180,75
236530,70,3600000.0,6000.0,22,173,63
236630,70,1900000.0,8000.0,26,180,72
236649,70,2700000.0,5000.0,24,183,73
236668,70,2200000.0,7000.0,24,178,68
236747,70,1500000.0,2000.0,30,170,66
236758,70,3100000.0,14000.0,22,190,82
236760,70,2500000.0,6000.0,24,184,74
236823,70,2700000.0,3000.0,24,181,84
237051,70,1800000.0,9000.0,26,180,75
237156,70,3400000.0,44000.0,22,177,70
237245,70,2300000.0,4000.0,24,175,70
237255,70,3000000.0,4000.0,24,188,84
237286,70,3300000.0,23000.0,21,175,73
237376,70,1900000.0,6000.0,26,175,71
237429,70,1800000.0,7000.0,26,183,77
237442,70,1600000.0,6000.0,27,179,77
237453,70,2200000.0,5000.0,25,180,75
237477,70,3600000.0,14000.0,22,177,70
237502,70,2300000.0,11000.0,23,185,75
237512,70,2400000.0,7000.0,23,180,76
237554,70,2100000.0,8000.0,25,186,82
237647,70,2200000.0,13000.0,24,183,74
237662,70,2000000.0,4000.0,23,177,70
237670,70,2400000.0,6000.0,23,179,72
237712,70,3600000.0,5000.0,22,178,74
238097,70,2200000.0,3000.0,24,173,70
238516,70,3300000.0,18000.0,21,185,81
238593,70,1700000.0,8000.0,26,185,78
238637,70,2400000.0,12000.0,23,175,75
238860,70,1500000.0,5000.0,29,186,80
238924,70,1300000.0,6000.0,31,185,79
239049,70,3000000.0,15000.0,24,170,70
239073,70,1700000.0,13000.0,27,173,72
239096,70,1900000.0,12000.0,24,191,76
239138,70,3600000.0,11000.0,21,179,69
239186,70,1700000.0,6000.0,27,182,75
239200,70,2100000.0,6000.0,26,176,70
239307,70,3200000.0,7000.0,22,180,64
239340,70,2300000.0,9000.0,23,195,85
239432,70,2300000.0,10000.0,24,188,82
239475,70,2400000.0,21000.0,22,175,62
239575,70,2200000.0,10000.0,24,195,94
239669,70,2100000.0,5000.0,25,185,75
239701,70,3600000.0,6000.0,21,174,73
239708,70,2500000.0,14000.0,23,186,79
239732,70,3500000.0,22000.0,23,185,77
239747,70,3200000.0,13000.0,23,188,87
239778,70,3700000.0,22000.0,22,188,78
239816,70,3100000.0,7000.0,21,193,88
239881,70,3600000.0,9000.0,22,174,66
239894,70,3200000.0,9000.0,24,177,68
239945,70,3000000.0,19000.0,23,163,64
240019,70,3600000.0,8000.0,21,179,64
240031,70,2100000.0,550.0,25,182,76
240045,70,2400000.0,11000.0,24,184,75
240138,70,1600000.0,700.0,28,186,84
240164,70,1700000.0,600.0,26,169,72
240271,70,2500000.0,14000.0,23,178,71
240282,70,,,25,185,80
240311,70,3100000.0,7000.0,23,183,78
240730,70,2500000.0,3000.0,24,177,70
240783,70,3900000.0,13000.0,21,183,75
240944,70,2400000.0,13000.0,25,184,78
241050,70,1100000.0,5000.0,30,195,90
241071,70,3300000.0,11000.0,23,165,63
241135,70,1600000.0,9000.0,26,183,73
241238,70,2500000.0,4000.0,23,178,74
241389,70,3200000.0,14000.0,22,168,55
241410,70,3800000.0,27000.0,19,178,74
241412,70,1700000.0,12000.0,26,181,72
241474,70,3600000.0,9000.0,22,177,66
241487,70,3800000.0,4000.0,20,173,64
241536,70,2200000.0,11000.0,24,180,74
241568,70,3600000.0,6000.0,21,175,69
241588,70,3500000.0,11000.0,23,180,78
241629,70,3400000.0,13000.0,23,178,70
241731,70,1700000.0,12000.0,27,175,75
241790,70,1400000.0,9000.0,28,196,85
241933,70,3600000.0,9000.0,21,173,68
241941,70,2300000.0,11000.0,22,184,83
241947,70,3600000.0,10000.0,21,170,66
242052,70,2500000.0,5000.0,24,178,70
242079,70,3300000.0,17000.0,23,183,75
242143,70,1800000.0,12000.0,27,184,77
242160,70,1600000.0,3000.0,28,185,77
242195,70,3700000.0,7000.0,22,184,84
242214,70,3300000.0,3000.0,20,180,73
242238,70,3300000.0,10000.0,21,192,81
242294,70,3300000.0,7000.0,23,173,73
242336,70,2300000.0,7000.0,25,175,70
242372,70,1700000.0,7000.0,26,180,75
242494,70,2000000.0,10000.0,25,191,85
242573,70,3600000.0,4000.0,21,168,69
242614,70,2200000.0,7000.0,25,190,85
242629,70,3000000.0,4000.0,23,182,71
242660,70,3400000.0,10000.0,21,187,80
242776,70,1900000.0,6000.0,26,172,64
242818,70,3100000.0,8000.0,23,187,82
242865,70,3000000.0,10000.0,24,176,69
242934,70,1600000.0,500.0,27,185,75
242958,70,3000000.0,13000.0,22,188,80
242997,70,3600000.0,13000.0,22,173,70
243249,70,3600000.0,16000.0,21,188,75
243270,70,2500000.0,6000.0,24,181,66
243350,70,3800000.0,5000.0,21,179,69
243401,70,3600000.0,6000.0,22,176,67
243538,70,1900000.0,8000.0,24,201,96
243573,70,2000000.0,2000.0,22,186,80
243716,70,2200000.0,5000.0,24,184,74
243756,70,1400000.0,6000.0,29,174,71
243792,70,3500000.0,13000.0,23,178,70
243821,70,1300000.0,9000.0,32,180,75
243977,70,1600000.0,10000.0,29,175,75
244006,70,1700000.0,5000.0,26,187,79
244042,70,3600000.0,4000.0,21,180,75
244204,70,2300000.0,500.0,24,194,80
244205,70,3600000.0,8000.0,23,172,75
244271,70,2000000.0,10000.0,24,184,75
244272,70,1600000.0,500.0,26,197,84
244389,70,3600000.0,550.0,22,176,69
244390,70,1600000.0,9000.0,28,188,85
244497,70,3400000.0,500.0,22,173,68
244523,70,3400000.0,6000.0,23,182,75
244582,70,1700000.0,4000.0,27,180,70
244584,70,1300000.0,500.0,29,188,82
244790,70,2000000.0,600.0,25,176,74
244853,70,3600000.0,11000.0,21,179,66
244895,70,3600000.0,8000.0,20,175,66
244938,70,2300000.0,17000.0,22,185,76
244952,70,3400000.0,10000.0,22,180,75
244987,70,800000.0,6000.0,32,185,86
245017,70,2200000.0,13000.0,25,185,74
245054,70,3500000.0,6000.0,23,175,68
245065,70,3400000.0,3000.0,21,169,65
245261,70,1800000.0,5000.0,27,176,70
245336,70,3300000.0,29000.0,24,195,80
245354,70,3600000.0,8000.0,22,179,71
245428,70,2400000.0,4000.0,24,178,73
245429,70,3400000.0,500.0,21,184,77
245437,70,3600000.0,21000.0,22,190,79
245540,70,3000000.0,600.0,23,183,82
245543,70,2200000.0,14000.0,25,180,79
245550,70,2100000.0,7000.0,26,189,88
245652,70,2400000.0,7000.0,23,195,91
245714,70,3600000.0,15000.0,22,175,70
245785,70,1900000.0,7000.0,25,184,80
245999,70,3500000.0,18000.0,20,176,63
246006,70,3000000.0,4000.0,23,170,68
246033,70,3400000.0,4000.0,22,179,78
246070,70,3800000.0,5000.0,20,180,73
246106,70,3400000.0,7000.0,22,180,71
246155,70,3300000.0,12000.0,20,183,73
246164,70,2200000.0,13000.0,22,188,80
246169,70,3600000.0,3000.0,21,179,70
246237,70,3200000.0,5000.0,20,184,80
246255,70,3300000.0,19000.0,23,178,66
246263,70,3400000.0,6000.0,21,175,72
246279,70,2400000.0,5000.0,24,182,68
246316,70,2300000.0,4000.0,24,165,66
246321,70,2400000.0,7000.0,23,173,68
246398,70,2000000.0,500.0,25,185,80
246403,70,1400000.0,650.0,29,180,70
246405,70,2200000.0,31000.0,25,183,70
246431,70,3900000.0,24000.0,22,180,75
246444,70,2200000.0,6000.0,24,178,75
246562,70,2100000.0,3000.0,23,176,72
246666,70,3700000.0,10000.0,20,178,73
246690,70,2400000.0,23000.0,24,184,84
246696,70,1300000.0,6000.0,30,181,83
246716,70,1800000.0,7000.0,26,189,84
246732,70,3600000.0,5000.0,23,179,72
246755,70,3600000.0,12000.0,22,176,75
246771,70,2100000.0,8000.0,25,172,72
246885,70,3200000.0,13000.0,22,177,73
246928,70,3600000.0,14000.0,22,178,70
246947,70,3300000.0,10000.0,23,182,68
247072,70,850000.0,550.0,31,179,73
247106,70,3700000.0,6000.0,20,169,65
247148,70,1000000.0,5000.0,32,185,89
247156,70,3100000.0,6000.0,22,171,74
247185,70,3600000.0,37000.0,21,187,77
247279,70,2200000.0,11000.0,25,188,75
247361,70,3500000.0,11000.0,20,176,66
247412,70,3700000.0,11000.0,21,180,68
247458,70,2600000.0,4000.0,22,178,75
247671,70,1400000.0,700.0,30,170,60
247723,70,3600000.0,21000.0,22,178,64
247870,70,3400000.0,18000.0,21,182,73
247972,70,3200000.0,9000.0,23,177,71
248021,70,1700000.0,9000.0,26,184,77
248053,70,3400000.0,12000.0,23,172,72
248060,70,2600000.0,14000.0,21,177,61
248091,70,1100000.0,7000.0,29,185,75
248297,70,1100000.0,2000.0,32,188,82
248698,70,3300000.0,500.0,22,184,76
248775,70,1900000.0,4000.0,27,181,73
250807,70,3600000.0,20000.0,21,183,76
250858,70,1800000.0,10000.0,27,185,71
250997,70,3400000.0,4000.0,21,187,81
251138,70,1100000.0,500.0,31,186,82
251287,70,3600000.0,6000.0,21,178,72
251377,70,3600000.0,11000.0,21,178,72
251401,70,3500000.0,11000.0,20,175,72
251429,70,2300000.0,11000.0,23,191,76
251438,70,3600000.0,7000.0,22,179,73
251511,70,1200000.0,9000.0,30,190,90
251530,70,3400000.0,24000.0,21,183,75
251613,70,3400000.0,7000.0,21,173,62
251763,70,2400000.0,700.0,23,177,68
251873,70,3700000.0,6000.0,18,173,65
252001,70,2900000.0,2000.0,20,185,72
252037,70,3700000.0,16000.0,18,185,75
252139,70,3600000.0,7000.0,22,180,73
252146,70,3000000.0,11000.0,24,174,70
252208,70,3300000.0,14000.0,20,174,60
252239,70,3600000.0,6000.0,21,169,68
252541,70,3400000.0,8000.0,19,179,70
252711,70,1700000.0,4000.0,27,180,73
252974,70,3200000.0,3000.0,23,175,69
253218,70,1400000.0,600.0,30,178,83
253251,70,3300000.0,8000.0,23,184,80
253275,70,1600000.0,650.0,27,176,82
253278,70,3300000.0,7000.0,23,183,77
253283,70,4100000.0,27000.0,19,175,65
253294,70,1900000.0,650.0,25,176,82
253321,70,1500000.0,700.0,28,185,80
253322,70,1400000.0,700.0,28,178,72
253376,70,3300000.0,6000.0,21,186,68
253619,70,3600000.0,600.0,22,180,73
253718,70,3200000.0,16000.0,24,179,76
253890,70,1400000.0,700.0,30,181,83
253929,70,2100000.0,500.0,23,179,73
254028,70,1300000.0,700.0,29,182,80
254229,70,1200000.0,600.0,31,184,74
254714,70,1700000.0,5000.0,26,185,89
254894,70,2400000.0,8000.0,24,180,77
254910,70,2300000.0,5000.0,24,170,63
254928,70,3400000.0,500.0,21,188,80
255001,70,4100000.0,19000.0,19,179,70
255268,70,3600000.0,11000.0,21,180,74
255353,70,1800000.0,5000.0,27,173,66
255409,70,3300000.0,5000.0,21,188,81
255487,70,1600000.0,17000.0,28,181,72
255578,70,2000000.0,7000.0,26,188,85
255963,70,2000000.0,650.0,26,174,68
256197,70,3200000.0,12000.0,19,183,66
256268,70,3800000.0,29000.0,19,191,75
256343,70,3000000.0,13000.0,23,185,72
256675,70,3600000.0,27000.0,22,177,73
257208,70,3800000.0,10000.0,20,178,69
257234,70,3400000.0,6000.0,21,177,73
257271,70,3400000.0,700.0,17,185,78
257293,70,3400000.0,4000.0,22,188,80
258027,70,2100000.0,4000.0,26,188,80
258090,70,2400000.0,6000.0,22,175,72
258128,70,3500000.0,7000.0,20,170,63
258332,70,1400000.0,600.0,28,180,67
258333,70,1700000.0,600.0,27,190,77
258334,70,1800000.0,650.0,27,172,73
258433,70,3200000.0,12000.0,19,174,67
258478,70,2500000.0,19000.0,23,185,75
258608,70,3200000.0,11000.0,22,170,68
258685,70,3600000.0,8000.0,21,180,77
258881,70,3000000.0,7000.0,24,179,72
258942,70,3700000.0,4000.0,18,180,66
259047,70,2400000.0,500.0,21,179,73
259345,70,2400000.0,12000.0,25,174,63
259675,70,3500000.0,24000.0,23,183,75
259681,70,3900000.0,9000.0,21,168,62
259788,70,3300000.0,5000.0,21,182,75
259868,70,3700000.0,14000.0,18,184,70
259962,70,2400000.0,8000.0,25,175,64
260136,70,3300000.0,500.0,21,182,73
260407,70,3400000.0,6000.0,18,184,74
261050,70,4000000.0,3000.0,18,170,64
261082,70,3800000.0,5000.0,19,178,70
261307,70,3500000.0,5000.0,23,179,67
262081,70,3600000.0,11000.0,21,184,75
262430,70,2100000.0,4000.0,25,171,65
262435,70,1700000.0,5000.0,27,178,73
263377,70,3400000.0,15000.0,19,168,62
264335,70,3300000.0,500.0,17,184,80
18115,69,375000.0,4000.0,35,187,81
48745,69,250000.0,4000.0,39,184,83
49674,69,475000.0,6000.0,38,187,85
108061,69,375000.0,4000.0,35,183,80
115909,69,,3000.0,40,169,68
138798,69,150000.0,4000.0,39,185,77
139668,69,150000.0,4000.0,38,188,83
140498,69,150000.0,4000.0,36,190,82
142616,69,150000.0,3000.0,38,194,92
147846,69,250000.0,5000.0,36,185,80
149064,69,300000.0,7000.0,37,182,82
149309,69,150000.0,10000.0,38,195,88
152536,69,475000.0,18000.0,34,175,70
152814,69,475000.0,4000.0,36,188,85
153066,69,,5000.0,40,174,72
157515,69,425000.0,5000.0,35,174,72
162900,69,550000.0,1000.0,35,173,67
163619,69,725000.0,4000.0,33,173,73
164470,69,275000.0,3000.0,36,185,84
164471,69,600000.0,5000.0,35,188,84
164505,69,150000.0,2000.0,36,193,95
164559,69,475000.0,4000.0,38,183,74
165735,69,150000.0,1000.0,39,193,87
167931,69,150000.0,11000.0,35,190,94
171574,69,150000.0,2000.0,36,184,73
173040,69,650000.0,5000.0,34,173,65
173130,69,850000.0,3000.0,33,175,66
173450,69,725000.0,2000.0,33,179,73
173671,69,450000.0,10000.0,34,185,85
176062,69,550000.0,3000.0,35,185,77
176389,69,150000.0,3000.0,36,191,91
176542,69,475000.0,1000.0,36,173,70
176841,69,1100000.0,12000.0,32,185,77
177129,69,400000.0,8000.0,35,184,80
177279,69,850000.0,3000.0,33,173,71
177571,69,450000.0,7000.0,34,186,81
179731,69,975000.0,5000.0,31,180,76
179899,69,500000.0,4000.0,34,170,64
180174,69,975000.0,7000.0,32,184,80
180337,69,750000.0,5000.0,31,188,84
180409,69,700000.0,7000.0,33,192,88
181971,69,700000.0,10000.0,33,181,72
182091,69,1200000.0,6000.0,31,171,68
182862,69,300000.0,500.0,37,173,73
183220,69,1100000.0,11000.0,31,180,78
183339,69,1300000.0,5000.0,30,186,81
183449,69,450000.0,5000.0,34,180,79
183453,69,925000.0,3000.0,32,190,78
183475,69,750000.0,8000.0,31,185,82
183567,69,700000.0,4000.0,32,193,88
183578,69,450000.0,5000.0,34,186,86
183706,69,1200000.0,12000.0,31,178,83
183743,69,450000.0,9000.0,33,182,88
183973,69,900000.0,4000.0,32,179,70
184084,69,700000.0,7000.0,32,188,81
184167,69,750000.0,6000.0,31,186,79
184338,69,950000.0,2000.0,31,184,80
184469,69,975000.0,20000.0,31,176,70
184624,69,1200000.0,6000.0,31,185,71
184781,69,450000.0,9000.0,33,187,80
184890,69,575000.0,500.0,35,169,65
184990,69,725000.0,4000.0,33,175,67
185260,69,600000.0,6000.0,35,188,80
185405,69,150000.0,2000.0,36,194,87
186139,69,1200000.0,15000.0,29,181,86
186267,69,1200000.0,7000.0,30,178,74
186452,69,1100000.0,5000.0,32,185,82
186553,69,425000.0,5000.0,35,178,75
186562,69,1400000.0,8000.0,30,188,92
186783,69,875000.0,9000.0,33,185,74
186982,69,975000.0,4000.0,32,174,75
187013,69,900000.0,19000.0,32,185,82
187157,69,1400000.0,12000.0,29,180,74
188058,69,1100000.0,10000.0,32,189,79
188094,69,450000.0,17000.0,33,188,83
188168,69,675000.0,10000.0,33,188,83
188271,69,1100000.0,4000.0,32,175,73
188397,69,1200000.0,10000.0,31,193,93
188538,69,1100000.0,8000.0,30,190,85
188607,69,725000.0,9000.0,33,179,72
188768,69,275000.0,8000.0,36,179,77
188916,69,1100000.0,4000.0,30,190,86
189003,69,500000.0,4000.0,34,178,75
189167,69,,,32,178,86
189207,69,1100000.0,7000.0,32,180,69
189234,69,1200000.0,3000.0,31,183,75
189263,69,1200000.0,7000.0,31,176,72
189514,69,425000.0,3000.0,35,170,67
189530,69,725000.0,5000.0,33,176,68
189619,69,1300000.0,14000.0,30,175,70
189701,69,450000.0,5000.0,34,185,79
189715,69,1100000.0,8000.0,31,186,78
189824,69,950000.0,8000.0,31,185,79
190311,69,1200000.0,24000.0,31,188,79
190491,69,1300000.0,4000.0,29,187,86
190557,69,500000.0,4000.0,34,178,70
190592,69,950000.0,8000.0,31,187,86
190772,69,450000.0,4000.0,34,183,79
190979,69,1300000.0,4000.0,28,176,69
191252,69,1000000.0,9000.0,31,183,80
191655,69,925000.0,4000.0,30,187,84
192071,69,1300000.0,3000.0,30,173,65
192320,69,1400000.0,11000.0,29,186,82
192370,69,875000.0,7000.0,33,176,70
192660,69,1400000.0,12000.0,30,192,92
192715,69,1100000.0,6000.0,30,190,80
193027,69,1100000.0,600.0,32,168,62
193092,69,1400000.0,5000.0,29,168,64
193425,69,1100000.0,6000.0,31,188,82
193429,69,1200000.0,17000.0,30,171,60
193561,69,1000000.0,4000.0,31,178,70
193569,69,1100000.0,5000.0,30,185,75
193602,69,900000.0,8000.0,32,180,82
193728,69,1200000.0,5000.0,31,180,76
193900,69,1200000.0,4000.0,30,175,71
193945,69,1200000.0,17000.0,30,180,72
194015,69,1100000.0,12000.0,30,188,86
194082,69,475000.0,4000.0,36,184,75
194361,69,450000.0,6000.0,34,182,77
194726,69,1200000.0,7000.0,30,179,70
194885,69,975000.0,6000.0,31,172,72
194945,69,,,31,182,79
194956,69,650000.0,6000.0,34,178,73
195313,69,1100000.0,5000.0,30,184,80
195838,69,1100000.0,1000.0,32,184,81
196857,69,1200000.0,500.0,30,175,72
196881,69,1100000.0,4000.0,30,184,81
197062,69,1100000.0,6000.0,30,178,73
197238,69,1100000.0,8000.0,32,188,85
197240,69,1400000.0,3000.0,30,182,76
197376,69,1300000.0,5000.0,30,177,67
197851,69,240000.0,4000.0,34,195,90
197860,69,1000000.0,500.0,31,182,75
197975,69,1200000.0,7000.0,29,173,75
198046,69,1200000.0,5000.0,28,182,81
198113,69,975000.0,2000.0,31,182,83
198150,69,1400000.0,5000.0,30,181,76
198261,69,675000.0,22000.0,33,186,80
198437,69,1400000.0,9000.0,28,178,71
198489,69,1100000.0,3000.0,32,180,70
198538,69,1200000.0,3000.0,29,191,85
198625,69,950000.0,18000.0,29,183,84
198632,69,1400000.0,7000.0,29,169,64
198635,69,1400000.0,7000.0,28,173,65
198641,69,1500000.0,21000.0,27,194,96
198731,69,1400000.0,10000.0,28,181,71
198749,69,1200000.0,4000.0,30,178,72
198914,69,875000.0,5000.0,33,180,82
199051,69,675000.0,4000.0,33,188,82
199101,69,925000.0,3000.0,30,188,80
199159,69,975000.0,5000.0,31,175,65
199266,69,1400000.0,4000.0,30,188,82
199283,69,1000000.0,6000.0,31,175,70
199285,69,1100000.0,8000.0,32,180,76
199574,69,1000000.0,21000.0,30,193,93
199665,69,1200000.0,6000.0,30,189,75
199748,69,1300000.0,4000.0,28,187,82
199761,69,1200000.0,6000.0,29,192,84
200228,69,950000.0,6000.0,31,185,86
200424,69,1100000.0,7000.0,31,182,67
200425,69,1200000.0,5000.0,29,191,73
200433,69,1400000.0,14000.0,30,192,86
200473,69,1400000.0,13000.0,28,174,70
201013,69,1400000.0,9000.0,30,188,86
201243,69,1400000.0,22000.0,30,190,81
201438,69,1400000.0,7000.0,28,180,74
201707,69,,,31,183,78
201841,69,1300000.0,8000.0,29,192,88
201890,69,1400000.0,3000.0,29,177,65
201895,69,1800000.0,4000.0,26,173,64
201938,69,1500000.0,12000.0,26,177,72
201965,69,1400000.0,3000.0,28,181,76
201966,69,900000.0,3000.0,33,187,86
201967,69,1400000.0,15000.0,28,182,65
202056,69,900000.0,7000.0,33,186,83
202113,69,1300000.0,8000.0,27,177,72
202157,69,1200000.0,7000.0,30,170,63
202170,69,900000.0,4000.0,32,188,91
202208,69,1400000.0,5000.0,28,176,77
202271,69,1400000.0,9000.0,29,178,73
202350,69,1200000.0,5000.0,31,183,77
202535,69,1300000.0,9000.0,30,181,78
202693,69,1600000.0,14000.0,27,192,80
202771,69,1400000.0,5000.0,28,185,71
202778,69,750000.0,6000.0,31,188,78
202799,69,1600000.0,11000.0,26,182,73
202827,69,1400000.0,7000.0,29,169,65
202910,69,925000.0,2000.0,30,191,86
202978,69,1200000.0,3000.0,29,184,77
203002,69,950000.0,5000.0,31,188,80
203004,69,1100000.0,3000.0,29,195,90
203026,69,1100000.0,12000.0,30,188,81
203137,69,1200000.0,4000.0,29,185,87
203139,69,1300000.0,5000.0,28,183,76
203224,69,1200000.0,6000.0,28,187,85
203398,69,1300000.0,4000.0,28,185,75
203423,69,950000.0,6000.0,29,191,91
203544,69,975000.0,8000.0,32,175,67
203699,69,1100000.0,4000.0,32,180,76
203780,69,1300000.0,18000.0,28,183,80
203979,69,975000.0,4000.0,31,180,79
204043,69,1100000.0,500.0,30,184,82
204084,69,725000.0,4000.0,33,184,78
204102,69,1600000.0,500.0,27,174,70
204276,69,675000.0,6000.0,34,186,80
204350,69,1400000.0,13000.0,28,179,78
204652,69,1300000.0,19000.0,28,171,68
204677,69,1200000.0,4000.0,28,182,76
204761,69,1200000.0,13000.0,29,191,71
204763,69,1300000.0,2000.0,28,181,71
204846,69,1400000.0,3000.0,27,199,93
204847,69,1500000.0,10000.0,27,180,70
204895,69,1500000.0,9000.0,27,187,92
204956,69,1400000.0,600.0,29,181,76
205089,69,1500000.0,3000.0,27,181,76
205188,69,1400000.0,12000.0,29,186,82
205210,69,1200000.0,4000.0,28,171,68
205243,69,1100000.0,11000.0,30,191,85
205347,69,1300000.0,4000.0,28,176,76
205351,69,1400000.0,7000.0,28,171,62
205386,69,1400000.0,5000.0,27,198,88
205559,69,1400000.0,8000.0,29,173,74
205584,69,1200000.0,6000.0,28,185,80
205588,69,1200000.0,4000.0,29,183,72
205618,69,1600000.0,7000.0,26,180,76
205630,69,1000000.0,4000.0,31,170,74
205759,69,1200000.0,10000.0,27,196,89
205857,69,950000.0,500.0,31,190,76
206065,69,1300000.0,6000.0,28,191,81
206083,69,1600000.0,16000.0,26,173,67
206167,69,1500000.0,11000.0,27,181,75
206269,69,1300000.0,5000.0,28,175,75
206272,69,450000.0,6000.0,33,186,88
206317,69,1200000.0,22000.0,29,194,84
206485,69,1100000.0,4000.0,30,185,79
206601,69,1300000.0,3000.0,28,188,75
207622,69,1300000.0,4000.0,29,193,90
207916,69,1600000.0,8000.0,26,180,80
207954,69,1200000.0,4000.0,29,187,85
208005,69,1200000.0,4000.0,31,185,78
208024,69,1200000.0,7000.0,28,188,75
208158,69,1600000.0,7000.0,27,180,76
208422,69,1400000.0,7000.0,29,181,75
208437,69,1200000.0,5000.0,31,180,79
208455,69,1200000.0,3000.0,29,183,73
208480,69,1600000.0,7000.0,27,180,72
208597,69,,,26,190,84
208806,69,1500000.0,12000.0,27,185,78
209232,69,1600000.0,5000.0,25,188,78
209304,69,1400000.0,8000.0,29,173,70
209333,69,925000.0,5000.0,30,185,74
209359,69,1400000.0,3000.0,27,179,78
209423,69,1100000.0,3000.0,29,189,84
209701,69,1300000.0,7000.0,28,172,63
209711,69,1200000.0,7000.0,29,190,87
209758,69,1300000.0,4000.0,28,184,77
209800,69,900000.0,8000.0,32,183,81
209984,69,1300000.0,5000.0,28,185,79
209997,69,1200000.0,13000.0,28,187,85
210380,69,1400000.0,600.0,28,183,83
210404,69,1400000.0,8000.0,29,183,87
210434,69,500000.0,7000.0,34,182,72
210484,69,1600000.0,10000.0,26,175,74
210521,69,1400000.0,10000.0,30,185,80
210583,69,1800000.0,9000.0,25,173,73
210646,69,1400000.0,3000.0,27,186,78
210688,69,1800000.0,12000.0,26,183,78
210723,69,1200000.0,13000.0,29,182,75
210724,69,1700000.0,4000.0,26,187,76
210739,69,1600000.0,8000.0,27,182,76
211240,69,1400000.0,5000.0,29,173,68
211270,69,1100000.0,9000.0,30,187,80
211299,69,950000.0,6000.0,29,196,90
211323,69,1700000.0,5000.0,26,185,76
211325,69,1400000.0,19000.0,28,180,83
211363,69,1700000.0,7000.0,26,185,72
211398,69,1400000.0,7000.0,27,191,87
211595,69,1600000.0,7000.0,26,184,76
211745,69,975000.0,5000.0,31,175,68
211746,69,1200000.0,9000.0,29,181,82
211783,69,1700000.0,3000.0,26,184,82
211872,69,1200000.0,7000.0,30,184,78
211982,69,1500000.0,6000.0,26,177,68
212048,69,1100000.0,9000.0,32,176,73
212231,69,1400000.0,20000.0,27,188,84
212439,69,1100000.0,4000.0,30,188,82
212592,69,1200000.0,4000.0,29,180,75
212613,69,1700000.0,14000.0,26,173,71
212735,69,1600000.0,4000.0,26,187,75
212747,69,1600000.0,8000.0,26,171,61
212790,69,1400000.0,6000.0,28,180,68
212830,69,1700000.0,13000.0,25,179,65
212939,69,1200000.0,9000.0,28,182,83
213010,69,1200000.0,4000.0,30,174,66
213030,69,1400000.0,3000.0,29,177,73
213102,69,1400000.0,5000.0,29,174,71
213189,69,1200000.0,4000.0,31,183,79
213228,69,1600000.0,6000.0,27,163,64
213325,69,975000.0,550.0,31,187,81
213433,69,950000.0,6000.0,31,186,80
213445,69,1700000.0,20000.0,26,166,67
213693,69,1800000.0,20000.0,26,183,77
213694,69,1600000.0,8000.0,26,178,73
213699,69,2000000.0,24000.0,25,188,78
213905,69,1800000.0,20000.0,25,193,75
213948,69,1500000.0,6000.0,26,168,65
214038,69,1600000.0,1000.0,27,185,77
214193,69,1200000.0,2000.0,29,182,72
214194,69,1500000.0,1000.0,27,175,75
214208,69,1200000.0,2000.0,29,177,77
214323,69,1200000.0,1000.0,28,178,73
214326,69,250000.0,1000.0,37,181,78
214343,69,1200000.0,2000.0,29,181,77
214358,69,1400000.0,1000.0,28,177,76
214386,69,400000.0,800.0,35,179,74
214567,69,475000.0,500.0,36,180,78
214603,69,300000.0,500.0,37,170,70
214606,69,1400000.0,8000.0,28,175,69
214658,69,1600000.0,5000.0,26,182,81
214718,69,1500000.0,7000.0,26,170,68
214727,69,1600000.0,22000.0,27,178,78
214730,69,750000.0,2000.0,31,187,80
214784,69,1300000.0,7000.0,30,180,80
214906,69,1200000.0,15000.0,29,190,81
215066,69,1200000.0,6000.0,29,180,72
215067,69,1500000.0,2000.0,27,183,83
215074,69,850000.0,500.0,33,177,74
215168,69,1400000.0,7000.0,28,179,71
215177,69,850000.0,6000.0,33,179,75
215266,69,1400000.0,7000.0,28,185,72
215358,69,1400000.0,9000.0,29,178,70
215370,69,1500000.0,13000.0,27,183,70
215374,69,1400000.0,12000.0,29,180,64
215412,69,1600000.0,7000.0,26,180,67
215480,69,1700000.0,8000.0,25,183,79
215487,69,2000000.0,8000.0,25,184,85
215570,69,1600000.0,7000.0,26,184,73
215735,69,1400000.0,650.0,28,169,66
215750,69,1100000.0,650.0,32,179,77
215927,69,1400000.0,13000.0,29,186,73
215938,69,1200000.0,7000.0,30,181,75
215969,69,1300000.0,3000.0,28,177,70
216055,69,1300000.0,550.0,30,174,70
216105,69,1800000.0,7000.0,25,182,72
216155,69,1600000.0,8000.0,26,180,84
216260,69,1400000.0,9000.0,28,181,72
216376,69,1400000.0,6000.0,29,179,66
216580,69,1500000.0,5000.0,27,184,77
216633,69,700000.0,500.0,32,192,89
217054,69,1300000.0,500.0,29,183,94
217061,69,1200000.0,600.0,31,180,76
217167,69,1800000.0,20000.0,25,170,65
217217,69,975000.0,4000.0,31,177,73
217646,69,150000.0,3000.0,35,183,81
218013,69,1500000.0,10000.0,27,170,70
218298,69,1200000.0,2000.0,27,189,79
218343,69,1700000.0,5000.0,25,185,65
218353,69,1200000.0,8000.0,29,184,85
218471,69,1100000.0,4000.0,31,174,66
218623,69,1300000.0,21000.0,28,185,82
218743,69,1700000.0,550.0,26,175,74
218747,69,1300000.0,7000.0,30,176,75
219461,69,2900000.0,34000.0,24,187,88
219510,69,1500000.0,5000.0,26,172,70
219553,69,1400000.0,550.0,29,178,73
219594,69,1600000.0,2000.0,27,177,72
219670,69,1600000.0,8000.0,26,180,70
219918,69,150000.0,500.0,36,186,82
219979,69,1700000.0,4000.0,26,174,70
219988,69,1400000.0,9000.0,28,197,92
219990,69,1900000.0,4000.0,25,181,74
220045,69,2100000.0,7000.0,24,175,67
220230,69,1800000.0,4000.0,25,194,85
220386,69,1900000.0,4000.0,25,180,70
220395,69,1900000.0,4000.0,24,178,70
220429,69,1100000.0,4000.0,30,193,88
220479,69,1600000.0,8000.0,27,185,79
220521,69,1500000.0,7000.0,26,186,78
220638,69,1200000.0,5000.0,29,180,73
220685,69,1500000.0,34000.0,27,185,82
220821,69,1700000.0,21000.0,26,185,81
220847,69,1700000.0,8000.0,26,182,77
220895,69,1600000.0,17000.0,27,171,61
220915,69,2000000.0,9000.0,25,183,75
221281,69,1800000.0,10000.0,25,188,70
221434,69,1400000.0,5000.0,29,172,67
221452,69,1700000.0,14000.0,26,178,76
221467,69,1500000.0,4000.0,27,179,77
221552,69,1200000.0,3000.0,29,184,78
221767,69,1600000.0,8000.0,26,176,68
221793,69,1500000.0,13000.0,27,176,67
221855,69,1400000.0,10000.0,28,177,72
222079,69,2800000.0,21000.0,24,185,70
222154,69,1900000.0,6000.0,24,164,61
222165,69,2800000.0,6000.0,23,172,68
222225,69,1200000.0,7000.0,30,186,77
222240,69,1000000.0,9000.0,31,185,75
222273,69,975000.0,6000.0,32,178,75
222286,69,1600000.0,3000.0,25,191,87
222382,69,2000000.0,8000.0,25,178,73
222573,69,2100000.0,8000.0,24,181,80
222692,69,1700000.0,12000.0,26,182,75
222697,69,1200000.0,3000.0,28,184,72
222881,69,1600000.0,4000.0,25,168,61
222900,69,1200000.0,4000.0,29,190,88
223030,69,1300000.0,22000.0,28,186,84
223074,69,,,25,180,72
223122,69,675000.0,8000.0,33,182,77
223137,69,2800000.0,9000.0,24,182,79
223147,69,1400000.0,5000.0,28,179,76
223175,69,1400000.0,16000.0,25,188,78
223223,69,1100000.0,8000.0,31,183,74
223240,69,1300000.0,7000.0,28,171,74
223283,69,1400000.0,8000.0,28,189,80
223358,69,1600000.0,2000.0,26,181,80
223402,69,1600000.0,20000.0,25,176,70
223581,69,925000.0,8000.0,32,171,69
223676,69,1500000.0,13000.0,27,182,69
223709,69,925000.0,7000.0,30,187,68
223734,69,950000.0,7000.0,31,183,76
223793,69,1300000.0,13000.0,28,182,75
223962,69,2000000.0,4000.0,23,187,78
224045,69,2100000.0,7000.0,25,179,79
224049,69,1600000.0,5000.0,25,178,76
224137,69,1100000.0,600.0,32,179,60
224201,69,1800000.0,8000.0,26,186,77
224213,69,1700000.0,6000.0,25,187,72
224315,69,1400000.0,3000.0,28,177,70
224330,69,1700000.0,5000.0,26,166,71
224336,69,1200000.0,5000.0,29,186,77
224344,69,1400000.0,2000.0,29,180,80
224424,69,2000000.0,2000.0,24,174,72
224489,69,2600000.0,4000.0,24,187,82
224648,69,1200000.0,10000.0,29,182,75
224794,69,1500000.0,3000.0,26,177,76
224890,69,1500000.0,8000.0,27,176,76
224975,69,950000.0,4000.0,31,191,89
225203,69,1600000.0,3000.0,25,189,83
225206,69,1400000.0,11000.0,26,180,75
225273,69,1900000.0,5000.0,24,178,75
225310,69,1800000.0,7000.0,25,171,78
225316,69,1700000.0,11000.0,26,194,88
225441,69,2100000.0,14000.0,24,175,68
225533,69,2100000.0,8000.0,25,190,74
225572,69,1800000.0,1000.0,25,185,78
225692,69,2000000.0,6000.0,24,176,73
225812,69,1800000.0,1000.0,24,177,80
225853,69,2000000.0,4000.0,24,182,73
225877,69,450000.0,500.0,33,186,80
225915,69,2100000.0,8000.0,25,174,70
225931,69,2200000.0,500.0,24,178,74
226108,69,2600000.0,11000.0,24,186,75
226157,69,1800000.0,6000.0,26,175,69
226167,69,1700000.0,11000.0,25,181,73
226203,69,1200000.0,4000.0,29,180,73
226273,69,1400000.0,5000.0,28,183,75
226434,69,900000.0,550.0,32,183,79
226668,69,1200000.0,6000.0,31,188,83
226793,69,1200000.0,4000.0,28,183,77
226803,69,1300000.0,4000.0,28,188,88
227511,69,2600000.0,5000.0,24,186,81
227513,69,1800000.0,2000.0,25,172,69
227622,69,1900000.0,4000.0,25,187,83
227732,69,1900000.0,11000.0,24,178,77
227788,69,1600000.0,4000.0,26,179,74
227806,69,2100000.0,6000.0,24,184,62
227835,69,2000000.0,6000.0,24,175,65
227921,69,1200000.0,6000.0,29,187,83
227995,69,2800000.0,12000.0,23,168,65
228174,69,2900000.0,26000.0,23,183,92
228205,69,900000.0,500.0,32,184,78
228456,69,1800000.0,8000.0,24,187,83
228589,69,1800000.0,3000.0,26,177,70
228600,69,1900000.0,5000.0,25,171,70
228699,69,1900000.0,5000.0,24,191,81
229064,69,1800000.0,8000.0,25,187,81
229209,69,1400000.0,3000.0,29,178,77
229271,69,1900000.0,7000.0,25,176,75
229286,69,1900000.0,7000.0,24,180,70
229294,69,1100000.0,4000.0,30,193,88
229436,69,1900000.0,6000.0,24,185,83
229466,69,1400000.0,5000.0,28,170,70
229574,69,1800000.0,2000.0,25,186,75
229594,69,2100000.0,18000.0,24,176,68
229818,69,1800000.0,7000.0,24,187,72
229831,69,2000000.0,9000.0,24,175,74
229889,69,1600000.0,4000.0,26,173,65
229905,69,1400000.0,8000.0,26,190,80
229923,69,1800000.0,13000.0,26,180,76
229949,69,1500000.0,7000.0,27,185,82
230027,69,1600000.0,4000.0,27,173,71
230092,69,1700000.0,5000.0,26,184,75
230164,69,1100000.0,5000.0,25,181,75
230178,69,1200000.0,7000.0,29,178,78
230196,69,1400000.0,6000.0,25,177,75
230205,69,1400000.0,6000.0,25,176,75
230226,69,850000.0,8000.0,33,170,68
230253,69,1500000.0,6000.0,21,180,73
230314,69,950000.0,7000.0,29,191,82
230334,69,1200000.0,8000.0,29,181,80
230356,69,1200000.0,8000.0,29,186,76
230376,69,1600000.0,6000.0,21,169,69
230378,69,1300000.0,7000.0,25,188,79
230386,69,1300000.0,14000.0,25,191,87
230396,69,875000.0,8000.0,33,181,74
230439,69,1200000.0,13000.0,29,177,78
230473,69,1500000.0,9000.0,25,178,74
230489,69,1600000.0,5000.0,21,181,71
230490,69,1400000.0,8000.0,29,178,74
230506,69,1900000.0,8000.0,25,174,69
230520,69,1700000.0,6000.0,21,180,75
230526,69,1200000.0,7000.0,29,177,71
230713,69,1800000.0,17000.0,26,174,70
230747,69,1700000.0,600.0,26,176,69
230774,69,2600000.0,30000.0,23,188,70
230817,69,2100000.0,2000.0,24,184,74
230824,69,3100000.0,2000.0,23,185,72
230871,69,1800000.0,9000.0,26,178,85
230912,69,2200000.0,7000.0,24,191,80
230991,69,1300000.0,4000.0,30,173,64
231110,69,1600000.0,11000.0,26,196,87
231137,69,1700000.0,10000.0,25,185,70
231301,69,1800000.0,550.0,25,173,66
231320,69,2900000.0,4000.0,23,181,75
231413,69,1800000.0,8000.0,24,195,90
231428,69,1800000.0,20000.0,26,180,74
231489,69,240000.0,2000.0,34,185,75
231507,69,1300000.0,8000.0,27,177,73
231614,69,2100000.0,11000.0,23,187,80
231638,69,2100000.0,22000.0,24,185,83
231743,69,2200000.0,25000.0,23,191,75
231823,69,2600000.0,12000.0,23,190,81
231828,69,1300000.0,7000.0,28,198,94
231841,69,1700000.0,2000.0,24,187,81
231910,69,1800000.0,4000.0,26,186,79
232107,69,1600000.0,6000.0,25,193,85
232136,69,1700000.0,4000.0,25,184,88
232162,69,1500000.0,5000.0,26,179,71
232189,69,2900000.0,3000.0,24,182,80
232192,69,2000000.0,7000.0,24,187,80
232195,69,1200000.0,1000.0,29,173,67
232228,69,2100000.0,4000.0,25,183,73
232452,69,1200000.0,3000.0,30,180,76
232462,69,1100000.0,5000.0,31,171,68
232623,69,2000000.0,6000.0,24,171,71
232626,69,1000000.0,3000.0,31,176,73
232699,69,1600000.0,8000.0,26,172,70
232711,69,2000000.0,9000.0,24,185,83
232713,69,1600000.0,5000.0,26,193,90
232728,69,1000000.0,3000.0,31,167,72
232770,69,2100000.0,10000.0,24,179,71
232786,69,2100000.0,12000.0,23,175,66
232823,69,1800000.0,7000.0,25,178,70
232826,69,1900000.0,7000.0,25,176,71
232832,69,1900000.0,7000.0,25,163,66
232839,69,2700000.0,5000.0,23,182,77
232849,69,2000000.0,5000.0,24,183,78
232852,69,1200000.0,3000.0,30,177,70
232861,69,1200000.0,7000.0,31,176,72
232879,69,700000.0,5000.0,33,173,72
232894,69,1500000.0,6000.0,27,186,72
232900,69,1400000.0,14000.0,28,178,74
232919,69,650000.0,5000.0,34,175,72
232985,69,2800000.0,5000.0,23,174,70
232991,69,1200000.0,3000.0,29,175,70
233090,69,2100000.0,7000.0,24,165,60
233125,69,1800000.0,9000.0,25,177,68
233140,69,1500000.0,5000.0,27,175,72
233146,69,1200000.0,6000.0,29,178,75
233366,69,1500000.0,4000.0,27,178,73
233400,69,1600000.0,4000.0,27,188,84
233472,69,1900000.0,10000.0,24,183,80
233520,69,1700000.0,3000.0,26,170,73
233591,69,1300000.0,5000.0,28,182,71
233785,69,1700000.0,7000.0,25,190,87
233790,69,1600000.0,6000.0,26,185,76
233825,69,1800000.0,7000.0,26,180,73
233871,69,500000.0,5000.0,34,176,77
233960,69,2000000.0,8000.0,24,189,82
233975,69,950000.0,6000.0,29,186,79
234002,69,1200000.0,11000.0,29,183,76
234017,69,875000.0,8000.0,33,178,75
234020,69,1500000.0,7000.0,25,180,71
234108,69,3100000.0,6000.0,22,175,70
234172,69,1300000.0,7000.0,27,188,84
234383,69,2400000.0,5000.0,23,187,82
234627,69,3100000.0,6000.0,22,175,69
234660,69,1600000.0,7000.0,25,187,74
234679,69,2900000.0,34000.0,24,190,82
234688,69,1800000.0,8000.0,25,177,70
234716,69,1600000.0,7000.0,27,180,80
234717,69,925000.0,5000.0,30,180,76
234781,69,1300000.0,4000.0,28,188,80
234894,69,3100000.0,16000.0,22,189,81
234901,69,2200000.0,10000.0,23,184,68
234916,69,1800000.0,10000.0,25,168,66
234924,69,1900000.0,3000.0,24,184,74
234945,69,1900000.0,5000.0,24,187,81
234949,69,1400000.0,6000.0,29,172,67
234972,69,1400000.0,6000.0,29,180,76
234987,69,2700000.0,550.0,24,182,65
235028,69,2900000.0,11000.0,22,185,73
235089,69,1100000.0,5000.0,30,180,72
235151,69,1200000.0,6000.0,29,185,74
235279,69,1500000.0,10000.0,27,182,77
235507,69,1800000.0,4000.0,25,170,72
235511,69,1200000.0,600.0,30,177,75
235536,69,3000000.0,16000.0,22,178,70
235629,69,1700000.0,6000.0,24,190,73
235673,69,2900000.0,8000.0,21,183,74
235799,69,2000000.0,6000.0,23,186,78
235827,69,1400000.0,8000.0,28,170,67
235840,69,1700000.0,2000.0,23,187,81
235890,69,1300000.0,13000.0,29,187,75
235925,69,1600000.0,6000.0,25,190,88
235999,69,2700000.0,3000.0,23,190,81
236072,69,1400000.0,6000.0,25,185,74
236255,69,2900000.0,3000.0,24,187,74
236260,69,1200000.0,7000.0,29,184,79
236265,69,1600000.0,500.0,26,171,72
236304,69,2500000.0,8000.0,25,184,81
236405,69,1500000.0,5000.0,27,175,75
236474,69,2000000.0,10000.0,24,188,77
236533,69,1600000.0,8000.0,27,193,85
236599,69,3200000.0,5000.0,22,170,65
236613,69,2400000.0,13000.0,22,192,84
236673,69,3100000.0,6000.0,23,181,77
236744,69,3100000.0,550.0,23,169,64
236752,69,1800000.0,8000.0,26,184,75
236838,69,3100000.0,19000.0,22,177,74
236924,69,2900000.0,3000.0,24,191,80
236938,69,3100000.0,6000.0,22,185,73
236944,69,1800000.0,13000.0,25,175,60
236993,69,1600000.0,4000.0,26,175,79
236997,69,1800000.0,6000.0,26,184,83
237005,69,1700000.0,4000.0,23,176,67
237075,69,1400000.0,5000.0,30,188,85
237077,69,2000000.0,9000.0,25,190,88
237152,69,2000000.0,5000.0,23,185,73
237179,69,2100000.0,8000.0,25,190,80
237214,69,1800000.0,4000.0,26,183,82
237331,69,3000000.0,9000.0,23,182,65
237339,69,1700000.0,6000.0,25,170,67
237340,69,1700000.0,3000.0,26,174,71
237424,69,2200000.0,5000.0,24,180,73
237461,69,1600000.0,5000.0,27,185,79
237580,69,1100000.0,6000.0,29,196,90
237582,69,1600000.0,5000.0,26,173,73
237640,69,3100000.0,18000.0,22,179,68
237745,69,925000.0,3000.0,32,182,72
237754,69,1400000.0,5000.0,28,182,77
237895,69,1800000.0,5000.0,25,177,70
237936,69,3100000.0,8000.0,23,179,73
238137,69,1200000.0,5000.0,29,171,69
238223,69,1500000.0,500.0,26,186,73
238319,69,3000000.0,11000.0,22,175,76
238460,69,3200000.0,11000.0,21,180,75
238497,69,1800000.0,8000.0,25,181,73
238503,69,1600000.0,8000.0,24,198,94
238505,69,3100000.0,20000.0,22,176,66
238559,69,1400000.0,8000.0,27,195,91
238647,69,1700000.0,8000.0,25,183,79
238674,69,1600000.0,6000.0,25,184,85
238756,69,3200000.0,5000.0,21,193,86
238839,69,1700000.0,14000.0,26,186,79
238862,69,1600000.0,4000.0,27,188,80
239028,69,2800000.0,7000.0,22,175,73
239041,69,1900000.0,5000.0,24,172,69
239043,69,2100000.0,9000.0,24,178,75
239099,69,2700000.0,7000.0,22,185,76
239170,69,1400000.0,7000.0,29,177,76
239211,69,1800000.0,4000.0,26,184,89
239271,69,1000000.0,2000.0,30,198,93
239303,69,1600000.0,8000.0,27,188,72
239323,69,2100000.0,9000.0,24,182,80
239393,69,1500000.0,21000.0,27,176,76
239431,69,1300000.0,500.0,28,170,68
239438,69,1700000.0,4000.0,25,187,84
239439,69,3100000.0,14000.0,23,177,72
239571,69,2100000.0,5000.0,23,182,74
239608,69,1900000.0,5000.0,25,183,76
239641,69,2000000.0,4000.0,23,190,82
239717,69,1400000.0,550.0,26,176,75
239807,69,3400000.0,11000.0,21,184,74
239814,69,1800000.0,4000.0,25,185,84
239846,69,1200000.0,500.0,27,194,89
240057,69,1200000.0,4000.0,29,179,76
240168,69,1400000.0,9000.0,28,179,79
240241,69,3100000.0,7000.0,22,173,69
240409,69,1300000.0,7000.0,29,183,77
240439,69,2600000.0,4000.0,22,188,73
240526,69,1400000.0,11000.0,29,168,69
240561,69,2800000.0,500.0,23,172,67
240743,69,1600000.0,7000.0,26,172,69
240801,69,1800000.0,650.0,25,182,77
241032,69,1800000.0,5000.0,26,173,68
241073,69,2100000.0,550.0,23,180,72
241150,69,3000000.0,4000.0,21,183,80
241168,69,3100000.0,8000.0,21,183,78
241176,69,2200000.0,7000.0,24,164,60
241273,69,1900000.0,6000.0,25,173,73
241419,69,2900000.0,5000.0,20,183,68
241467,69,2800000.0,5000.0,23,172,68
241489,69,2800000.0,10000.0,22,186,82
241498,69,1600000.0,9000.0,26,176,77
241585,69,2900000.0,17000.0,23,185,84
241651,69,2800000.0,11000.0,23,187,86
241670,69,1400000.0,18000.0,29,185,77
241728,69,900000.0,7000.0,32,193,86
241746,69,1500000.0,550.0,27,188,83
241783,69,2200000.0,4000.0,23,191,81
241811,69,3100000.0,8000.0,20,171,68
241850,69,3200000.0,7000.0,22,186,86
241927,69,2600000.0,6000.0,24,177,69
241931,69,2100000.0,6000.0,23,171,70
242002,69,1600000.0,8000.0,26,177,66
242036,69,1600000.0,5000.0,27,185,78
242041,69,1900000.0,19000.0,25,178,74
242081,69,3100000.0,6000.0,21,182,78
242084,69,1800000.0,8000.0,24,192,88
242088,69,1800000.0,7000.0,26,172,68
242166,69,1400000.0,3000.0,28,191,80
242217,69,2900000.0,5000.0,23,181,80
242249,69,3400000.0,5000.0,21,179,74
242342,69,2800000.0,7000.0,23,173,63
242351,69,1000000.0,6000.0,31,171,62
242389,69,2000000.0,4000.0,25,173,67
242412,69,1800000.0,6000.0,25,188,78
242426,69,2200000.0,2000.0,23,170,74
242458,69,,,24,184,76
242489,69,1900000.0,5000.0,24,177,67
242527,69,2900000.0,6000.0,22,182,80
242554,69,1700000.0,4000.0,25,183,79
242714,69,1900000.0,4000.0,24,175,74
242752,69,2900000.0,15000.0,20,178,70
242768,69,2000000.0,500.0,24,183,73
242974,69,2700000.0,9000.0,20,175,70
242995,69,1300000.0,4000.0,28,171,60
243032,69,3500000.0,10000.0,21,180,76
243170,69,2100000.0,6000.0,24,187,79
243253,69,3100000.0,8000.0,22,178,70
243378,69,2300000.0,7000.0,22,180,77
243390,69,3100000.0,23000.0,21,167,64
243392,69,3400000.0,5000.0,20,175,66
243449,69,1900000.0,13000.0,22,187,71
243477,69,3200000.0,5000.0,21,186,82
243544,69,3100000.0,4000.0,22,170,64
243591,69,1400000.0,7000.0,28,181,78
243608,69,3000000.0,20000.0,21,183,72
243657,69,3200000.0,26000.0,20,182,80
243675,69,3000000.0,12000.0,21,202,85
243778,69,2400000.0,1000.0,24,189,89
243793,69,2100000.0,5000.0,24,172,64
243806,69,1600000.0,9000.0,27,184,80
243867,69,950000.0,4000.0,31,182,81
243894,69,1600000.0,6000.0,27,177,76
243918,69,2900000.0,4000.0,23,182,76
244110,69,1500000.0,5000.0,27,183,80
244176,69,2000000.0,8000.0,24,178,86
244213,69,1400000.0,10000.0,29,175,68
244264,69,2200000.0,500.0,24,184,75
244309,69,1600000.0,8000.0,27,176,72
244381,69,1300000.0,500.0,29,190,83
244407,69,3100000.0,7000.0,21,176,68
244491,69,1900000.0,6000.0,23,186,80
244560,69,3400000.0,6000.0,22,177,71
244602,69,3100000.0,7000.0,21,168,62
244656,69,1400000.0,5000.0,25,181,72
244667,69,1400000.0,6000.0,30,176,75
244840,69,2700000.0,7000.0,22,178,72
244884,69,3100000.0,3000.0,21,176,71
244932,69,3100000.0,8000.0,21,174,79
245084,69,2100000.0,9000.0,21,182,75
245148,69,1500000.0,8000.0,27,170,68
245157,69,1600000.0,6000.0,27,178,71
245293,69,1400000.0,5000.0,28,175,69
245341,69,3000000.0,2000.0,19,180,67
245347,69,2900000.0,8000.0,21,189,84
245520,69,1700000.0,4000.0,26,167,74
245586,69,3000000.0,7000.0,23,174,67
245715,69,3100000.0,23000.0,21,168,65
245762,69,3200000.0,14000.0,21,181,76
245768,69,1300000.0,9000.0,28,188,81
245840,69,1400000.0,7000.0,28,176,65
245894,69,3400000.0,8000.0,20,169,63
245900,69,3100000.0,7000.0,19,188,86
246013,69,1100000.0,550.0,32,177,72
246044,69,3200000.0,8000.0,21,170,66
246055,69,2100000.0,6000.0,23,173,73
246139,69,2700000.0,29000.0,22,184,78
246182,69,2000000.0,500.0,24,182,78
246192,69,3000000.0,5000.0,22,191,78
246335,69,3200000.0,3000.0,21,170,69
246387,69,1800000.0,10000.0,25,182,80
246443,69,1200000.0,3000.0,28,184,73
246459,69,3300000.0,5000.0,19,180,71
246471,69,3200000.0,8000.0,22,190,84
246617,69,3100000.0,5000.0,22,176,65
246657,69,2400000.0,3000.0,23,191,82
246688,69,3000000.0,11000.0,21,175,70
246918,69,2900000.0,10000.0,24,184,78
246946,69,3000000.0,10000.0,20,183,68
246949,69,2200000.0,5000.0,24,174,72
247031,69,2900000.0,3000.0,23,196,91
247050,69,3100000.0,500.0,20,173,70
247076,69,1900000.0,14000.0,25,178,75
247188,69,1600000.0,6000.0,27,173,66
247203,69,1300000.0,500.0,28,182,74
247623,69,3200000.0,15000.0,20,178,73
247678,69,2900000.0,2000.0,19,175,70
247933,69,3400000.0,3000.0,21,180,73
247968,69,975000.0,8000.0,32,176,71
248075,69,1700000.0,7000.0,25,179,74
248095,69,1200000.0,8000.0,29,183,77
248113,69,3100000.0,3000.0,21,165,61
248117,69,3100000.0,5000.0,23,176,68
248205,69,3000000.0,13000.0,21,179,70
248209,69,3000000.0,15000.0,21,184,75
248564,69,3100000.0,5000.0,21,179,74
248777,69,1500000.0,5000.0,27,178,77
248808,69,3200000.0,7000.0,19,175,72
248878,69,2600000.0,8000.0,21,192,91
250723,69,3300000.0,9000.0,20,185,80
250805,69,1900000.0,4000.0,24,179,77
250818,69,3100000.0,10000.0,23,186,85
250835,69,2100000.0,6000.0,24,180,87
250883,69,2200000.0,6000.0,24,174,69
250902,69,1200000.0,7000.0,30,174,72
251196,69,1400000.0,500.0,28,181,72
251243,69,3100000.0,10000.0,20,179,71
251326,69,3100000.0,5000.0,22,183,76
251342,69,2800000.0,11000.0,23,184,87
251348,69,1400000.0,7000.0,28,180,80
251380,69,2600000.0,6000.0,21,184,78
251387,69,3100000.0,4000.0,22,180,72
251392,69,2900000.0,18000.0,20,182,72
251421,69,3400000.0,16000.0,20,181,71
251585,69,1400000.0,7000.0,28,186,83
251604,69,2100000.0,7000.0,24,174,65
252014,69,1600000.0,11000.0,26,177,76
252060,69,3100000.0,12000.0,21,188,78
252074,69,2600000.0,3000.0,23,190,84
252095,69,2900000.0,4000.0,22,184,80
252108,69,3300000.0,6000.0,19,168,70
252150,69,2900000.0,4000.0,24,186,78
252240,69,2800000.0,6000.0,22,171,65
252270,69,2100000.0,4000.0,24,177,73
252317,69,2600000.0,8000.0,20,191,89
252397,69,1600000.0,7000.0,26,173,64
252551,69,2900000.0,500.0,21,185,76
252580,69,3100000.0,7000.0,21,182,72
252830,69,2100000.0,6000.0,25,183,80
252873,69,2600000.0,10000.0,22,187,78
252903,69,3100000.0,9000.0,20,175,70
252930,69,2900000.0,3000.0,20,174,62
252937,69,3100000.0,14000.0,20,178,64
252943,69,3300000.0,4000.0,20,173,68
253030,69,3100000.0,6000.0,21,170,65
253061,69,3400000.0,3000.0,21,174,68
253077,69,1300000.0,550.0,30,175,70
253139,69,3000000.0,5000.0,20,187,82
253213,69,1900000.0,13000.0,25,182,76
253234,69,1100000.0,650.0,32,173,68
253281,69,3100000.0,550.0,22,175,72
253377,69,2900000.0,16000.0,22,182,78
253602,69,1900000.0,3000.0,23,195,85
253951,69,1900000.0,6000.0,23,187,80
254310,69,3000000.0,1000.0,18,180,70
254659,69,2800000.0,9000.0,21,186,72
254814,69,2600000.0,5000.0,23,187,80
254822,69,1800000.0,5000.0,25,173,68
254840,69,2900000.0,13000.0,20,194,84
254895,69,950000.0,9000.0,31,182,75
255169,69,1400000.0,750.0,29,178,83
255233,69,3300000.0,3000.0,19,173,72
255256,69,2700000.0,6000.0,22,175,73
255450,69,1900000.0,10000.0,24,180,77
255529,69,3000000.0,8000.0,19,185,72
255566,69,3200000.0,4000.0,20,183,75
255654,69,3300000.0,11000.0,21,184,69
255699,69,3100000.0,5000.0,23,182,73
255736,69,2200000.0,12000.0,23,179,75
255742,69,2000000.0,5000.0,23,171,70
255943,69,2800000.0,5000.0,22,176,63
256158,69,3000000.0,6000.0,22,183,79
256674,69,2800000.0,7000.0,23,178,65
256692,69,1600000.0,4000.0,26,178,73
256780,69,3100000.0,9000.0,19,188,77
257170,69,2900000.0,500.0,21,189,74
257191,69,3000000.0,9000.0,22,194,86
257278,69,2900000.0,4000.0,21,184,79
257307,69,3100000.0,5000.0,21,175,63
257414,69,1400000.0,6000.0,28,174,68
257558,69,1500000.0,5000.0,27,166,62
257784,69,3400000.0,5000.0,21,170,70
257827,69,2700000.0,3000.0,22,192,80
257868,69,3300000.0,15000.0,20,176,74
257980,69,3100000.0,11000.0,20,183,78
258271,69,3100000.0,8000.0,21,177,76
258287,69,3100000.0,20000.0,23,179,73
258350,69,2100000.0,5000.0,23,176,66
258432,69,3100000.0,10000.0,19,193,80
258563,69,2200000.0,4000.0,22,174,66
258590,69,1800000.0,7000.0,25,178,76
258632,69,2100000.0,6000.0,24,183,76
258698,69,3400000.0,3000.0,21,174,65
258775,69,3200000.0,5000.0,18,185,71
258898,69,3300000.0,5000.0,19,181,74
258908,69,2900000.0,16000.0,21,189,80
258949,69,3400000.0,7000.0,20,175,70
259119,69,3000000.0,4000.0,18,185,78
259191,69,2200000.0,7000.0,24,176,66
259295,69,450000.0,500.0,33,181,81
259586,69,3100000.0,2000.0,18,175,66
259751,69,3400000.0,10000.0,20,191,80
259786,69,2100000.0,6000.0,23,178,75
259789,69,3100000.0,6000.0,20,177,74
260020,69,3400000.0,6000.0,20,176,68
260040,69,3100000.0,4000.0,22,178,72
260178,69,3000000.0,10000.0,22,185,76
260248,69,1400000.0,5000.0,28,176,74
260599,69,3100000.0,4000.0,19,177,73
260644,69,3300000.0,19000.0,19,182,71
260720,69,1800000.0,7000.0,26,178,78
261143,69,3300000.0,500.0,19,178,68
261145,69,3100000.0,500.0,22,183,79
261306,69,2800000.0,6000.0,19,170,65
261478,69,3200000.0,7000.0,21,186,76
261579,69,,,23,180,77
262262,69,2700000.0,4000.0,21,190,81
262394,69,2900000.0,4000.0,22,188,78
262413,69,2100000.0,3000.0,24,170,70
262417,69,2700000.0,2000.0,22,189,82
262579,69,3200000.0,500.0,20,174,68
262869,69,2600000.0,9000.0,23,191,82
262908,69,2600000.0,9000.0,22,186,86
262925,69,3100000.0,6000.0,21,184,81
263291,69,2900000.0,13000.0,20,186,85
264465,69,1200000.0,12000.0,31,182,77
49486,68,400000.0,600.0,36,179,82
50542,68,400000.0,16000.0,38,171,65
53110,68,130000.0,2000.0,38,193,83
54033,68,400000.0,6000.0,34,188,80
121134,68,130000.0,5000.0,38,189,88
136686,68,130000.0,1000.0,38,183,87
145996,68,240000.0,2000.0,38,176,73
148696,68,275000.0,2000.0,37,182,76
150106,68,220000.0,500.0,36,184,79
155524,68,575000.0,6000.0,33,191,76
155671,68,240000.0,1000.0,37,186,77
156221,68,220000.0,3000.0,37,187,81
157305,68,220000.0,2000.0,36,180,69
157528,68,575000.0,4000.0,34,180,75
158984,68,240000.0,4000.0,37,172,70
161703,68,375000.0,5000.0,37,176,78
163616,68,130000.0,750.0,35,180,83
165889,68,525000.0,2000.0,35,182,75
166097,68,210000.0,15000.0,34,191,86
166114,68,575000.0,7000.0,34,187,95
167159,68,325000.0,2000.0,35,185,80
167812,68,1000000.0,6000.0,30,183,80
168965,68,400000.0,2000.0,33,189,81
169181,68,130000.0,2000.0,35,181,78
169317,68,775000.0,2000.0,33,172,66
169404,68,130000.0,2000.0,35,198,95
169575,68,450000.0,11000.0,34,177,73
169600,68,450000.0,12000.0,34,176,80
169708,68,825000.0,3000.0,31,182,73
169710,68,800000.0,5000.0,32,175,76
172317,68,220000.0,3000.0,36,186,77
172418,68,575000.0,7000.0,34,181,74
172649,68,500000.0,5000.0,35,167,69
172904,68,950000.0,14000.0,32,180,74
173533,68,600000.0,12000.0,32,191,87
174381,68,375000.0,500.0,38,179,76
175092,68,220000.0,2000.0,38,181,85
175393,68,400000.0,500.0,36,176,62
175589,68,325000.0,4000.0,35,186,78
176007,68,1000000.0,6000.0,31,177,81
176094,68,210000.0,3000.0,34,195,88
176403,68,400000.0,4000.0,36,176,74
176687,68,450000.0,5000.0,34,180,79
176717,68,325000.0,2000.0,35,184,81
177320,68,575000.0,5000.0,33,190,82
177373,68,575000.0,3000.0,33,185,82
177482,68,350000.0,2000.0,35,170,69
177766,68,625000.0,17000.0,33,187,74
178417,68,325000.0,2000.0,35,191,80
178584,68,775000.0,6000.0,32,188,85
178600,68,775000.0,6000.0,32,185,85
178616,68,750000.0,5000.0,33,184,75
179633,68,575000.0,4000.0,34,185,76
179665,68,750000.0,5000.0,33,181,81
179811,68,625000.0,5000.0,33,180,73
179931,68,400000.0,3000.0,34,187,84
180255,68,950000.0,6000.0,32,179,74
181436,68,800000.0,6000.0,32,181,76
181558,68,575000.0,3000.0,34,181,75
182047,68,600000.0,5000.0,32,191,82
182409,68,825000.0,6000.0,32,185,76
182743,68,210000.0,4000.0,34,195,88
183377,68,825000.0,2000.0,31,188,86
183442,68,950000.0,5000.0,32,182,77
183490,68,450000.0,9000.0,34,183,75
183712,68,400000.0,2000.0,36,185,88
183795,68,775000.0,5000.0,32,186,87
183819,68,1000000.0,4000.0,30,184,90
183871,68,750000.0,2000.0,33,173,66
183940,68,800000.0,3000.0,32,168,66
184139,68,650000.0,3000.0,31,189,80
184301,68,1200000.0,4000.0,30,191,85
184630,68,400000.0,9000.0,33,195,90
184845,68,775000.0,2000.0,33,188,90
184900,68,220000.0,2000.0,38,182,74
184913,68,600000.0,6000.0,33,184,79
186101,68,775000.0,3000.0,32,191,90
186449,68,850000.0,9000.0,31,187,88
186578,68,800000.0,12000.0,32,184,79
186655,68,130000.0,500.0,35,180,82
186941,68,400000.0,7000.0,33,190,86
186954,68,975000.0,7000.0,32,181,78
186998,68,600000.0,3000.0,32,188,75
187208,68,650000.0,7000.0,31,183,79
188128,68,575000.0,4000.0,34,193,81
188196,68,575000.0,500.0,34,174,65
188278,68,800000.0,1000.0,30,189,84
188336,68,825000.0,2000.0,31,184,74
188601,68,1100000.0,3000.0,29,186,74
188657,68,800000.0,10000.0,30,191,85
188727,68,575000.0,5000.0,33,189,83
188930,68,275000.0,3000.0,36,171,68
189077,68,1000000.0,3000.0,31,180,83
189110,68,825000.0,4000.0,31,180,70
189120,68,1000000.0,7000.0,30,185,75
189272,68,1000000.0,4000.0,31,182,85
189558,68,1000000.0,4000.0,30,194,89
189586,68,130000.0,2000.0,35,196,89
189958,68,950000.0,1000.0,32,184,76
190139,68,1200000.0,5000.0,30,176,83
190196,68,825000.0,2000.0,31,183,79
190471,68,525000.0,500.0,35,170,65
190560,68,775000.0,3000.0,32,196,92
190636,68,800000.0,8000.0,32,175,70
190671,68,550000.0,11000.0,34,182,82
190939,68,400000.0,1000.0,36,169,69
190942,68,775000.0,5000.0,32,184,73
190981,68,1200000.0,3000.0,28,181,75
191294,68,800000.0,700.0,32,183,83
191378,68,950000.0,6000.0,32,172,68
191443,68,220000.0,3000.0,39,181,80
191547,68,575000.0,6000.0,34,175,72
191566,68,450000.0,2000.0,34,175,71
191572,68,825000.0,7000.0,31,186,77
191625,68,1000000.0,2000.0,31,187,81
192020,68,1000000.0,8000.0,30,176,63
192201,68,600000.0,2000.0,32,190,90
192319,68,1100000.0,6000.0,28,178,73
192559,68,1000000.0,4000.0,29,186,78
192658,68,875000.0,6000.0,31,179,72
192695,68,1000000.0,6000.0,30,177,80
193001,68,400000.0,2000.0,36,178,73
193250,68,825000.0,500.0,32,180,71
193359,68,650000.0,5000.0,31,197,85
193475,68,875000.0,4000.0,31,178,66
193679,68,775000.0,6000.0,32,186,81
193716,68,1000000.0,4000.0,29,188,79
194089,68,850000.0,5000.0,31,186,80
194150,68,650000.0,7000.0,31,191,83
194163,68,775000.0,3000.0,32,181,76
194198,68,650000.0,5000.0,31,190,85
194319,68,1200000.0,5000.0,30,180,72
194329,68,1000000.0,5000.0,31,173,68
194431,68,1100000.0,9000.0,29,182,84
194873,68,1000000.0,4000.0,29,175,71
195912,68,1200000.0,9000.0,30,190,82
197604,68,400000.0,500.0,37,176,67
197681,68,1200000.0,4000.0,28,186,78
197928,68,1000000.0,3000.0,28,193,84
198024,68,1200000.0,3000.0,29,180,72
198133,68,1200000.0,14000.0,29,180,77
198147,68,875000.0,6000.0,31,177,74
198156,68,1100000.0,6000.0,29,183,81
198220,68,1000000.0,12000.0,29,183,73
198288,68,450000.0,3000.0,34,178,71
198377,68,1100000.0,3000.0,29,183,81
198479,68,,,33,193,92
198517,68,850000.0,2000.0,31,174,69
198560,68,220000.0,3000.0,37,183,80
198642,68,775000.0,2000.0,32,189,84
198688,68,1000000.0,3000.0,30,192,93
198810,68,1100000.0,6000.0,28,184,79
198849,68,1000000.0,5000.0,30,184,80
199384,68,825000.0,5000.0,32,180,68
199526,68,650000.0,5000.0,31,188,89
199584,68,850000.0,6000.0,31,179,78
199601,68,1100000.0,7000.0,28,181,82
199674,68,400000.0,6000.0,34,189,89
199683,68,1100000.0,6000.0,29,173,74
199721,68,800000.0,3000.0,30,187,83
199769,68,1300000.0,11000.0,27,180,78
199812,68,825000.0,5000.0,29,189,80
199917,68,1400000.0,4000.0,27,178,64
200059,68,950000.0,7000.0,28,186,84
200105,68,1000000.0,3000.0,30,180,70
200168,68,1000000.0,5000.0,30,188,80
200235,68,1200000.0,7000.0,29,192,87
200395,68,775000.0,3000.0,32,185,82
200440,68,1200000.0,6000.0,29,180,70
200521,68,1200000.0,12000.0,29,178,66
200700,68,1200000.0,7000.0,29,179,72
200741,68,1400000.0,9000.0,27,181,76
200818,68,1000000.0,5000.0,30,187,85
200820,68,1200000.0,4000.0,27,180,74
200841,68,1100000.0,18000.0,29,185,77
200954,68,1200000.0,11000.0,28,186,75
201025,68,1000000.0,4000.0,30,184,75
201083,68,1200000.0,4000.0,30,178,72
201103,68,625000.0,8000.0,33,175,76
201163,68,825000.0,3000.0,31,188,83
201186,68,130000.0,1000.0,37,184,75
201271,68,1200000.0,6000.0,30,178,71
201301,68,1000000.0,10000.0,30,190,79
201514,68,1200000.0,5000.0,29,178,74
201681,68,950000.0,1000.0,32,176,74
201815,68,1000000.0,5000.0,29,182,76
201847,68,1100000.0,5000.0,27,196,86
201891,68,1000000.0,5000.0,31,179,77
201924,68,1200000.0,9000.0,30,184,79
202041,68,1200000.0,3000.0,30,185,77
202052,68,1200000.0,13000.0,28,183,78
202076,68,1100000.0,4000.0,29,183,77
202171,68,575000.0,3000.0,33,188,88
202223,68,950000.0,4000.0,32,185,75
202401,68,775000.0,6000.0,33,189,82
202464,68,1300000.0,7000.0,27,176,73
202528,68,1200000.0,4000.0,27,178,75
202570,68,600000.0,3000.0,32,189,84
202605,68,1100000.0,4000.0,29,191,82
202748,68,1200000.0,4000.0,30,185,78
202749,68,775000.0,3000.0,32,182,75
202808,68,1200000.0,9000.0,28,171,70
202864,68,1100000.0,6000.0,29,186,75
202968,68,1200000.0,5000.0,29,178,65
203173,68,1000000.0,1000.0,31,177,65
203183,68,1000000.0,6000.0,31,177,78
203283,68,1200000.0,5000.0,28,181,80
203308,68,1200000.0,4000.0,28,177,73
203315,68,1200000.0,8000.0,30,183,78
203329,68,1100000.0,5000.0,28,172,68
203363,68,1200000.0,2000.0,28,196,91
203439,68,1200000.0,11000.0,29,177,70
203447,68,1200000.0,9000.0,28,171,72
203781,68,1100000.0,4000.0,29,173,70
203795,68,775000.0,2000.0,32,185,88
204044,68,1400000.0,3000.0,27,179,77
204050,68,775000.0,6000.0,32,191,83
204153,68,1000000.0,6000.0,30,185,81
204217,68,1200000.0,3000.0,28,188,80
204227,68,1400000.0,7000.0,27,198,91
204280,68,1200000.0,4000.0,30,181,76
204337,68,750000.0,5000.0,33,180,81
204353,68,825000.0,6000.0,32,189,83
204354,68,950000.0,3000.0,28,187,82
204922,68,1100000.0,4000.0,27,184,72
204987,68,1200000.0,5000.0,29,178,73
205008,68,1300000.0,10000.0,26,175,71
205145,68,1600000.0,6000.0,26,183,69
205377,68,1000000.0,3000.0,28,187,94
205481,68,1600000.0,6000.0,24,178,64
205578,68,1100000.0,6000.0,29,187,75
205589,68,1100000.0,4000.0,27,178,77
205631,68,1200000.0,7000.0,29,180,72
205669,68,1100000.0,4000.0,29,178,73
206313,68,1000000.0,3000.0,29,181,68
206408,68,1200000.0,2000.0,30,188,82
206472,68,825000.0,2000.0,32,172,63
206536,68,1000000.0,2000.0,30,188,72
206546,68,1400000.0,11000.0,27,184,73
206653,68,1400000.0,14000.0,26,188,81
207409,68,400000.0,3000.0,33,196,95
207465,68,1000000.0,3000.0,30,170,69
207496,68,775000.0,2000.0,33,180,81
207531,68,1000000.0,9000.0,30,190,84
207669,68,1200000.0,4000.0,30,175,73
207753,68,575000.0,2000.0,33,190,81
207804,68,1300000.0,6000.0,27,180,77
207805,68,1000000.0,6000.0,29,181,72
207892,68,1200000.0,4000.0,28,175,75
207943,68,1200000.0,4000.0,28,181,73
208063,68,1200000.0,6000.0,30,176,68
208099,68,1000000.0,4000.0,30,192,87
208153,68,1200000.0,3000.0,29,197,94
208240,68,950000.0,550.0,32,178,77
208432,68,825000.0,2000.0,31,190,83
208462,68,1200000.0,4000.0,27,190,78
208488,68,1000000.0,4000.0,29,185,80
208521,68,220000.0,2000.0,36,191,70
208592,68,1200000.0,3000.0,26,175,67
208631,68,1200000.0,4000.0,30,184,70
208681,68,1300000.0,2000.0,27,172,70
208714,68,400000.0,4000.0,34,185,76
208730,68,825000.0,5000.0,32,182,80
209194,68,775000.0,5000.0,32,187,77
209196,68,1200000.0,7000.0,28,189,82
209335,68,1300000.0,3000.0,27,188,77
209372,68,1200000.0,5000.0,28,169,63
209417,68,1300000.0,5000.0,27,173,68
209637,68,775000.0,8000.0,32,186,82
209737,68,600000.0,3000.0,33,173,70
209746,68,1100000.0,7000.0,29,186,86
209935,68,1000000.0,4000.0,30,196,93
209950,68,1200000.0,6000.0,30,176,76
210004,68,1100000.0,5000.0,28,178,72
210044,68,1000000.0,7000.0,29,196,84
210140,68,210000.0,11000.0,34,189,92
210202,68,950000.0,14000.0,32,176,64
210237,68,1300000.0,10000.0,27,174,72
210263,68,1300000.0,2000.0,26,179,75
210269,68,1200000.0,2000.0,28,185,77
210303,68,1000000.0,8000.0,29,182,79
210381,68,1200000.0,11000.0,27,190,87
210698,68,1400000.0,3000.0,26,188,80
210798,68,1300000.0,7000.0,27,180,73
210879,68,1000000.0,3000.0,30,188,81
211004,68,1000000.0,4000.0,31,183,76
211021,68,1300000.0,3000.0,25,187,72
211060,68,875000.0,2000.0,31,180,78
211089,68,1100000.0,6000.0,28,184,75
211173,68,1400000.0,16000.0,27,183,77
211189,68,1000000.0,2000.0,30,187,85
211211,68,1300000.0,5000.0,27,180,74
211243,68,1200000.0,4000.0,30,170,70
211245,68,1600000.0,4000.0,25,177,65
211378,68,1200000.0,8000.0,28,189,70
211394,68,1100000.0,12000.0,28,187,80
211635,68,775000.0,3000.0,32,180,73
211671,68,1300000.0,6000.0,27,180,78
211703,68,500000.0,2000.0,35,180,75
211723,68,1100000.0,7000.0,28,191,90
211736,68,1200000.0,10000.0,28,183,82
211739,68,1300000.0,8000.0,27,175,72
211786,68,1200000.0,3000.0,28,174,69
211870,68,1000000.0,5000.0,31,184,73
211955,68,1000000.0,3000.0,29,183,82
212066,68,1200000.0,3000.0,29,175,68
212120,68,1200000.0,4000.0,27,187,82
212223,68,1400000.0,15000.0,27,175,68
212248,68,1500000.0,6000.0,26,179,76
212420,68,1300000.0,4000.0,27,196,89
212483,68,1200000.0,2000.0,27,170,64
212487,68,1600000.0,8000.0,25,188,70
212516,68,1600000.0,3000.0,24,189,75
212680,68,1400000.0,3000.0,26,174,61
212764,68,1200000.0,550.0,28,164,60
212819,68,975000.0,5000.0,32,178,71
212938,68,1100000.0,2000.0,29,184,80
212940,68,1600000.0,4000.0,26,179,68
212944,68,1600000.0,500.0,26,186,76
212992,68,1200000.0,7000.0,29,190,85
212994,68,1600000.0,4000.0,26,180,72
213061,68,975000.0,3000.0,32,180,70
213105,68,1300000.0,5000.0,26,186,88
213106,68,1000000.0,7000.0,31,178,83
213152,68,1600000.0,17000.0,25,185,85
213471,68,1600000.0,3000.0,26,182,74
213509,68,1000000.0,8000.0,28,193,89
213612,68,1400000.0,3000.0,26,180,72
213619,68,400000.0,1000.0,36,178,80
213778,68,1200000.0,3000.0,30,187,78
213841,68,1400000.0,4000.0,27,187,72
213878,68,1200000.0,4000.0,28,175,67
213949,68,1400000.0,5000.0,26,188,82
214000,68,1400000.0,4000.0,27,169,68
214035,68,1100000.0,800.0,27,187,79
214135,68,825000.0,950.0,31,195,86
214151,68,600000.0,850.0,33,176,70
214250,68,1200000.0,4000.0,28,183,75
214280,68,1600000.0,4000.0,25,175,67
214412,68,875000.0,2000.0,31,177,74
214582,68,1100000.0,700.0,28,189,80
214594,68,1000000.0,2000.0,29,175,70
214611,68,950000.0,2000.0,32,175,71
214615,68,575000.0,1000.0,34,183,79
214776,68,1200000.0,6000.0,28,183,80
214876,68,1300000.0,7000.0,26,173,71
214877,68,1900000.0,2000.0,24,188,86
214884,68,1000000.0,4000.0,28,189,80
214915,68,1000000.0,3000.0,29,174,67
214965,68,975000.0,6000.0,32,179,80
214980,68,1000000.0,1000.0,31,181,79
214993,68,325000.0,1000.0,35,180,70
215043,68,775000.0,2000.0,33,175,78
215081,68,1200000.0,7000.0,30,168,68
215083,68,1200000.0,4000.0,30,184,75
215097,68,1200000.0,2000.0,27,184,79
215139,68,825000.0,1000.0,31,176,73
215178,68,1200000.0,3000.0,27,185,79
215195,68,1700000.0,6000.0,23,172,67
215250,68,210000.0,4000.0,34,188,87
215254,68,400000.0,6000.0,34,184,86
215267,68,1200000.0,2000.0,29,191,90
215309,68,1200000.0,5000.0,30,185,75
215328,68,1200000.0,5000.0,28,177,74
215343,68,1200000.0,4000.0,27,191,82
215351,68,1200000.0,6000.0,28,179,75
215355,68,1000000.0,6000.0,31,175,69
215383,68,1300000.0,3000.0,27,186,70
215459,68,1200000.0,11000.0,28,188,81
215568,68,1300000.0,4000.0,26,186,80
215572,68,1100000.0,4000.0,28,186,78
215650,68,1100000.0,6000.0,28,174,77
215817,68,1400000.0,4000.0,27,190,87
216182,68,600000.0,7000.0,33,183,76
216184,68,1200000.0,5000.0,29,178,70
216232,68,1200000.0,6000.0,27,171,66
216268,68,1300000.0,13000.0,27,175,72
216271,68,1400000.0,6000.0,27,193,75
216281,68,1000000.0,6000.0,30,181,75
216284,68,1200000.0,4000.0,28,196,96
216286,68,1200000.0,3000.0,28,178,75
216381,68,1300000.0,3000.0,27,171,72
216479,68,1200000.0,5000.0,30,183,80
216523,68,1100000.0,8000.0,28,189,85
217086,68,1000000.0,10000.0,31,172,70
217242,68,1300000.0,4000.0,27,178,73
217441,68,210000.0,2000.0,34,192,80
217709,68,1000000.0,7000.0,29,191,87
218341,68,1200000.0,500.0,27,189,89
218880,68,1500000.0,8000.0,25,184,78
218887,68,1600000.0,5000.0,26,179,76
219091,68,1600000.0,5000.0,26,173,70
219177,68,1400000.0,6000.0,26,178,70
219216,68,1400000.0,4000.0,27,175,68
219448,68,1100000.0,8000.0,29,177,77
219451,68,1200000.0,5000.0,28,191,89
219558,68,1300000.0,3000.0,26,180,69
219575,68,1200000.0,500.0,29,183,70
219605,68,1400000.0,3000.0,26,175,70
219767,68,1200000.0,3000.0,27,190,84
219771,68,1300000.0,3000.0,27,168,61
219860,68,1000000.0,1000.0,29,181,79
219871,68,1200000.0,3000.0,27,173,68
219937,68,1500000.0,10000.0,24,187,83
219941,68,1100000.0,3000.0,27,190,75
219952,68,1700000.0,17000.0,25,183,76
219957,68,1300000.0,9000.0,26,181,76
219969,68,1400000.0,3000.0,26,190,80
219998,68,1800000.0,4000.0,25,169,68
220028,68,1500000.0,6000.0,26,176,74
220030,68,1300000.0,3000.0,27,182,72
220139,68,1700000.0,6000.0,25,167,64
220140,68,1500000.0,5000.0,25,188,76
220291,68,1300000.0,4000.0,27,179,70
220388,68,1300000.0,6000.0,27,186,77
220433,68,1200000.0,3000.0,27,190,82
220693,68,1400000.0,4000.0,26,181,76
220886,68,1600000.0,3000.0,26,183,79
220965,68,1400000.0,7000.0,26,179,61
221024,68,1400000.0,5000.0,25,191,88
221197,68,1700000.0,6000.0,24,185,80
221336,68,1800000.0,6000.0,25,166,59
221350,68,1900000.0,5000.0,24,178,76
221456,68,1600000.0,5000.0,24,189,81
221489,68,1900000.0,2000.0,24,167,65
221556,68,1400000.0,4000.0,27,182,76
221643,68,1200000.0,3000.0,29,173,70
221658,68,1200000.0,12000.0,27,185,77
221704,68,1400000.0,650.0,26,190,76
221705,68,1600000.0,5000.0,25,178,75
221713,68,1100000.0,4000.0,29,178,75
221820,68,1200000.0,8000.0,30,180,69
222066,68,1400000.0,500.0,26,170,68
222156,68,2300000.0,5000.0,23,178,74
222163,68,975000.0,5000.0,32,173,68
222319,68,1600000.0,900.0,25,182,74
222358,68,1200000.0,500.0,28,173,68
222389,68,1400000.0,2000.0,25,185,68
222396,68,1500000.0,7000.0,25,185,75
222407,68,1400000.0,3000.0,26,182,77
222513,68,1600000.0,5000.0,25,175,76
222557,68,2500000.0,3000.0,24,185,72
222576,68,1600000.0,4000.0,24,180,70
222587,68,1500000.0,3000.0,26,175,72
222741,68,1200000.0,6000.0,29,190,76
222773,68,1500000.0,7000.0,25,186,73
222878,68,1900000.0,9000.0,24,183,67
222889,68,1000000.0,6000.0,29,197,97
222988,68,475000.0,4000.0,35,174,73
223016,68,1000000.0,6000.0,29,184,80
223085,68,1200000.0,6000.0,28,177,72
223128,68,1400000.0,7000.0,26,175,71
223150,68,1300000.0,2000.0,26,182,78
223207,68,,,28,188,83
223229,68,1700000.0,6000.0,23,183,77
223344,68,1600000.0,10000.0,26,178,65
223370,68,1300000.0,5000.0,27,184,74
223510,68,1300000.0,3000.0,27,185,84
223566,68,1400000.0,4000.0,26,185,68
223595,68,1400000.0,4000.0,25,177,68
223603,68,1200000.0,8000.0,26,190,89
223637,68,1400000.0,4000.0,26,173,70
223668,68,1300000.0,5000.0,27,186,84
223727,68,1000000.0,3000.0,28,188,78
223737,68,1100000.0,3000.0,27,196,95
223740,68,1200000.0,5000.0,29,181,77
223751,68,1200000.0,9000.0,26,189,76
223752,68,1700000.0,2000.0,25,180,70
223769,68,625000.0,6000.0,33,177,73
223857,68,750000.0,2000.0,33,169,72
223938,68,1400000.0,6000.0,25,172,70
224009,68,1500000.0,2000.0,26,180,73
224021,68,1900000.0,28000.0,24,179,81
224057,68,750000.0,2000.0,33,177,72
224062,68,2500000.0,15000.0,23,180,75
224099,68,1500000.0,5000.0,25,173,67
224149,68,1700000.0,4000.0,25,180,73
224211,68,1700000.0,500.0,24,181,83
224302,68,1600000.0,4000.0,24,187,82
224358,68,1200000.0,5000.0,29,175,70
224395,68,1200000.0,5000.0,28,180,69
224403,68,1300000.0,5000.0,27,186,73
224483,68,1300000.0,7000.0,26,186,77
224544,68,875000.0,5000.0,31,180,76
224604,68,825000.0,9000.0,32,180,72
224702,68,650000.0,7000.0,31,190,81
224821,68,1000000.0,7000.0,30,183,75
224842,68,1800000.0,5000.0,24,177,72
225072,68,2200000.0,11000.0,24,187,73
225105,68,1900000.0,7000.0,23,178,69
225139,68,1200000.0,500.0,28,170,70
225145,68,875000.0,500.0,31,185,80
225168,68,1300000.0,3000.0,27,171,67
225189,68,1600000.0,6000.0,24,181,74
225202,68,1600000.0,4000.0,25,179,74
225270,68,1800000.0,6000.0,25,182,82
225396,68,1300000.0,5000.0,27,182,82
225529,68,1400000.0,3000.0,26,189,78
225530,68,1600000.0,17000.0,25,196,104
225543,68,1500000.0,10000.0,24,184,69
225589,68,2200000.0,2000.0,24,190,75
225652,68,1800000.0,12000.0,25,188,78
225811,68,1700000.0,35000.0,24,171,66
225868,68,1100000.0,8000.0,27,186,81
225939,68,1200000.0,5000.0,28,176,76
226033,68,875000.0,3000.0,31,173,68
226152,68,1700000.0,5000.0,25,169,67
226431,68,2400000.0,5000.0,22,168,61
226507,68,1800000.0,6000.0,24,175,68
226535,68,1200000.0,2000.0,28,178,74
226579,68,2700000.0,5000.0,23,165,64
226686,68,1700000.0,8000.0,24,185,82
227040,68,1800000.0,9000.0,24,192,82
227235,68,1200000.0,10000.0,29,180,78
227362,68,1400000.0,6000.0,26,188,78
227370,68,1400000.0,4000.0,25,187,81
227412,68,625000.0,950.0,33,173,73
227547,68,1400000.0,7000.0,26,184,78
227594,68,1400000.0,4000.0,26,183,73
227630,68,1900000.0,4000.0,23,185,70
227766,68,1500000.0,500.0,26,191,80
227794,68,1700000.0,3000.0,24,174,69
227900,68,1500000.0,6000.0,25,175,68
227932,68,1300000.0,6000.0,26,192,85
227945,68,1500000.0,3000.0,25,191,82
228082,68,2700000.0,9000.0,23,180,73
228111,68,1600000.0,6000.0,25,182,77
228225,68,1500000.0,4000.0,24,181,79
228303,68,1200000.0,1000.0,29,175,67
228375,68,1600000.0,3000.0,25,173,69
228593,68,1800000.0,7000.0,25,187,79
228682,68,2300000.0,4000.0,24,171,63
228704,68,1300000.0,4000.0,27,178,72
228711,68,1800000.0,7000.0,24,180,78
228730,68,2200000.0,500.0,23,183,75
228827,68,1700000.0,3000.0,23,176,70
228883,68,1800000.0,4000.0,24,187,85
228888,68,2500000.0,5000.0,23,190,79
228894,68,1400000.0,5000.0,25,167,68
228897,68,875000.0,3000.0,31,182,75
229038,68,2500000.0,4000.0,23,193,89
229045,68,1400000.0,4000.0,26,184,81
229147,68,1600000.0,4000.0,25,180,74
229207,68,1600000.0,4000.0,25,178,72
229210,68,1400000.0,5000.0,27,183,75
229212,68,1200000.0,5000.0,28,183,82
229217,68,1900000.0,3000.0,24,175,70
229277,68,1600000.0,9000.0,25,184,81
229337,68,2700000.0,35000.0,23,181,68
229375,68,1900000.0,6000.0,23,193,89
229379,68,2400000.0,3000.0,23,177,67
229473,68,1200000.0,3000.0,28,170,66
229488,68,1000000.0,16000.0,29,175,68
229501,68,1000000.0,3000.0,29,193,85
229640,68,1700000.0,8000.0,24,174,72
229650,68,1600000.0,3000.0,24,181,70
229748,68,1400000.0,7000.0,27,189,85
229817,68,650000.0,3000.0,31,186,79
229839,68,1400000.0,6000.0,26,173,69
229891,68,1700000.0,9000.0,23,183,84
229894,68,1500000.0,4000.0,26,173,67
229925,68,1700000.0,4000.0,23,186,81
230047,68,1600000.0,5000.0,23,179,76
230075,68,1500000.0,2000.0,25,183,77
230143,68,1000000.0,2000.0,29,194,89
230157,68,1200000.0,7000.0,28,187,77
230221,68,1200000.0,8000.0,25,179,72
230228,68,1000000.0,7000.0,29,180,78
230247,68,1200000.0,8000.0,25,186,81
230273,68,1200000.0,10000.0,29,178,82
230357,68,1100000.0,6000.0,29,175,63
230363,68,750000.0,7000.0,33,175,71
230372,68,1200000.0,8000.0,25,188,82
230467,68,1200000.0,7000.0,29,182,76
230515,68,1200000.0,7000.0,29,172,62
230624,68,1200000.0,7000.0,28,191,75
230638,68,1400000.0,1000.0,26,176,78
230802,68,1300000.0,10000.0,27,167,56
230872,68,2600000.0,3000.0,21,189,83
230882,68,2500000.0,15000.0,24,190,83
231025,68,1900000.0,3000.0,24,177,75
231056,68,,,29,191,95
231073,68,1200000.0,9000.0,25,194,84
231184,68,1800000.0,3000.0,24,188,77
231212,68,1500000.0,6000.0,26,178,70
231231,68,1600000.0,6000.0,25,167,56
231354,68,1600000.0,9000.0,24,185,67
231472,68,1600000.0,3000.0,25,179,72
231726,68,1900000.0,6000.0,24,189,81
231873,68,2700000.0,7000.0,22,173,67
231878,68,1100000.0,3000.0,28,193,93
231886,68,1600000.0,4000.0,25,180,79
232066,68,1600000.0,600.0,26,185,79
232253,68,1300000.0,3000.0,27,174,65
232479,68,1800000.0,2000.0,24,178,76
232512,68,750000.0,5000.0,33,168,62
232562,68,1300000.0,3000.0,26,185,82
232571,68,1600000.0,3000.0,25,184,79
232573,68,1100000.0,5000.0,28,180,77
232586,68,1500000.0,2000.0,26,173,70
232594,68,875000.0,2000.0,31,171,65
232608,68,1000000.0,3000.0,31,170,68
232643,68,1600000.0,5000.0,25,185,83
232695,68,775000.0,5000.0,32,190,87
232708,68,2300000.0,3000.0,22,168,66
232870,68,1400000.0,3000.0,26,186,77
233141,68,1300000.0,6000.0,27,164,60
233164,68,2300000.0,22000.0,22,197,81
233178,68,1900000.0,4000.0,23,168,62
233282,68,1100000.0,2000.0,27,184,84
233373,68,1900000.0,7000.0,22,173,58
233565,68,2700000.0,5000.0,22,178,66
233571,68,1800000.0,500.0,25,164,64
233630,68,1800000.0,6000.0,24,185,76
233780,68,2500000.0,5000.0,23,187,85
233851,68,1800000.0,5000.0,23,185,70
233870,68,1000000.0,3000.0,30,181,78
233911,68,1500000.0,3000.0,26,166,61
233917,68,2700000.0,9000.0,23,176,67
234004,68,1200000.0,9000.0,25,189,83
234005,68,600000.0,6000.0,33,178,74
234018,68,1400000.0,7000.0,21,187,76
234025,68,1200000.0,11000.0,29,178,72
234033,68,1400000.0,4000.0,27,177,70
234048,68,1800000.0,6000.0,23,173,66
234129,68,2700000.0,7000.0,22,175,66
234134,68,1400000.0,9000.0,25,177,73
234164,68,1100000.0,5000.0,28,179,72
234184,68,1800000.0,4000.0,22,182,72
234202,68,1900000.0,4000.0,22,170,73
234229,68,2700000.0,3000.0,23,187,80
234239,68,1600000.0,3000.0,24,170,65
234284,68,1200000.0,4000.0,28,186,82
234371,68,1300000.0,7000.0,25,196,82
234385,68,1700000.0,10000.0,25,176,63
234472,68,2500000.0,14000.0,22,193,92
234576,68,2500000.0,3000.0,22,185,80
234579,68,1700000.0,15000.0,24,177,78
234587,68,1400000.0,5000.0,27,181,70
234667,68,1200000.0,5000.0,27,181,80
234817,68,2500000.0,5000.0,24,187,81
234856,68,1700000.0,6000.0,23,184,73
234877,68,1500000.0,5000.0,24,194,90
234929,68,1400000.0,4000.0,26,177,70
234983,68,1700000.0,3000.0,25,180,69
235103,68,1500000.0,9000.0,25,176,68
235124,68,2300000.0,13000.0,23,188,83
235156,68,1600000.0,6000.0,23,188,75
235215,68,2400000.0,15000.0,23,174,67
235355,68,1900000.0,4000.0,21,177,72
235360,68,2700000.0,10000.0,22,182,77
235458,68,1600000.0,13000.0,24,193,90
235464,68,2200000.0,11000.0,23,188,76
235495,68,1300000.0,6000.0,26,174,75
235513,68,1800000.0,10000.0,25,191,90
235519,68,2200000.0,3000.0,24,186,81
235580,68,1300000.0,6000.0,27,190,88
235636,68,1900000.0,500.0,23,186,82
235647,68,1700000.0,8000.0,22,178,72
235662,68,2500000.0,4000.0,23,188,80
235670,68,1800000.0,500.0,24,178,74
235729,68,1600000.0,3000.0,24,190,83
235735,68,2700000.0,21000.0,20,183,78
235755,68,2500000.0,3000.0,22,191,85
235770,68,2300000.0,13000.0,22,185,78
235842,68,2500000.0,28000.0,22,188,72
235971,68,1300000.0,4000.0,27,173,69
235991,68,2700000.0,6000.0,22,184,78
236046,68,2300000.0,3000.0,24,191,84
236165,68,1300000.0,6000.0,25,168,62
236217,68,1700000.0,8000.0,23,192,82
236242,68,1400000.0,500.0,27,169,66
236258,68,1400000.0,500.0,26,180,64
236300,68,1300000.0,500.0,27,176,76
236308,68,2300000.0,10000.0,23,186,80
236427,68,2400000.0,2000.0,23,185,81
236458,68,1500000.0,500.0,25,187,77
236464,68,1800000.0,5000.0,23,185,88
236490,68,2500000.0,10000.0,22,172,62
236522,68,2700000.0,6000.0,21,168,71
236535,68,1700000.0,3000.0,23,184,81
236543,68,1400000.0,500.0,26,194,82
236555,68,1800000.0,6000.0,25,178,78
236571,68,2300000.0,4000.0,23,191,82
236671,68,2300000.0,5000.0,23,178,73
236692,68,1700000.0,5000.0,25,186,73
236846,68,2700000.0,4000.0,21,174,68
236943,68,1600000.0,5000.0,25,178,70
237010,68,1400000.0,9000.0,26,180,73
237024,68,2300000.0,8000.0,22,183,76
237040,68,2500000.0,6000.0,22,190,92
237198,68,1600000.0,4000.0,25,172,66
237203,68,2500000.0,3000.0,23,183,70
237213,68,2200000.0,5000.0,23,185,78
237247,68,825000.0,500.0,31,184,77
237283,68,1400000.0,8000.0,26,183,77
237380,68,1400000.0,3000.0,26,184,77
237409,68,1300000.0,5000.0,27,170,67
237410,68,1500000.0,4000.0,23,183,79
237435,68,2700000.0,35000.0,23,171,68
237469,68,1700000.0,3000.0,24,178,79
237494,68,1000000.0,4000.0,29,190,81
237511,68,2600000.0,2000.0,23,180,72
237548,68,1000000.0,6000.0,29,184,85
237635,68,1400000.0,9000.0,25,176,72
237665,68,1500000.0,6000.0,26,177,73
237700,68,1900000.0,5000.0,23,178,75
237739,68,1400000.0,3000.0,25,183,74
237743,68,1400000.0,2000.0,25,173,70
237764,68,1000000.0,2000.0,30,173,67
237780,68,825000.0,5000.0,31,186,80
237823,68,2700000.0,35000.0,22,171,65
237848,68,2500000.0,5000.0,24,175,72
237930,68,2500000.0,4000.0,21,187,79
237994,68,1900000.0,5000.0,23,156,58
238011,68,2700000.0,5000.0,22,169,63
238040,68,2300000.0,3000.0,22,186,77
238225,68,1800000.0,5000.0,25,178,74
238236,68,2700000.0,3000.0,22,175,70
238330,68,1500000.0,6000.0,25,185,77
238391,68,1700000.0,2000.0,23,176,74
238464,68,2700000.0,500.0,22,183,78
238569,68,1300000.0,11000.0,27,180,77
238576,68,2500000.0,3000.0,24,194,92
238619,68,1200000.0,3000.0,27,183,83
238643,68,1200000.0,2000.0,29,184,80
238662,68,2600000.0,9000.0,22,180,74
238873,68,2700000.0,14000.0,20,188,80
238882,68,1400000.0,4000.0,26,178,72
238965,68,1700000.0,3000.0,23,188,75
238986,68,1400000.0,10000.0,27,190,73
238989,68,1000000.0,6000.0,31,177,72
239121,68,1200000.0,12000.0,30,190,90
239254,68,2600000.0,8000.0,21,190,73
239267,68,3000000.0,6000.0,22,175,80
239350,68,1800000.0,6000.0,24,173,67
239357,68,1300000.0,10000.0,27,187,75
239378,68,2700000.0,10000.0,23,180,83
239405,68,1900000.0,3000.0,23,182,74
239476,68,1700000.0,7000.0,24,179,72
239493,68,2700000.0,6000.0,23,177,73
239494,68,2300000.0,6000.0,23,190,82
239496,68,1900000.0,9000.0,24,170,65
239505,68,1400000.0,4000.0,26,165,54
239590,68,1000000.0,9000.0,30,183,80
239679,68,1400000.0,7000.0,25,180,74
239696,68,2700000.0,10000.0,22,172,65
239738,68,2600000.0,5000.0,23,178,78
239822,68,1400000.0,15000.0,25,182,69
239841,68,825000.0,9000.0,31,185,83
239922,68,1800000.0,3000.0,25,177,73
239951,68,1500000.0,5000.0,25,174,65
239980,68,1300000.0,6000.0,27,181,77
239986,68,2600000.0,3000.0,22,183,75
240020,68,2600000.0,5000.0,23,179,66
240027,68,1300000.0,3000.0,27,177,65
240032,68,1300000.0,500.0,27,179,74
240040,68,2700000.0,3000.0,22,177,68
240201,68,2700000.0,4000.0,23,178,77
240277,68,2800000.0,9000.0,21,185,78
240343,68,1600000.0,7000.0,24,177,68
240351,68,1700000.0,9000.0,24,176,72
240371,68,1400000.0,8000.0,24,188,82
240454,68,1400000.0,3000.0,26,185,83
240589,68,2700000.0,8000.0,21,188,83
240658,68,2700000.0,17000.0,23,182,75
240663,68,1600000.0,5000.0,25,175,68
240773,68,2600000.0,9000.0,22,181,70
240942,68,2500000.0,3000.0,24,176,69
240943,68,1300000.0,5000.0,27,182,77
240964,68,1500000.0,6000.0,25,175,72
241002,68,2400000.0,5000.0,23,178,70
241010,68,1300000.0,5000.0,27,186,80
241043,68,1000000.0,6000.0,29,186,78
241089,68,1600000.0,3000.0,25,181,68
241233,68,1800000.0,500.0,23,173,69
241236,68,2700000.0,10000.0,21,180,70
241237,68,2600000.0,4000.0,22,186,78
241523,68,2700000.0,17000.0,22,182,76
241632,68,2600000.0,6000.0,20,171,63
241737,68,2600000.0,2000.0,23,188,79
241842,68,2600000.0,15000.0,21,180,69
241858,68,2500000.0,2000.0,21,185,89
241861,68,2600000.0,4000.0,22,181,72
241930,68,2500000.0,5000.0,22,183,72
241984,68,1200000.0,4000.0,29,191,82
241985,68,1600000.0,8000.0,24,167,64
242006,68,2300000.0,4000.0,22,182,73
242054,68,1700000.0,6000.0,24,173,66
242174,68,1800000.0,800.0,24,172,70
242200,68,2300000.0,2000.0,22,201,88
242202,68,1800000.0,5000.0,23,190,83
242265,68,2700000.0,10000.0,20,169,71
242306,68,1300000.0,2000.0,27,177,69
242324,68,1300000.0,11000.0,27,182,73
242381,68,2500000.0,3000.0,23,181,75
242383,68,1600000.0,8000.0,24,187,84
242406,68,2400000.0,3000.0,23,186,78
242448,68,1900000.0,3000.0,24,177,72
242453,68,2700000.0,15000.0,19,194,78
242482,68,1600000.0,5000.0,24,173,72
242490,68,1600000.0,1000.0,25,172,72
242503,68,2300000.0,3000.0,24,175,70
242596,68,1700000.0,3000.0,24,185,81
242677,68,2700000.0,500.0,21,185,84
242749,68,2700000.0,12000.0,21,173,63
242815,68,2700000.0,7000.0,22,175,67
242845,68,1700000.0,6000.0,24,189,78
243057,68,2800000.0,21000.0,20,183,72
243201,68,2300000.0,3000.0,22,186,82
243235,68,1700000.0,3000.0,23,178,70
243244,68,1500000.0,8000.0,23,183,78
243275,68,2800000.0,15000.0,21,190,88
243311,68,2300000.0,14000.0,23,191,78
243473,68,,,25,185,75
243521,68,2600000.0,5000.0,23,176,72
243553,68,875000.0,4000.0,31,180,70
243574,68,1800000.0,3000.0,22,171,65
243586,68,1200000.0,7000.0,28,182,76
243619,68,1900000.0,3000.0,22,186,76
243652,68,2700000.0,14000.0,21,183,71
243788,68,2500000.0,4000.0,21,175,70
243801,68,2700000.0,2000.0,22,186,76
243816,68,1700000.0,4000.0,24,177,70
243857,68,1300000.0,500.0,27,163,59
243862,68,1600000.0,5000.0,25,170,66
243887,68,1400000.0,9000.0,25,183,78
244017,68,210000.0,7000.0,34,193,85
244085,68,1400000.0,6000.0,26,180,75
244117,68,1000000.0,3000.0,29,184,77
244135,68,1300000.0,6000.0,27,189,83
244143,68,2700000.0,7000.0,22,176,72
244147,68,1600000.0,7000.0,26,177,73
244161,68,1600000.0,4000.0,25,178,82
244187,68,1500000.0,7000.0,26,180,75
244210,68,2300000.0,4000.0,24,170,68
244344,68,1600000.0,500.0,24,181,77
244363,68,1500000.0,11000.0,23,190,86
244399,68,1900000.0,7000.0,23,173,67
244464,68,1400000.0,9000.0,26,180,84
244474,68,1200000.0,7000.0,29,175,73
244480,68,1800000.0,6000.0,23,180,75
244624,68,2400000.0,3000.0,24,176,68
244641,68,1400000.0,11000.0,27,186,81
244661,68,2600000.0,4000.0,21,175,73
244692,68,2600000.0,4000.0,20,178,65
244751,68,1400000.0,2000.0,26,193,80
244793,68,1500000.0,500.0,26,200,101
244970,68,2300000.0,6000.0,24,183,71
245097,68,2700000.0,6000.0,21,177,74
245231,68,2500000.0,500.0,22,178,66
245237,68,2700000.0,5000.0,22,172,65
245247,68,2600000.0,6000.0,23,177,70
245283,68,1900000.0,8000.0,24,168,65
245340,68,2900000.0,4000.0,19,180,74
245368,68,2500000.0,15000.0,22,184,77
245733,68,1500000.0,12000.0,25,195,94
245822,68,2400000.0,1000.0,18,189,73
245986,68,1600000.0,4000.0,25,181,70
246014,68,2300000.0,2000.0,21,175,67
246074,68,2700000.0,5000.0,22,180,67
246118,68,1500000.0,14000.0,25,178,73
246179,68,2600000.0,3000.0,21,175,70
246275,68,1900000.0,5000.0,23,180,72
246276,68,2700000.0,5000.0,22,172,67
246309,68,2700000.0,4000.0,22,180,73
246351,68,2700000.0,4000.0,21,182,75
246437,68,1200000.0,2000.0,28,171,70
246565,68,2500000.0,2000.0,20,186,82
246594,68,2700000.0,7000.0,19,175,70
246679,68,2600000.0,5000.0,21,187,79
246739,68,1300000.0,3000.0,27,180,72
246797,68,1600000.0,2000.0,24,171,67
246800,68,2700000.0,9000.0,22,183,69
246806,68,650000.0,2000.0,31,180,76
246826,68,1600000.0,4000.0,24,186,80
246832,68,1800000.0,9000.0,24,184,82
246840,68,1300000.0,2000.0,27,178,75
246845,68,1200000.0,8000.0,29,177,73
246923,68,2900000.0,16000.0,20,180,72
246974,68,2600000.0,3000.0,22,180,73
247027,68,1500000.0,3000.0,26,170,66
247060,68,2600000.0,500.0,22,178,68
247086,68,1700000.0,6000.0,24,182,72
247180,68,2600000.0,5000.0,23,183,76
247197,68,1400000.0,5000.0,26,180,71
247228,68,2300000.0,2000.0,24,190,75
247229,68,2600000.0,7000.0,21,188,78
247385,68,2500000.0,4000.0,20,175,73
247474,68,1600000.0,3000.0,25,183,84
247643,68,1600000.0,500.0,25,187,80
247648,68,1600000.0,3000.0,24,183,88
247668,68,2600000.0,4000.0,20,174,73
247854,68,2700000.0,4000.0,23,181,79
247888,68,3100000.0,13000.0,18,186,75
247949,68,1800000.0,5000.0,22,178,73
248004,68,2500000.0,2000.0,22,191,85
248043,68,400000.0,5000.0,34,179,71
248061,68,1300000.0,6000.0,26,166,60
248106,68,1700000.0,4000.0,23,186,82
248107,68,2600000.0,4000.0,22,180,75
248149,68,2500000.0,500.0,20,175,65
248710,68,1900000.0,4000.0,24,181,70
248729,68,2900000.0,9000.0,20,178,65
248781,68,1100000.0,2000.0,28,182,71
248811,68,2700000.0,3000.0,23,179,74
248870,68,3000000.0,14000.0,21,172,68
250868,68,1400000.0,3000.0,27,181,73
250918,68,1300000.0,3000.0,26,178,67
250961,68,2900000.0,19000.0,20,193,89
251185,68,825000.0,5000.0,29,192,85
251193,68,1800000.0,500.0,24,180,84
251236,68,2700000.0,7000.0,22,180,75
251413,68,1900000.0,10000.0,23,193,88
251445,68,2700000.0,4000.0,21,178,66
251504,68,2200000.0,5000.0,25,187,80
251626,68,2500000.0,3000.0,20,175,70
251779,68,1800000.0,7000.0,24,185,80
251818,68,400000.0,1000.0,33,186,80
251944,68,1500000.0,3000.0,24,183,79
251954,68,2900000.0,15000.0,19,174,64
252044,68,2600000.0,3000.0,21,188,79
252053,68,2200000.0,7000.0,24,187,77
252081,68,1100000.0,8000.0,27,184,79
252162,68,2500000.0,4000.0,22,182,76
252275,68,1600000.0,4000.0,26,192,87
252291,68,2300000.0,3000.0,24,181,75
252376,68,2600000.0,5000.0,20,176,72
252448,68,2900000.0,8000.0,20,184,86
252484,68,1700000.0,4000.0,24,181,73
252495,68,2900000.0,3000.0,19,179,68
252508,68,3000000.0,500.0,17,178,68
252567,68,2700000.0,500.0,19,183,71
252594,68,2900000.0,7000.0,19,177,70
252864,68,1900000.0,4000.0,23,170,68
253008,68,2600000.0,6000.0,22,176,66
253052,68,2800000.0,24000.0,20,180,70
253100,68,3000000.0,13000.0,21,176,65
253122,68,2500000.0,6000.0,20,179,70
253136,68,2500000.0,500.0,21,185,82
253181,68,2700000.0,7000.0,23,179,75
253238,68,1700000.0,5000.0,24,183,80
253239,68,1800000.0,500.0,23,179,77
253241,68,1800000.0,500.0,24,182,76
253242,68,1200000.0,500.0,28,180,75
253265,68,1400000.0,5000.0,27,169,65
253302,68,1200000.0,550.0,28,184,80
253305,68,1100000.0,7000.0,28,189,88
253344,68,2200000.0,500.0,23,182,82
253463,68,2600000.0,5000.0,21,174,69
253569,68,1800000.0,500.0,24,180,81
253581,68,1200000.0,500.0,29,168,73
253586,68,1800000.0,500.0,22,180,74
253735,68,2700000.0,8000.0,21,182,71
253766,68,2600000.0,3000.0,21,173,62
253777,68,1600000.0,500.0,25,173,70
253816,68,2600000.0,500.0,22,176,72
253847,68,1000000.0,4000.0,28,187,85
253908,68,2700000.0,6000.0,22,173,71
254023,68,2000000.0,500.0,22,168,68
254039,68,2300000.0,500.0,22,168,63
254054,68,1100000.0,500.0,29,176,71
254067,68,1600000.0,7000.0,25,172,70
254068,68,1900000.0,500.0,23,166,62
254088,68,3100000.0,12000.0,18,173,72
254142,68,2400000.0,2000.0,22,182,77
254211,68,2300000.0,3000.0,22,175,70
254225,68,2700000.0,4000.0,22,171,64
254245,68,1600000.0,4000.0,24,186,81
254258,68,2500000.0,2000.0,20,182,76
254267,68,2900000.0,13000.0,19,191,84
254448,68,1800000.0,500.0,25,182,81
254551,68,2700000.0,7000.0,20,178,72
254578,68,2900000.0,1000.0,18,173,62
254587,68,2700000.0,6000.0,22,167,64
254874,68,1100000.0,5000.0,29,177,74
254952,68,2700000.0,4000.0,21,183,81
255009,68,2900000.0,4000.0,19,182,70
255021,68,1600000.0,17000.0,24,174,68
255043,68,3000000.0,3000.0,21,188,100
255069,68,2900000.0,23000.0,19,188,86
255105,68,2000000.0,500.0,21,188,80
255109,68,2400000.0,6000.0,23,174,67
255154,68,2600000.0,4000.0,23,178,75
255158,68,2500000.0,3000.0,21,185,78
255257,68,3100000.0,2000.0,18,172,64
255319,68,1600000.0,6000.0,26,177,73
255400,68,2500000.0,4000.0,22,187,70
255441,68,2500000.0,5000.0,20,188,82
255461,68,2700000.0,10000.0,22,186,78
255533,68,2600000.0,11000.0,22,183,79
255573,68,2500000.0,13000.0,21,188,75
255839,68,2600000.0,3000.0,18,182,77
255886,68,2300000.0,4000.0,21,175,72
255939,68,2600000.0,500.0,18,187,74
256008,68,3000000.0,4000.0,20,190,88
256261,68,2700000.0,3000.0,19,191,80
256370,68,1300000.0,3000.0,27,182,75
256548,68,2700000.0,11000.0,22,182,74
256658,68,2700000.0,13000.0,20,182,80
256689,68,2700000.0,8000.0,23,178,74
256695,68,1100000.0,7000.0,29,182,70
256705,68,1500000.0,4000.0,24,187,83
256781,68,2900000.0,3000.0,18,180,83
256902,68,1600000.0,3000.0,26,181,74
257000,68,2700000.0,8000.0,20,185,80
257057,68,2700000.0,6000.0,19,195,76
257063,68,2900000.0,11000.0,19,164,63
257265,68,1800000.0,5000.0,23,182,73
257270,68,2700000.0,7000.0,18,182,76
257338,68,1600000.0,5000.0,25,166,60
257566,68,2900000.0,24000.0,19,174,73
257711,68,2700000.0,9000.0,19,183,78
257876,68,2600000.0,8000.0,20,179,70
258015,68,2700000.0,500.0,21,186,80
258264,68,1200000.0,500.0,26,191,89
258365,68,2500000.0,5000.0,23,183,79
258371,68,2600000.0,4000.0,23,174,72
258407,68,2700000.0,3000.0,19,181,80
258464,68,2200000.0,6000.0,23,191,84
258575,68,2200000.0,4000.0,24,192,86
258648,68,2600000.0,2000.0,22,184,75
258654,68,2400000.0,7000.0,23,181,72
258728,68,2600000.0,6000.0,21,185,76
258798,68,1600000.0,6000.0,26,184,77
258958,68,1200000.0,7000.0,28,183,75
259423,68,2800000.0,2000.0,18,182,78
259674,68,2500000.0,1000.0,18,173,63
259748,68,2600000.0,500.0,18,190,73
259796,68,1400000.0,500.0,26,172,67
259833,68,2500000.0,500.0,20,176,72
259835,68,1100000.0,500.0,28,180,77
259853,68,2600000.0,9000.0,19,181,67
259929,68,1400000.0,500.0,26,175,62
259953,68,550000.0,500.0,34,186,87
259978,68,2600000.0,3000.0,22,178,74
260185,68,600000.0,2000.0,33,175,65
260592,68,3100000.0,5000.0,18,193,77
260593,68,1900000.0,3000.0,21,184,75
260637,68,2700000.0,4000.0,20,180,79
260646,68,1300000.0,500.0,27,194,88
260823,68,2900000.0,18000.0,20,178,72
260843,68,2700000.0,5000.0,20,176,68
261084,68,2700000.0,12000.0,20,178,72
261275,68,2700000.0,4000.0,22,183,76
261381,68,750000.0,500.0,33,177,75
261771,68,2900000.0,6000.0,19,175,68
262429,68,1500000.0,4000.0,26,188,82
262473,68,2500000.0,3000.0,20,178,74
262505,68,2600000.0,3000.0,22,180,71
262585,68,3100000.0,500.0,18,182,70
262629,68,1800000.0,7000.0,23,176,74
262744,68,1700000.0,3000.0,25,184,80
262800,68,1800000.0,4000.0,24,188,75
262801,68,1200000.0,500.0,30,178,74
262932,68,1300000.0,5000.0,27,178,64
263032,68,2100000.0,2000.0,23,192,81
263072,68,1400000.0,4000.0,27,190,85
263238,68,1400000.0,3000.0,26,194,84
263280,68,2700000.0,500.0,21,179,77
263283,68,1100000.0,500.0,26,194,86
263389,68,1300000.0,8000.0,26,178,73
263704,68,1600000.0,6000.0,26,182,74
263929,68,2800000.0,5000.0,18,182,78
264181,68,2900000.0,500.0,20,181,72
264268,68,2500000.0,3000.0,22,189,81
264337,68,2900000.0,17000.0,20,185,79
264450,68,2700000.0,3000.0,21,178,74
264453,68,3000000.0,13000.0,20,193,89
23823,67,180000.0,1000.0,39,184,72
52340,67,180000.0,3000.0,37,188,83
124344,67,,3000.0,40,186,80
135537,67,180000.0,2000.0,37,188,85
135587,67,110000.0,3000.0,36,190,86
140222,67,,500.0,41,180,76
142756,67,325000.0,3000.0,39,178,73
144160,67,110000.0,2000.0,35,187,78
145014,67,350000.0,2000.0,34,185,74
148729,67,110000.0,1000.0,36,190,85
153062,67,325000.0,500.0,37,168,63
155463,67,650000.0,5000.0,32,191,78
155976,67,400000.0,2000.0,35,185,83
156675,67,325000.0,3000.0,34,183,75
157804,67,110000.0,15000.0,35,190,86
158293,67,,5000.0,40,180,75
159904,67,700000.0,700.0,29,184,77
163156,67,325000.0,5000.0,34,188,87
163201,67,110000.0,6000.0,36,191,89
164529,67,180000.0,2000.0,37,183,75
164766,67,525000.0,6000.0,33,185,75
164858,67,350000.0,500.0,34,194,84
165191,67,500000.0,6000.0,34,185,85
166844,67,,,33,193,88
168317,67,350000.0,3000.0,36,189,85
169586,67,650000.0,4000.0,33,172,80
169596,67,475000.0,3000.0,33,191,76
170008,67,325000.0,7000.0,33,192,91
171082,67,475000.0,5000.0,34,179,71
171087,67,275000.0,2000.0,35,182,77
171490,67,110000.0,5000.0,35,188,78
172013,67,325000.0,2000.0,35,182,79
173165,67,500000.0,5000.0,32,184,84
174669,67,350000.0,3000.0,34,175,66
175789,67,625000.0,6000.0,33,183,77
175934,67,500000.0,4000.0,32,185,70
176061,67,230000.0,2000.0,36,173,75
176346,67,375000.0,4000.0,34,175,68
176599,67,350000.0,500.0,37,180,82
176849,67,475000.0,3000.0,33,184,69
176996,67,425000.0,2000.0,35,181,73
177138,67,425000.0,2000.0,35,178,85
177390,67,200000.0,2000.0,36,188,76
177564,67,230000.0,2000.0,36,170,65
178089,67,625000.0,1000.0,33,174,72
178143,67,500000.0,5000.0,32,188,89
178565,67,375000.0,5000.0,34,168,65
179663,67,700000.0,4000.0,32,180,81
179822,67,325000.0,500.0,34,181,70
179840,67,475000.0,3000.0,33,193,88
179971,67,850000.0,5000.0,31,188,90
179984,67,650000.0,4000.0,32,193,80
180903,67,800000.0,2000.0,32,183,70
181681,67,350000.0,5000.0,34,183,80
182096,67,625000.0,6000.0,33,178,71
182207,67,110000.0,2000.0,35,191,84
182209,67,700000.0,5000.0,31,193,80
182412,67,475000.0,6000.0,33,190,76
182440,67,800000.0,4000.0,32,179,70
182464,67,525000.0,5000.0,33,181,80
182621,67,180000.0,4000.0,36,194,85
182694,67,750000.0,4000.0,31,181,78
182897,67,500000.0,3000.0,32,185,80
183228,67,475000.0,4000.0,33,191,85
183244,67,500000.0,3000.0,32,194,89
183336,67,850000.0,2000.0,31,186,84
183640,67,475000.0,3000.0,33,192,87
183644,67,800000.0,7000.0,32,188,84
183741,67,700000.0,3000.0,32,170,63
184229,67,525000.0,2000.0,33,180,78
184255,67,850000.0,2000.0,31,187,87
184387,67,875000.0,5000.0,29,188,84
184457,67,825000.0,4000.0,32,185,72
184747,67,825000.0,13000.0,32,185,79
184901,67,375000.0,3000.0,34,178,73
185018,67,800000.0,3000.0,32,177,73
185171,67,350000.0,4000.0,34,186,80
185316,67,700000.0,4000.0,31,193,82
186116,67,975000.0,5000.0,30,183,85
186595,67,700000.0,4000.0,32,178,73
186781,67,110000.0,1000.0,35,188,83
186950,67,825000.0,4000.0,30,183,76
186984,67,700000.0,4000.0,31,184,79
187113,67,750000.0,2000.0,31,187,76
187339,67,975000.0,2000.0,30,173,66
187620,67,475000.0,4000.0,33,188,89
188202,67,675000.0,4000.0,30,188,81
188289,67,850000.0,5000.0,31,182,76
188305,67,500000.0,4000.0,34,188,88
188313,67,850000.0,3000.0,31,174,70
188621,67,525000.0,4000.0,33,176,77
188674,67,825000.0,6000.0,32,182,72
188856,67,875000.0,3000.0,30,172,64
189024,67,110000.0,500.0,35,186,98
189141,67,1000000.0,2000.0,30,177,71
189148,67,850000.0,3000.0,31,178,72
189160,67,475000.0,4000.0,34,183,76
189233,67,500000.0,2000.0,32,188,78
189383,67,825000.0,5000.0,31,182,77
189451,67,650000.0,500.0,33,190,92
189536,67,850000.0,500.0,31,184,74
189691,67,850000.0,2000.0,31,183,75
189776,67,1000000.0,4000.0,30,178,65
189885,67,625000.0,2000.0,33,177,69
190180,67,,,31,191,75
190330,67,975000.0,2000.0,30,187,84
190424,67,850000.0,1000.0,30,178,67
190490,67,975000.0,3000.0,30,185,77
190530,67,825000.0,6000.0,30,184,78
190583,67,1000000.0,5000.0,29,194,86
190597,67,975000.0,4000.0,28,182,78
190667,67,975000.0,3000.0,30,177,74
190747,67,1000000.0,3000.0,30,184,77
190907,67,975000.0,4000.0,30,172,64
190962,67,825000.0,2000.0,30,188,84
191089,67,1000000.0,13000.0,28,191,90
191153,67,775000.0,1000.0,30,191,80
191154,67,850000.0,2000.0,31,172,72
192012,67,975000.0,14000.0,28,192,75
192110,67,1100000.0,3000.0,26,175,73
192231,67,875000.0,5000.0,30,173,73
192363,67,825000.0,2000.0,30,185,81
192620,67,650000.0,5000.0,32,189,83
193057,67,850000.0,4000.0,31,191,90
193097,67,700000.0,1000.0,31,184,76
193147,67,400000.0,2000.0,35,178,79
193226,67,1000000.0,3000.0,29,183,78
193272,67,875000.0,3000.0,28,196,94
193344,67,850000.0,6000.0,31,190,85
193411,67,500000.0,6000.0,32,181,78
193505,67,875000.0,8000.0,30,184,75
193706,67,850000.0,4000.0,29,193,85
193851,67,975000.0,1000.0,30,174,72
194014,67,850000.0,500.0,31,170,70
194092,67,875000.0,6000.0,30,180,77
194372,67,550000.0,4000.0,31,191,83
194907,67,875000.0,6000.0,30,180,70
196436,67,625000.0,500.0,33,171,70
196853,67,800000.0,500.0,32,167,70
197904,67,950000.0,6000.0,29,183,78
197954,67,975000.0,3000.0,30,182,71
198328,67,325000.0,500.0,34,191,82
198628,67,1000000.0,500.0,29,185,75
198751,67,750000.0,13000.0,31,177,78
198776,67,1100000.0,6000.0,27,168,60
198856,67,850000.0,6000.0,29,185,88
198903,67,825000.0,12000.0,30,184,79
199088,67,700000.0,7000.0,32,188,81
199169,67,975000.0,3000.0,30,175,72
199215,67,800000.0,3000.0,32,185,76
199238,67,650000.0,2000.0,32,185,78
199262,67,975000.0,3000.0,30,177,70
199277,67,825000.0,5000.0,31,180,66
199351,67,425000.0,2000.0,35,184,70
199464,67,950000.0,4000.0,29,184,79
199490,67,1000000.0,4000.0,30,170,69
199491,67,925000.0,3000.0,28,170,70
199535,67,875000.0,6000.0,30,184,80
199569,67,1000000.0,4000.0,28,183,78
199747,67,875000.0,5000.0,30,182,76
199762,67,875000.0,3000.0,29,184,72
199803,67,675000.0,2000.0,30,190,89
199895,67,950000.0,1000.0,29,197,95
199946,67,850000.0,500.0,31,173,72
200076,67,875000.0,5000.0,28,188,88
200113,67,975000.0,2000.0,30,173,70
200357,67,700000.0,500.0,31,194,83
200466,67,675000.0,6000.0,30,191,85
200475,67,850000.0,2000.0,29,190,87
200671,67,875000.0,3000.0,29,180,75
200696,67,950000.0,3000.0,28,191,92
200793,67,1100000.0,5000.0,27,188,76
200807,67,900000.0,5000.0,29,178,79
201038,67,1000000.0,8000.0,28,183,78
201081,67,950000.0,3000.0,29,188,85
201129,67,1000000.0,4000.0,28,177,69
201149,67,850000.0,3000.0,29,191,88
201295,67,1000000.0,3000.0,29,178,72
201346,67,1000000.0,3000.0,30,184,75
201403,67,1000000.0,1000.0,30,182,79
201446,67,1100000.0,5000.0,27,176,63
201457,67,1000000.0,5000.0,29,188,78
201484,67,1000000.0,2000.0,28,180,84
201512,67,875000.0,2000.0,30,183,75
201875,67,500000.0,2000.0,32,188,86
201978,67,1100000.0,4000.0,27,190,89
202043,67,1000000.0,4000.0,28,185,73
202060,67,975000.0,6000.0,28,188,87
202077,67,850000.0,3000.0,31,188,88
202106,67,850000.0,6000.0,30,186,81
202115,67,750000.0,4000.0,31,178,72
202123,67,1100000.0,9000.0,27,191,100
202162,67,650000.0,3000.0,32,183,77
202301,67,800000.0,3000.0,32,177,74
202428,67,1000000.0,4000.0,28,180,79
202491,67,1000000.0,5000.0,29,177,69
202512,67,925000.0,8000.0,28,187,83
202518,67,825000.0,6000.0,31,179,79
202558,67,1000000.0,500.0,29,179,72
202559,67,975000.0,1000.0,30,168,73
202620,67,1000000.0,3000.0,28,180,66
202663,67,1000000.0,4000.0,28,170,70
202744,67,1000000.0,5000.0,28,173,61
202803,67,1000000.0,4000.0,27,188,79
202855,67,625000.0,4000.0,33,185,77
202893,67,1000000.0,500.0,29,180,74
203159,67,325000.0,3000.0,34,193,93
203265,67,975000.0,3000.0,27,188,87
203309,67,1000000.0,2000.0,29,184,79
203357,67,1100000.0,5000.0,27,178,70
203603,67,850000.0,4000.0,30,178,78
203615,67,975000.0,3000.0,28,174,68
203754,67,850000.0,2000.0,30,181,78
203756,67,825000.0,6000.0,32,198,91
203848,67,825000.0,2000.0,30,183,78
203862,67,900000.0,5000.0,29,176,77
204033,67,975000.0,3000.0,27,183,73
204211,67,700000.0,5000.0,31,188,80
204269,67,850000.0,2000.0,29,193,80
204324,67,1200000.0,3000.0,26,175,68
204367,67,775000.0,3000.0,29,187,80
204380,67,950000.0,1000.0,28,188,87
204445,67,700000.0,3000.0,32,180,71
204476,67,825000.0,4000.0,30,192,79
204502,67,1100000.0,4000.0,27,190,82
204682,67,1000000.0,5000.0,29,180,77
204690,67,825000.0,7000.0,32,179,79
204786,67,850000.0,4000.0,29,186,82
204820,67,975000.0,3000.0,30,175,70
205015,67,975000.0,4000.0,27,184,83
205045,67,950000.0,7000.0,29,190,88
205068,67,675000.0,5000.0,30,191,80
205185,67,975000.0,5000.0,28,190,78
205535,67,975000.0,5000.0,30,177,76
205655,67,975000.0,5000.0,28,184,70
205752,67,1000000.0,2000.0,28,175,76
205846,67,900000.0,3000.0,29,175,64
205874,67,500000.0,5000.0,32,190,81
205948,67,1000000.0,6000.0,29,180,75
205961,67,950000.0,4000.0,27,184,78
205975,67,900000.0,3000.0,29,181,77
206089,67,1300000.0,5000.0,26,180,71
206106,67,1100000.0,5000.0,26,175,70
206109,67,900000.0,8000.0,28,178,78
206430,67,1200000.0,6000.0,27,188,77
206530,67,1300000.0,2000.0,26,184,77
206538,67,950000.0,5000.0,27,181,73
207559,67,1200000.0,5000.0,26,175,74
207641,67,975000.0,2000.0,30,172,71
207887,67,1200000.0,6000.0,27,180,73
207910,67,700000.0,2000.0,31,189,84
208111,67,1100000.0,2000.0,27,186,77
208115,67,925000.0,2000.0,28,180,75
208374,67,850000.0,2000.0,31,186,85
208391,67,925000.0,2000.0,28,181,66
208523,67,1000000.0,4000.0,28,183,70
208630,67,1000000.0,3000.0,28,181,72
208679,67,500000.0,3000.0,32,187,80
208764,67,775000.0,2000.0,30,187,85
208782,67,875000.0,3000.0,27,188,87
208917,67,525000.0,10000.0,33,166,64
208949,67,850000.0,11000.0,31,168,63
208977,67,1100000.0,12000.0,26,167,68
208989,67,1000000.0,5000.0,28,185,79
209371,67,275000.0,3000.0,35,179,73
209456,67,1000000.0,4000.0,28,184,80
209510,67,1100000.0,4000.0,27,177,73
209667,67,975000.0,3000.0,28,186,81
209729,67,1200000.0,3000.0,26,172,73
209769,67,1200000.0,3000.0,26,179,70
209816,67,1100000.0,5000.0,27,187,83
209885,67,,,30,186,84
209957,67,875000.0,7000.0,27,189,88
210006,67,875000.0,6000.0,27,193,84
210241,67,700000.0,2000.0,31,187,80
210361,67,850000.0,7000.0,29,190,78
210389,67,1100000.0,3000.0,27,177,70
210439,67,500000.0,4000.0,34,189,82
210476,67,925000.0,4000.0,27,194,90
210502,67,875000.0,5000.0,27,194,94
210548,67,1300000.0,13000.0,26,178,72
210601,67,875000.0,4000.0,29,180,75
210706,67,1100000.0,4000.0,27,175,76
210713,67,1200000.0,2000.0,26,175,71
210772,67,875000.0,2000.0,28,193,87
210801,67,1000000.0,3000.0,30,174,70
210843,67,925000.0,8000.0,28,179,70
210941,67,775000.0,2000.0,27,186,75
210954,67,350000.0,500.0,36,184,80
211002,67,650000.0,2000.0,32,183,80
211047,67,1000000.0,500.0,29,169,70
211166,67,1400000.0,2000.0,24,190,78
211195,67,1100000.0,3000.0,27,186,70
211204,67,1200000.0,4000.0,26,178,75
211315,67,1000000.0,4000.0,28,187,75
211514,67,975000.0,5000.0,27,169,71
211707,67,875000.0,3000.0,30,175,79
211742,67,800000.0,6000.0,32,182,75
211791,67,975000.0,3000.0,27,181,74
211827,67,1100000.0,3000.0,27,192,86
211848,67,1000000.0,4000.0,29,181,78
211888,67,875000.0,1000.0,30,180,73
211928,67,1200000.0,4000.0,26,175,70
211954,67,875000.0,7000.0,28,188,84
211987,67,1200000.0,6000.0,27,183,77
212000,67,1200000.0,6000.0,26,181,79
212013,67,875000.0,500.0,29,180,75
212040,67,1300000.0,3000.0,24,186,82
212075,67,1000000.0,5000.0,28,178,83
212156,67,1100000.0,6000.0,27,185,81
212165,67,925000.0,6000.0,28,181,77
212170,67,1200000.0,3000.0,26,184,73
212367,67,1100000.0,2000.0,26,175,62
212374,67,1200000.0,5000.0,27,181,80
212428,67,1000000.0,3000.0,28,182,70
212453,67,875000.0,2000.0,28,189,78
212467,67,975000.0,4000.0,28,186,86
212493,67,1200000.0,4000.0,25,182,70
212601,67,1200000.0,8000.0,27,185,87
212791,67,1000000.0,5000.0,30,175,64
212973,67,1200000.0,2000.0,25,191,89
212990,67,1500000.0,4000.0,25,180,75
213007,67,1100000.0,12000.0,27,167,61
213133,67,475000.0,4000.0,34,173,65
213147,67,1300000.0,8000.0,26,170,66
213170,67,850000.0,2000.0,30,188,83
213203,67,825000.0,2000.0,30,186,79
213204,67,1100000.0,2000.0,27,176,75
213323,67,850000.0,8000.0,29,188,82
213328,67,1400000.0,8000.0,24,197,81
213338,67,1000000.0,2000.0,29,182,74
213375,67,825000.0,7000.0,31,172,67
213488,67,1400000.0,2000.0,24,170,60
213512,67,900000.0,3000.0,29,183,75
213570,67,900000.0,3000.0,29,183,89
213591,67,750000.0,4000.0,31,177,77
213614,67,1300000.0,2000.0,26,186,80
213644,67,875000.0,8000.0,29,178,73
213795,67,1200000.0,2000.0,26,181,74
213901,67,1100000.0,11000.0,27,186,77
213933,67,1500000.0,2000.0,24,183,80
213959,67,1500000.0,3000.0,25,178,74
214067,67,425000.0,500.0,35,178,78
214175,67,875000.0,950.0,29,185,78
214195,67,975000.0,950.0,28,184,77
214211,67,1000000.0,950.0,28,176,72
214318,67,1200000.0,2000.0,25,180,73
214351,67,500000.0,1000.0,32,186,88
214446,67,1100000.0,4000.0,27,179,79
214650,67,1200000.0,2000.0,26,183,73
214697,67,875000.0,2000.0,30,181,74
214706,67,170000.0,1000.0,34,181,80
214722,67,800000.0,1000.0,32,178,75
214765,67,950000.0,4000.0,29,185,78
214896,67,1200000.0,500.0,26,178,71
214949,67,1100000.0,5000.0,27,177,71
214957,67,650000.0,500.0,33,178,78
214972,67,1200000.0,4000.0,27,185,71
214991,67,1100000.0,2000.0,27,180,74
215112,67,1400000.0,6000.0,25,184,81
215314,67,850000.0,2000.0,29,192,82
215527,67,750000.0,3000.0,31,185,74
215533,67,850000.0,2000.0,29,194,93
215557,67,1400000.0,4000.0,25,188,74
215563,67,700000.0,5000.0,32,174,74
215574,67,1500000.0,3000.0,25,178,71
215615,67,850000.0,3000.0,30,186,82
215638,67,1300000.0,10000.0,25,190,89
215700,67,1200000.0,5000.0,26,174,74
215758,67,1200000.0,3000.0,25,186,80
215810,67,1100000.0,16000.0,25,180,75
215818,67,1400000.0,3000.0,25,170,61
216187,67,700000.0,3000.0,31,182,80
216193,67,825000.0,4000.0,30,188,85
216218,67,1300000.0,5000.0,25,185,80
216377,67,825000.0,8000.0,32,194,95
216744,67,1200000.0,4000.0,25,194,81
216834,67,850000.0,2000.0,30,182,78
217096,67,1200000.0,7000.0,26,190,73
217153,67,800000.0,6000.0,32,180,75
217502,67,170000.0,5000.0,34,194,87
217585,67,1100000.0,3000.0,26,180,74
217730,67,875000.0,4000.0,30,183,78
217802,67,1100000.0,3000.0,27,183,69
218345,67,850000.0,5000.0,31,172,76
218614,67,1200000.0,4000.0,26,183,71
219259,67,1400000.0,4000.0,25,175,78
219489,67,525000.0,500.0,33,177,72
219527,67,925000.0,3000.0,28,175,73
219746,67,925000.0,2000.0,28,175,73
219759,67,1000000.0,5000.0,29,177,75
219779,67,1100000.0,2000.0,27,176,72
219950,67,1100000.0,2000.0,25,187,84
219951,67,1500000.0,2000.0,25,183,73
220019,67,1300000.0,5000.0,25,180,70
220090,67,825000.0,2000.0,30,190,84
220118,67,1000000.0,3000.0,28,175,72
220185,67,1500000.0,16000.0,24,180,68
220201,67,1300000.0,2000.0,25,173,73
220355,67,1000000.0,10000.0,28,188,84
220491,67,1100000.0,7000.0,27,181,70
220600,67,1100000.0,3000.0,27,175,65
220624,67,1200000.0,5000.0,26,187,84
220663,67,1300000.0,4000.0,24,193,80
220708,67,1200000.0,6000.0,25,177,82
220737,67,650000.0,900.0,33,185,80
220801,67,925000.0,500.0,28,179,80
220805,67,1100000.0,1000.0,27,170,70
220807,67,2000000.0,7000.0,24,185,78
220878,67,1300000.0,3000.0,26,188,81
220881,67,1500000.0,10000.0,25,185,84
220922,67,1000000.0,9000.0,28,195,85
221095,67,1400000.0,3000.0,25,175,72
221244,67,1000000.0,2000.0,28,182,80
221531,67,1000000.0,3000.0,27,190,80
221599,67,700000.0,500.0,31,176,77
221657,67,1000000.0,4000.0,29,185,77
221700,67,700000.0,2000.0,29,190,88
221791,67,1000000.0,4000.0,28,182,73
221896,67,1400000.0,3000.0,24,172,70
222045,67,1100000.0,3000.0,26,183,75
222081,67,1200000.0,2000.0,26,183,73
222094,67,1000000.0,3000.0,28,167,62
222109,67,1300000.0,3000.0,24,183,76
222215,67,1200000.0,2000.0,26,175,71
222248,67,850000.0,5000.0,31,180,78
222306,67,900000.0,5000.0,29,182,71
222346,67,875000.0,6000.0,28,182,81
222369,67,1400000.0,5000.0,24,192,86
222399,67,1200000.0,4000.0,25,184,82
222528,67,1300000.0,5000.0,25,173,69
222577,67,1200000.0,6000.0,26,170,64
222645,67,1100000.0,5000.0,27,175,71
222798,67,900000.0,3000.0,29,179,70
222838,67,925000.0,3000.0,28,176,73
222840,67,1200000.0,3000.0,25,185,70
222876,67,950000.0,12000.0,26,183,75
222916,67,1500000.0,3000.0,24,173,65
222930,67,1100000.0,5000.0,27,184,79
222944,67,1100000.0,4000.0,27,188,82
222991,67,850000.0,3000.0,31,169,66
223018,67,750000.0,5000.0,31,183,75
223120,67,1300000.0,3000.0,26,185,82
223230,67,475000.0,5000.0,33,185,79
223307,67,1300000.0,3000.0,25,179,69
223354,67,925000.0,5000.0,28,171,70
223551,67,825000.0,3000.0,32,188,80
223572,67,1300000.0,2000.0,26,186,87
223680,67,1400000.0,5000.0,25,179,77
223687,67,700000.0,3000.0,31,181,78
223746,67,850000.0,900.0,31,178,73
223747,67,1100000.0,3000.0,26,178,77
223826,67,700000.0,7000.0,31,187,78
223850,67,1300000.0,5000.0,25,176,75
223934,67,925000.0,6000.0,28,179,71
223981,67,1200000.0,4000.0,25,180,73
224014,67,1000000.0,3000.0,28,173,60
224093,67,1300000.0,7000.0,24,184,76
224185,67,1300000.0,4000.0,25,189,79
224305,67,1200000.0,3000.0,26,174,70
224335,67,1200000.0,6000.0,25,175,64
224504,67,1300000.0,3000.0,26,171,65
224724,67,1000000.0,6000.0,28,180,74
224859,67,1500000.0,3000.0,23,183,70
224915,67,1500000.0,14000.0,23,175,65
224965,67,1000000.0,4000.0,28,185,77
225060,67,850000.0,12000.0,29,180,77
225073,67,650000.0,1000.0,33,183,80
225077,67,1500000.0,2000.0,24,178,74
225146,67,1400000.0,2000.0,25,178,78
225174,67,1200000.0,2000.0,26,172,63
225187,67,1300000.0,4000.0,25,193,77
225440,67,1300000.0,5000.0,26,175,72
225632,67,1600000.0,9000.0,24,188,82
225667,67,1600000.0,4000.0,24,168,69
225712,67,1100000.0,6000.0,26,185,70
225713,67,1400000.0,8000.0,24,177,69
225738,67,2000000.0,3000.0,23,176,78
225847,67,1400000.0,5000.0,25,180,69
225849,67,1200000.0,7000.0,26,182,77
225872,67,1500000.0,3000.0,24,175,71
225993,67,1100000.0,1000.0,25,194,80
225996,67,925000.0,3000.0,28,175,72
226005,67,875000.0,500.0,30,172,70
226102,67,850000.0,3000.0,29,188,85
226151,67,1300000.0,3000.0,25,194,85
226210,67,1500000.0,3000.0,25,177,72
226295,67,2300000.0,2000.0,22,173,65
226386,67,1100000.0,500.0,27,185,71
226442,67,975000.0,5000.0,27,183,72
226518,67,1000000.0,4000.0,27,190,81
226523,67,1200000.0,3000.0,25,187,83
226652,67,950000.0,4000.0,27,186,80
226702,67,1600000.0,3000.0,24,176,67
226786,67,775000.0,2000.0,27,191,88
226924,67,1100000.0,5000.0,27,180,75
227287,67,1300000.0,5000.0,25,183,67
227509,67,1300000.0,3000.0,26,180,73
227604,67,1500000.0,6000.0,25,190,86
227638,67,1400000.0,9000.0,24,185,86
227675,67,975000.0,3000.0,30,178,74
227693,67,1600000.0,4000.0,23,174,70
227787,67,1100000.0,2000.0,27,180,73
227789,67,1100000.0,2000.0,26,180,70
227920,67,2300000.0,3000.0,23,177,72
227929,67,2100000.0,9000.0,24,180,64
227951,67,2100000.0,2000.0,24,186,75
227990,67,1000000.0,3000.0,29,186,79
228007,67,1200000.0,2000.0,26,176,68
228033,67,825000.0,7000.0,31,172,66
228211,67,1600000.0,5000.0,24,170,64
228232,67,110000.0,500.0,37,184,81
228243,67,1500000.0,4000.0,24,186,84
228283,67,1200000.0,5000.0,25,171,65
228354,67,1500000.0,5000.0,24,185,76
228388,67,1200000.0,5000.0,26,180,85
228568,67,1300000.0,4000.0,25,176,72
228639,67,2100000.0,500.0,24,183,79
228644,67,900000.0,4000.0,28,174,68
228668,67,850000.0,5000.0,31,176,72
228741,67,1000000.0,500.0,29,168,65
228759,67,1400000.0,2000.0,25,183,71
228774,67,1600000.0,2000.0,23,181,70
228821,67,1400000.0,17000.0,25,185,77
228912,67,700000.0,2000.0,29,185,77
228961,67,1100000.0,5000.0,26,181,70
228971,67,325000.0,3000.0,34,187,81
228997,67,1300000.0,13000.0,25,196,75
229053,67,850000.0,5000.0,30,180,75
229127,67,1700000.0,2000.0,23,189,85
229175,67,1200000.0,2000.0,25,176,74
229249,67,1300000.0,3000.0,25,172,64
229267,67,1200000.0,2000.0,25,182,80
229270,67,1100000.0,13000.0,25,187,85
229361,67,1300000.0,3000.0,26,182,76
229472,67,1500000.0,8000.0,24,179,68
229494,67,825000.0,11000.0,30,190,83
229536,67,1300000.0,5000.0,25,173,68
229588,67,1200000.0,3000.0,26,170,68
229664,67,1000000.0,500.0,29,183,90
229677,67,1100000.0,2000.0,26,181,76
229702,67,1300000.0,9000.0,25,180,76
229728,67,1300000.0,5000.0,26,189,86
229765,67,1000000.0,3000.0,28,179,75
229803,67,1200000.0,3000.0,26,174,71
229851,67,700000.0,11000.0,31,181,77
229873,67,1400000.0,4000.0,23,181,75
229879,67,975000.0,3000.0,28,188,79
229890,67,1200000.0,4000.0,26,187,79
229910,67,2000000.0,4000.0,23,189,83
229912,67,1500000.0,4000.0,23,180,80
229973,67,1500000.0,7000.0,23,188,81
230136,67,1500000.0,9000.0,24,175,65
230166,67,325000.0,4000.0,33,184,77
230172,67,850000.0,6000.0,29,192,81
230187,67,1100000.0,4000.0,21,177,72
230192,67,1100000.0,4000.0,21,183,76
230200,67,1100000.0,3000.0,21,180,75
230232,67,525000.0,9000.0,33,167,63
230288,67,1000000.0,10000.0,29,183,75
230297,67,975000.0,8000.0,25,186,84
230321,67,700000.0,4000.0,29,190,85
230325,67,975000.0,5000.0,25,185,76
230351,67,1000000.0,10000.0,29,181,80
230365,67,1100000.0,6000.0,25,176,74
230399,67,625000.0,10000.0,33,174,72
230413,67,850000.0,8000.0,29,189,81
230485,67,1200000.0,4000.0,21,178,78
230557,67,1600000.0,10000.0,24,184,74
230559,67,1500000.0,5000.0,23,171,63
230623,67,1200000.0,3000.0,27,186,78
230687,67,1500000.0,6000.0,25,193,84
230815,67,1400000.0,5000.0,23,180,72
230933,67,1300000.0,2000.0,24,186,66
230984,67,1000000.0,5000.0,28,176,70
230995,67,1400000.0,2000.0,25,196,75
231014,67,2100000.0,4000.0,24,183,71
231105,67,1200000.0,1000.0,25,193,85
231219,67,1400000.0,5000.0,25,178,74
231299,67,275000.0,500.0,35,180,83
231353,67,1500000.0,8000.0,23,191,86
231356,67,1300000.0,2000.0,24,186,80
231406,67,1600000.0,4000.0,23,172,64
231442,67,2300000.0,9000.0,23,179,74
231464,67,1300000.0,1000.0,26,174,70
231538,67,1200000.0,4000.0,25,180,75
231587,67,1400000.0,3000.0,25,172,67
231601,67,1200000.0,6000.0,27,182,74
231616,67,1600000.0,11000.0,23,190,87
231667,67,1000000.0,950.0,29,174,75
231753,67,1600000.0,3000.0,23,175,70
231821,67,1200000.0,11000.0,27,185,73
231863,67,2300000.0,9000.0,22,173,65
232004,67,975000.0,5000.0,28,185,77
232250,67,2100000.0,5000.0,24,179,72
232252,67,2100000.0,2000.0,24,187,83
232284,67,2000000.0,7000.0,22,191,82
232329,67,1600000.0,5000.0,24,190,79
232360,67,1300000.0,3000.0,25,169,63
232376,67,725000.0,4000.0,31,179,77
232377,67,1200000.0,5000.0,26,167,61
232388,67,1100000.0,4000.0,27,182,75
232431,67,950000.0,3000.0,27,178,69
232454,67,275000.0,1000.0,35,183,72
232467,67,975000.0,4000.0,30,173,65
232469,67,850000.0,8000.0,31,185,79
232489,67,1000000.0,3000.0,29,168,64
232527,67,975000.0,500.0,28,183,82
232541,67,1100000.0,4000.0,27,173,72
232577,67,925000.0,5000.0,28,171,65
232599,67,1500000.0,3000.0,24,181,76
232622,67,825000.0,2000.0,32,192,82
232635,67,1500000.0,2000.0,23,181,77
232691,67,850000.0,4000.0,29,187,73
232759,67,2200000.0,8000.0,22,180,75
232803,67,1200000.0,3000.0,26,175,66
232811,67,1000000.0,5000.0,29,175,67
232860,67,975000.0,4000.0,30,178,72
232871,67,1200000.0,7000.0,25,186,79
232873,67,1400000.0,3000.0,23,190,80
233050,67,2200000.0,3000.0,21,175,71
233098,67,2000000.0,5000.0,22,181,74
233105,67,900000.0,5000.0,28,184,79
233148,67,1000000.0,3000.0,28,176,66
233158,67,825000.0,2000.0,30,175,70
233241,67,1500000.0,3000.0,24,190,78
233272,67,1200000.0,3000.0,25,187,79
233424,67,1500000.0,500.0,23,172,70
233457,67,1000000.0,2000.0,27,173,62
233476,67,2200000.0,4000.0,23,178,70
233569,67,825000.0,500.0,31,173,69
233643,67,1000000.0,6000.0,28,190,84
233763,67,2000000.0,10000.0,22,194,90
233835,67,2300000.0,3000.0,23,177,70
233840,67,1500000.0,5000.0,23,185,67
233881,67,1600000.0,3000.0,23,185,77
233928,67,2100000.0,1000.0,24,179,69
233957,67,2300000.0,6000.0,23,185,65
233961,67,2000000.0,11000.0,24,176,68
234007,67,1000000.0,9000.0,29,183,78
234014,67,1100000.0,5000.0,25,178,69
234022,67,1100000.0,8000.0,25,170,66
234029,67,1000000.0,6000.0,29,186,80
234107,67,2300000.0,5000.0,23,180,72
234158,67,1600000.0,5000.0,24,182,72
234179,67,850000.0,500.0,30,175,75
234196,67,1500000.0,4000.0,24,171,70
234198,67,1400000.0,3000.0,24,172,64
234223,67,1500000.0,4000.0,25,178,72
234249,67,2300000.0,9000.0,22,191,77
234258,67,1500000.0,3000.0,23,179,68
234264,67,1500000.0,3000.0,24,170,68
234278,67,850000.0,4000.0,29,189,87
234282,67,1100000.0,2000.0,25,190,81
234300,67,1600000.0,9000.0,22,183,76
234350,67,1600000.0,3000.0,23,170,64
234379,67,1200000.0,2000.0,25,185,77
234381,67,1000000.0,5000.0,27,187,77
234580,67,1200000.0,500.0,26,167,66
234622,67,975000.0,6000.0,28,184,78
234665,67,1100000.0,7000.0,26,190,72
234668,67,1500000.0,5000.0,23,183,78
234683,67,2300000.0,16000.0,22,185,80
234891,67,1500000.0,7000.0,24,182,73
234892,67,1500000.0,3000.0,25,180,75
234903,67,1800000.0,3000.0,22,187,77
234925,67,2100000.0,4000.0,20,183,75
234948,67,1500000.0,5000.0,23,172,64
234994,67,800000.0,3000.0,28,192,84
235004,67,825000.0,4000.0,30,190,82
235022,67,1600000.0,4000.0,23,184,84
235157,67,1600000.0,6000.0,23,189,82
235166,67,1500000.0,2000.0,24,179,65
235242,67,1600000.0,6000.0,22,193,79
235258,67,700000.0,500.0,31,183,88
235312,67,1100000.0,2000.0,27,183,83
235315,67,1500000.0,6000.0,24,175,65
235320,67,1000000.0,4000.0,29,196,81
235398,67,1200000.0,3000.0,25,185,77
235425,67,1900000.0,2000.0,24,193,75
235471,67,1100000.0,3000.0,27,180,75
235486,67,900000.0,3000.0,29,180,72
235514,67,1100000.0,9000.0,27,186,86
235537,67,2500000.0,5000.0,21,177,71
235570,67,1500000.0,5000.0,23,180,75
235684,67,1100000.0,7000.0,27,188,73
235714,67,2300000.0,6000.0,21,159,58
235751,67,1000000.0,4000.0,26,181,75
235814,67,900000.0,2000.0,29,180,73
235942,67,1600000.0,5000.0,23,183,76
235946,67,2300000.0,3000.0,22,173,66
235957,67,1400000.0,2000.0,24,172,58
236144,67,1200000.0,6000.0,21,181,75
236167,67,1200000.0,4000.0,21,172,70
236177,67,1000000.0,6000.0,29,180,75
236191,67,1100000.0,5000.0,25,185,78
236192,67,1100000.0,6000.0,25,182,75
236268,67,925000.0,500.0,28,174,76
236288,67,1500000.0,2000.0,24,173,70
236344,67,2300000.0,13000.0,21,176,68
236390,67,1400000.0,2000.0,24,178,73
236467,67,2100000.0,7000.0,23,185,80
236508,67,1400000.0,3000.0,25,187,78
236547,67,1100000.0,500.0,27,170,60
236586,67,2200000.0,2000.0,23,177,63
236650,67,2100000.0,9000.0,23,184,72
236657,67,2300000.0,5000.0,22,184,84
236681,67,1500000.0,4000.0,22,172,68
236757,67,2300000.0,3000.0,22,183,77
236842,67,2500000.0,4000.0,21,170,71
236859,67,875000.0,6000.0,29,174,80
237254,67,2300000.0,4000.0,20,181,81
237307,67,1300000.0,500.0,25,183,77
237407,67,2300000.0,4000.0,21,182,75
237415,67,2200000.0,9000.0,21,179,75
237438,67,1300000.0,4000.0,25,190,83
237452,67,1200000.0,5000.0,27,171,67
237490,67,2100000.0,2000.0,22,168,65
237509,67,2300000.0,8000.0,22,188,85
237524,67,1200000.0,10000.0,26,191,80
237555,67,1200000.0,8000.0,27,188,78
237600,67,1500000.0,5000.0,24,176,71
237658,67,2400000.0,3000.0,22,190,76
237702,67,2200000.0,9000.0,23,185,72
237742,67,1300000.0,3000.0,26,179,80
237749,67,1600000.0,2000.0,22,171,69
237758,67,1400000.0,4000.0,24,182,72
237789,67,1000000.0,2000.0,27,183,73
237797,67,425000.0,2000.0,35,171,66
237989,67,1000000.0,4000.0,29,182,80
238014,67,700000.0,4000.0,31,179,80
238037,67,1900000.0,4000.0,25,181,77
238049,67,2500000.0,2000.0,21,170,66
238056,67,1400000.0,2000.0,23,182,76
238062,67,2200000.0,2000.0,22,178,70
238071,67,2400000.0,18000.0,21,180,72
238157,67,2200000.0,12000.0,22,184,67
238222,67,1900000.0,2000.0,23,186,82
238269,67,1400000.0,2000.0,24,177,64
238270,67,1400000.0,2000.0,23,189,80
238277,67,1500000.0,3000.0,25,178,76
238346,67,1400000.0,4000.0,23,179,73
238379,67,2300000.0,7000.0,21,185,81
238389,67,2400000.0,6000.0,21,188,80
238446,67,2100000.0,6000.0,23,184,82
238461,67,2100000.0,3000.0,23,191,83
238479,67,950000.0,7000.0,29,184,74
238526,67,1900000.0,2000.0,20,187,84
238563,67,1100000.0,3000.0,27,187,73
238570,67,2000000.0,3000.0,23,194,88
238657,67,425000.0,2000.0,35,187,82
238692,67,725000.0,5000.0,31,191,84
238775,67,1600000.0,3000.0,22,170,60
238830,67,1100000.0,4000.0,27,185,78
238885,67,1600000.0,3000.0,24,175,72
238940,67,850000.0,4000.0,29,186,79
238944,67,1000000.0,2000.0,28,180,70
239010,67,1200000.0,3000.0,26,173,61
239050,67,1000000.0,5000.0,28,183,78
239091,67,1300000.0,8000.0,25,183,84
239118,67,1000000.0,4000.0,27,185,80
239215,67,2300000.0,4000.0,23,180,76
239224,67,1600000.0,5000.0,23,181,71
239249,67,2200000.0,5000.0,22,185,77
239363,67,1500000.0,9000.0,24,183,80
239364,67,1300000.0,6000.0,23,190,80
239394,67,1300000.0,9000.0,25,176,70
239512,67,1900000.0,2000.0,21,184,76
239513,67,2000000.0,9000.0,22,193,78
239558,67,2200000.0,3000.0,21,178,74
239614,67,2200000.0,6000.0,21,182,81
239629,67,2000000.0,13000.0,23,180,74
239635,67,1400000.0,6000.0,23,180,72
239642,67,1600000.0,12000.0,22,181,70
239703,67,1200000.0,8000.0,26,181,78
239709,67,1500000.0,5000.0,23,173,74
239768,67,925000.0,4000.0,28,181,74
239919,67,1900000.0,2000.0,23,173,65
239944,67,1200000.0,2000.0,26,182,78
239948,67,2000000.0,13000.0,23,174,70
240211,67,1200000.0,500.0,26,184,70
240226,67,1500000.0,5000.0,21,171,66
240342,67,1100000.0,5000.0,27,185,82
240498,67,1500000.0,5000.0,24,175,74
240501,67,1400000.0,3000.0,23,174,73
240638,67,2100000.0,3000.0,22,185,73
240640,67,825000.0,6000.0,30,180,72
240653,67,1400000.0,3000.0,23,170,61
240677,67,1300000.0,2000.0,26,180,75
240751,67,2000000.0,5000.0,22,184,85
240784,67,2100000.0,5000.0,20,187,75
240829,67,1600000.0,6000.0,23,180,75
240846,67,1600000.0,3000.0,24,183,83
240859,67,2400000.0,6000.0,21,187,72
240903,67,1300000.0,3000.0,25,184,74
240908,67,2100000.0,4000.0,23,189,78
240913,67,2200000.0,17000.0,22,188,74
240940,67,2300000.0,5000.0,21,179,80
240992,67,1300000.0,5000.0,25,181,75
241016,67,975000.0,5000.0,30,181,75
241093,67,1900000.0,4000.0,23,185,75
241179,67,2000000.0,7000.0,23,188,75
241266,67,2200000.0,10000.0,19,185,72
241281,67,2200000.0,4000.0,23,172,56
241411,67,2100000.0,6000.0,21,189,82
241445,67,1400000.0,8000.0,24,178,68
241507,67,2100000.0,2000.0,21,192,85
241570,67,2300000.0,4000.0,22,177,69
241590,67,2100000.0,4000.0,21,196,91
241689,67,2200000.0,7000.0,20,181,77
241704,67,1400000.0,2000.0,23,172,70
241726,67,2200000.0,2000.0,21,181,75
241745,67,375000.0,500.0,34,184,78
241810,67,2100000.0,3000.0,22,186,78
241824,67,1500000.0,9000.0,22,193,85
241833,67,1400000.0,5000.0,24,168,65
241969,67,1600000.0,2000.0,24,179,77
241970,67,850000.0,2000.0,29,193,90
241994,67,1200000.0,4000.0,26,171,64
241999,67,1100000.0,6000.0,27,192,88
242058,67,1200000.0,4000.0,25,180,70
242181,67,1400000.0,5000.0,24,183,84
242183,67,2300000.0,10000.0,22,185,82
242194,67,750000.0,500.0,31,170,65
242209,67,900000.0,500.0,28,174,72
242253,67,2100000.0,3000.0,22,191,82
242284,67,1600000.0,7000.0,23,176,69
242332,67,2400000.0,4000.0,19,170,61
242393,67,2100000.0,2000.0,21,175,70
242427,67,1500000.0,6000.0,23,190,81
242533,67,1200000.0,3000.0,27,188,77
242547,67,1200000.0,5000.0,25,185,76
242654,67,2500000.0,5000.0,21,170,75
242673,67,1200000.0,3000.0,27,183,80
242753,67,2200000.0,8000.0,20,175,65
242774,67,2000000.0,2000.0,21,184,82
242802,67,2000000.0,3000.0,23,189,79
242863,67,1900000.0,10000.0,24,182,65
242908,67,2500000.0,18000.0,20,181,74
242937,67,1500000.0,500.0,24,170,68
242946,67,1600000.0,4000.0,23,180,70
242964,67,2500000.0,16000.0,20,185,70
242999,67,2500000.0,33000.0,22,177,66
243100,67,1200000.0,5000.0,26,180,75
243123,67,1000000.0,2000.0,28,164,65
243125,67,925000.0,2000.0,28,175,70
243129,67,1900000.0,4000.0,24,188,83
243134,67,2700000.0,3000.0,20,167,55
243185,67,1400000.0,2000.0,22,194,91
243222,67,2300000.0,3000.0,22,180,76
243304,67,2000000.0,2000.0,24,190,80
243478,67,2400000.0,3000.0,20,175,71
243481,67,2400000.0,2000.0,21,183,76
243520,67,2500000.0,9000.0,21,178,65
243549,67,1300000.0,5000.0,25,183,76
243606,67,2200000.0,4000.0,20,170,67
243632,67,2300000.0,9000.0,21,187,71
243642,67,2300000.0,6000.0,23,180,74
243646,67,2200000.0,4000.0,19,184,77
243664,67,1200000.0,4000.0,25,171,67
243733,67,1300000.0,3000.0,24,179,70
243749,67,1200000.0,5000.0,27,177,75
243834,67,2300000.0,3000.0,21,182,73
243852,67,975000.0,500.0,30,172,66
243882,67,1400000.0,5000.0,24,186,80
243886,67,1400000.0,3000.0,24,183,73
243925,67,1100000.0,3000.0,24,193,89
243944,67,1200000.0,7000.0,27,185,77
243968,67,1200000.0,8000.0,27,177,69
243995,67,2100000.0,2000.0,23,190,79
244022,67,1400000.0,3000.0,25,190,89
244023,67,1600000.0,5000.0,23,190,75
244034,67,2100000.0,3000.0,22,181,73
244134,67,2500000.0,11000.0,21,180,71
244212,67,1100000.0,3000.0,26,182,79
244234,67,2300000.0,5000.0,22,185,71
244258,67,170000.0,500.0,34,186,80
244266,67,1400000.0,500.0,24,181,73
244288,67,2500000.0,10000.0,20,190,83
244318,67,1300000.0,6000.0,25,181,70
244375,67,1100000.0,500.0,27,180,74
244394,67,2100000.0,3000.0,22,184,79
244486,67,1500000.0,5000.0,24,175,72
244514,67,850000.0,700.0,30,181,77
244559,67,1600000.0,5000.0,22,178,66
244603,67,2500000.0,3000.0,19,187,76
244654,67,1800000.0,2000.0,21,187,86
244669,67,2300000.0,2000.0,22,185,78
244694,67,2300000.0,6000.0,22,168,56
244753,67,1600000.0,9000.0,22,168,58
244812,67,1900000.0,4000.0,22,185,74
244827,67,925000.0,500.0,27,185,76
244851,67,2100000.0,5000.0,23,182,74
244887,67,1900000.0,4000.0,23,180,68
244889,67,2200000.0,4000.0,22,182,73
244941,67,1300000.0,7000.0,25,179,72
244947,67,850000.0,6000.0,31,181,79
244949,67,1300000.0,4000.0,26,194,93
245016,67,1600000.0,2000.0,21,186,65
245022,67,1300000.0,2000.0,23,190,78
245098,67,850000.0,4000.0,29,187,82
245218,67,1600000.0,4000.0,23,183,73
245219,67,1200000.0,4000.0,26,186,75
245287,67,2200000.0,4000.0,22,179,69
245392,67,2200000.0,500.0,20,172,69
245492,67,2000000.0,3000.0,23,177,65
245528,67,1300000.0,4000.0,26,185,84
245537,67,2400000.0,2000.0,19,175,74
245732,67,2300000.0,500.0,22,186,81
245740,67,500000.0,500.0,34,181,80
245898,67,1400000.0,6000.0,24,180,81
245983,67,1200000.0,3000.0,25,174,70
246057,67,2100000.0,2000.0,24,175,72
246097,67,1900000.0,3000.0,24,184,70
246107,67,2400000.0,3000.0,19,168,73
246159,67,2300000.0,14000.0,19,177,66
246202,67,1300000.0,500.0,24,180,74
246256,67,1400000.0,3000.0,23,180,74
246282,67,1500000.0,5000.0,23,184,73
246298,67,1400000.0,2000.0,22,200,85
246406,67,1300000.0,3000.0,26,183,75
246438,67,850000.0,4000.0,31,175,69
246450,67,2300000.0,2000.0,21,183,75
246659,67,950000.0,2000.0,29,183,77
246730,67,925000.0,500.0,28,179,77
246787,67,2500000.0,3000.0,21,185,80
246803,67,1400000.0,2000.0,24,175,75
246808,67,1200000.0,3000.0,25,176,68
246814,67,2400000.0,2000.0,18,180,72
246866,67,2300000.0,3000.0,21,181,75
246927,67,1500000.0,500.0,24,170,70
246937,67,2300000.0,2000.0,22,171,63
247112,67,1500000.0,4000.0,22,180,74
247142,67,1000000.0,1000.0,28,195,88
247147,67,1500000.0,800.0,23,168,70
247200,67,1400000.0,4000.0,25,189,77
247258,67,2300000.0,3000.0,23,181,73
247264,67,2100000.0,2000.0,21,183,72
247266,67,1300000.0,3000.0,24,186,77
247288,67,2200000.0,4000.0,22,190,76
247315,67,1000000.0,5000.0,29,172,69
247360,67,2500000.0,2000.0,19,180,75
247539,67,2100000.0,2000.0,23,192,90
247771,67,2300000.0,4000.0,21,181,70
247885,67,2300000.0,5000.0,22,176,61
247912,67,2300000.0,2000.0,21,171,63
248009,67,725000.0,6000.0,31,173,67
248018,67,1300000.0,4000.0,22,190,85
248041,67,1400000.0,5000.0,25,182,70
248080,67,1300000.0,2000.0,26,175,67
248092,67,700000.0,4000.0,31,185,81
248105,67,2100000.0,3000.0,23,186,80
248174,67,2300000.0,4000.0,22,182,72
248201,67,2300000.0,500.0,20,184,78
248385,67,2500000.0,12000.0,20,183,78
248470,67,2100000.0,6000.0,23,196,86
248471,67,2400000.0,5000.0,20,170,60
248602,67,2100000.0,3000.0,20,191,70
248661,67,2200000.0,7000.0,21,188,82
248862,67,1900000.0,500.0,23,179,72
248863,67,1500000.0,500.0,25,174,75
250780,67,1900000.0,5000.0,24,190,66
250781,67,675000.0,3000.0,30,184,77
250839,67,2200000.0,500.0,22,171,66
250959,67,2300000.0,7000.0,20,183,79
250962,67,1300000.0,3000.0,26,189,83
251011,67,1500000.0,3000.0,25,180,73
251019,67,950000.0,3000.0,29,199,99
251026,67,1000000.0,4000.0,29,174,70
251057,67,1200000.0,2000.0,24,187,77
251149,67,850000.0,500.0,29,186,77
251155,67,1400000.0,4000.0,24,180,74
251194,67,1200000.0,500.0,26,171,62
251229,67,2300000.0,6000.0,21,185,73
251232,67,1400000.0,3000.0,25,183,76
251260,67,1500000.0,7000.0,25,191,87
251309,67,1600000.0,2000.0,22,180,70
251330,67,1900000.0,3000.0,20,190,91
251337,67,1000000.0,3000.0,28,177,74
251362,67,875000.0,3000.0,30,189,80
251405,67,2100000.0,4000.0,20,186,84
251431,67,2200000.0,6000.0,20,187,85
251441,67,1300000.0,6000.0,25,181,72
251461,67,1300000.0,500.0,24,175,75
251498,67,1300000.0,500.0,25,185,86
251545,67,2200000.0,7000.0,20,180,73
251547,67,2200000.0,6000.0,22,185,80
251551,67,2300000.0,6000.0,21,172,67
251599,67,2300000.0,3000.0,23,175,70
251615,67,2200000.0,3000.0,21,181,66
251636,67,2000000.0,5000.0,22,183,77
251644,67,700000.0,3000.0,31,180,71
251751,67,1900000.0,9000.0,23,192,75
251754,67,1500000.0,3000.0,23,191,79
251776,67,1200000.0,500.0,26,177,73
251806,67,2400000.0,4000.0,20,179,71
251831,67,1600000.0,4000.0,24,168,64
251914,67,2100000.0,3000.0,23,174,73
251916,67,2300000.0,6000.0,21,185,76
251936,67,1300000.0,4000.0,24,170,62
252027,67,2600000.0,6000.0,18,183,78
252036,67,2100000.0,4000.0,22,184,78
252141,67,2300000.0,500.0,23,183,76
252193,67,2500000.0,3000.0,21,184,76
252259,67,2400000.0,3000.0,18,175,64
252318,67,1500000.0,3000.0,24,187,80
252383,67,2300000.0,3000.0,23,183,72
252485,67,1600000.0,4000.0,24,183,74
252488,67,2300000.0,4000.0,19,177,64
252489,67,2200000.0,2000.0,18,180,67
252552,67,2300000.0,500.0,18,193,80
252577,67,2100000.0,3000.0,20,184,73
252704,67,2200000.0,4000.0,22,182,70
252706,67,2100000.0,3000.0,20,175,76
252716,67,1100000.0,5000.0,26,175,69
252723,67,1100000.0,3000.0,26,173,65
252738,67,2100000.0,500.0,24,190,82
252793,67,2300000.0,4000.0,19,188,72
252865,67,2400000.0,5000.0,19,175,70
252917,67,2200000.0,4000.0,22,180,74
253130,67,2600000.0,6000.0,19,178,75
253138,67,2100000.0,500.0,20,173,70
253144,67,1200000.0,12000.0,26,190,86
253296,67,2100000.0,500.0,21,182,72
253347,67,1500000.0,5000.0,22,180,66
253349,67,1600000.0,500.0,24,185,79
253400,67,1900000.0,500.0,21,186,76
253416,67,2500000.0,6000.0,20,191,69
253455,67,1300000.0,3000.0,26,188,90
253473,67,2600000.0,8000.0,19,178,72
253554,67,850000.0,500.0,31,175,60
253596,67,325000.0,500.0,34,181,83
253637,67,950000.0,500.0,24,177,72
253652,67,850000.0,500.0,31,175,72
253755,67,2600000.0,2000.0,19,186,70
253810,67,1000000.0,500.0,27,177,76
253824,67,1300000.0,500.0,26,183,79
253913,67,825000.0,500.0,32,180,78
253920,67,500000.0,500.0,34,181,80
253953,67,2200000.0,4000.0,20,186,78
254008,67,1300000.0,2000.0,22,184,84
254071,67,650000.0,500.0,33,187,85
254131,67,2500000.0,5000.0,21,174,65
254200,67,700000.0,500.0,32,174,75
254234,67,875000.0,500.0,29,179,74
254238,67,1500000.0,500.0,23,168,68
254281,67,1600000.0,2000.0,24,184,82
254320,67,2500000.0,3000.0,20,175,66
254333,67,2200000.0,8000.0,19,177,80
254344,67,1300000.0,5000.0,25,172,67
254472,67,2400000.0,1000.0,19,175,65
254541,67,2700000.0,3000.0,19,170,60
254566,67,2500000.0,6000.0,20,182,77
254579,67,2200000.0,8000.0,20,176,69
254585,67,2300000.0,5000.0,22,165,65
254601,67,950000.0,500.0,28,191,80
254692,67,2300000.0,12000.0,21,182,75
254725,67,2300000.0,500.0,21,175,70
254786,67,2300000.0,4000.0,22,186,77
254849,67,2400000.0,6000.0,19,192,80
254859,67,2400000.0,9000.0,19,172,70
254881,67,1000000.0,4000.0,29,170,64
254889,67,1000000.0,2000.0,30,168,65
255005,67,1500000.0,4000.0,24,173,72
255082,67,1000000.0,3000.0,27,188,70
255110,67,2100000.0,2000.0,23,193,84
255111,67,2500000.0,4000.0,21,177,68
255151,67,1800000.0,1000.0,18,180,74
255197,67,1100000.0,6000.0,26,175,70
255240,67,1500000.0,3000.0,24,178,72
255253,67,2500000.0,3000.0,21,172,64
255286,67,1000000.0,5000.0,27,185,79
255438,67,2400000.0,2000.0,19,170,60
255526,67,1500000.0,2000.0,23,178,68
255580,67,2200000.0,2000.0,21,177,65
255590,67,1400000.0,1000.0,23,175,69
255753,67,1500000.0,4000.0,24,192,86
255766,67,1300000.0,11000.0,26,183,83
255827,67,1900000.0,2000.0,22,188,77
255934,67,2200000.0,6000.0,21,189,82
256080,67,2400000.0,2000.0,21,174,67
256098,67,2500000.0,5000.0,20,174,64
256149,67,2200000.0,500.0,21,170,68
256161,67,2100000.0,500.0,20,188,68
256271,67,875000.0,5000.0,29,189,85
256282,67,1000000.0,1000.0,28,179,77
256292,67,2300000.0,7000.0,22,190,78
256325,67,2400000.0,500.0,21,190,82
256341,67,2400000.0,2000.0,19,177,72
256402,67,2400000.0,2000.0,18,176,70
256516,67,2400000.0,4000.0,18,181,67
256725,67,2600000.0,6000.0,18,178,63
256849,67,1600000.0,5000.0,23,170,71
256856,67,2200000.0,2000.0,23,184,76
256885,67,2500000.0,3000.0,21,175,73
256890,67,2500000.0,3000.0,20,175,72
256952,67,1400000.0,2000.0,24,188,79
256971,67,2500000.0,9000.0,22,186,77
256998,67,500000.0,1000.0,34,175,73
257111,67,1500000.0,6000.0,23,189,77
257118,67,2300000.0,8000.0,22,169,60
257190,67,2300000.0,8000.0,22,184,79
257196,67,1200000.0,3000.0,25,181,76
257242,67,1200000.0,5000.0,25,174,71
257243,67,1500000.0,5000.0,24,189,84
257279,67,2400000.0,6000.0,19,174,69
257320,67,2400000.0,8000.0,20,179,71
257540,67,2400000.0,9000.0,19,180,73
257612,67,2400000.0,4000.0,18,183,80
257620,67,1200000.0,3000.0,25,180,78
257804,67,2100000.0,4000.0,23,192,85
257831,67,2300000.0,4000.0,22,173,69
257877,67,2300000.0,8000.0,20,183,75
258165,67,2200000.0,12000.0,20,182,72
258276,67,1300000.0,3000.0,24,178,73
258356,67,1500000.0,2000.0,24,194,90
258444,67,2500000.0,9000.0,20,185,79
258598,67,1900000.0,2000.0,23,179,77
258599,67,1300000.0,2000.0,26,197,85
258655,67,1200000.0,5000.0,26,178,74
258718,67,1700000.0,3000.0,23,191,81
258766,67,2400000.0,2000.0,21,177,72
258893,67,2100000.0,6000.0,20,192,87
258922,67,2500000.0,30000.0,21,178,63
259065,67,2100000.0,16000.0,20,185,85
259101,67,1500000.0,5000.0,21,174,67
259173,67,2100000.0,24000.0,21,184,76
259251,67,1300000.0,500.0,25,185,79
259318,67,1300000.0,5000.0,25,188,78
259322,67,1900000.0,500.0,25,182,73
259360,67,2100000.0,1000.0,20,182,79
259406,67,2600000.0,3000.0,18,179,67
259532,67,2400000.0,3000.0,20,192,77
259569,67,2300000.0,5000.0,19,184,73
259607,67,825000.0,500.0,30,186,78
259700,67,825000.0,500.0,32,175,70
259706,67,1100000.0,500.0,27,172,70
259771,67,1900000.0,3000.0,23,190,82
259800,67,750000.0,500.0,31,175,72
259802,67,1200000.0,500.0,24,178,79
259825,67,1600000.0,500.0,21,173,59
259845,67,110000.0,500.0,37,187,85
259928,67,1400000.0,500.0,25,177,70
259959,67,2000000.0,500.0,24,182,70
259977,67,1600000.0,5000.0,23,178,73
260105,67,2300000.0,10000.0,19,191,80
260138,67,2300000.0,500.0,23,177,70
260158,67,2100000.0,4000.0,19,175,65
260265,67,1200000.0,500.0,26,175,69
260271,67,1300000.0,500.0,25,178,71
260283,67,1500000.0,4000.0,24,172,63
260290,67,2300000.0,2000.0,21,189,82
260309,67,850000.0,500.0,29,184,83
260328,67,2300000.0,950.0,21,181,75
260377,67,2300000.0,4000.0,21,179,70
260478,67,2300000.0,4000.0,22,185,75
260652,67,1000000.0,2000.0,28,173,65
260740,67,2100000.0,4000.0,20,192,84
260807,67,1000000.0,4000.0,29,184,79
260811,67,650000.0,500.0,33,190,85
260839,67,1400000.0,500.0,24,182,79
261069,67,2100000.0,1000.0,22,187,77
261139,67,1200000.0,500.0,25,186,79
261532,67,2200000.0,500.0,22,173,72
261626,67,1600000.0,5000.0,23,185,75
261636,67,2100000.0,2000.0,22,186,87
261647,67,2300000.0,6000.0,19,188,79
261661,67,1500000.0,5000.0,24,181,78
262301,67,1200000.0,3000.0,26,178,71
262311,67,2100000.0,3000.0,20,174,72
262397,67,1400000.0,3000.0,23,183,70
262412,67,2200000.0,2000.0,22,190,82
262414,67,2300000.0,3000.0,23,177,70
262426,67,1500000.0,2000.0,24,186,80
262438,67,1400000.0,2000.0,24,181,76
262498,67,1900000.0,7000.0,24,178,67
262582,67,2200000.0,500.0,20,184,74
262620,67,1200000.0,5000.0,26,180,76
262881,67,2200000.0,3000.0,21,185,77
262956,67,1100000.0,5000.0,25,193,89
263200,67,1000000.0,5000.0,29,186,83
263205,67,2300000.0,12000.0,21,186,69
263282,67,1300000.0,500.0,24,185,75
263562,67,1300000.0,6000.0,25,170,67
263583,67,900000.0,5000.0,28,185,77
263941,67,2300000.0,9000.0,22,181,73
263946,67,2200000.0,4000.0,20,168,71
264201,67,2300000.0,4000.0,21,170,62
264251,67,1600000.0,500.0,23,188,75
264280,67,2700000.0,3000.0,20,184,79
264311,67,2600000.0,10000.0,19,172,59
264325,67,2300000.0,21000.0,20,187,75
264383,67,2100000.0,500.0,23,190,70
264388,67,2300000.0,500.0,17,169,67
264425,67,1600000.0,2000.0,23,186,84
107084,66,90000.0,2000.0,36,195,93
149791,66,275000.0,2000.0,39,168,71
151885,66,90000.0,2000.0,37,188,84
152922,66,275000.0,3000.0,36,182,76
155589,66,170000.0,2000.0,36,183,76
156507,66,90000.0,3000.0,38,182,80
157888,66,90000.0,1000.0,35,185,78
158309,66,350000.0,3000.0,35,185,75
158543,66,300000.0,11000.0,37,178,72
160209,66,1000000.0,500.0,21,168,64
162047,66,275000.0,2000.0,36,180,80
166539,66,1200000.0,2000.0,24,178,77
166764,66,275000.0,2000.0,33,182,80
167841,66,675000.0,5000.0,32,170,68
169479,66,400000.0,4000.0,33,187,86
169498,66,550000.0,4000.0,33,178,74
169593,66,425000.0,3000.0,33,178,76
169623,66,400000.0,650.0,33,187,90
169808,66,350000.0,4000.0,35,176,68
170342,66,400000.0,9000.0,33,191,80
170915,66,350000.0,3000.0,35,175,72
171831,66,425000.0,2000.0,33,186,86
172232,66,400000.0,2000.0,33,186,87
172555,66,725000.0,3000.0,31,183,80
172756,66,240000.0,2000.0,35,189,93
173518,66,400000.0,3000.0,33,180,77
173530,66,675000.0,4000.0,32,173,62
173531,66,450000.0,1000.0,31,193,76
173859,66,700000.0,5000.0,32,170,67
176348,66,275000.0,2000.0,38,182,80
176472,66,150000.0,500.0,38,191,84
176732,66,230000.0,1000.0,35,186,82
178363,66,275000.0,1000.0,33,181,89
178589,66,600000.0,4000.0,32,177,71
179646,66,550000.0,4000.0,32,180,81
179698,66,190000.0,3000.0,36,183,74
179725,66,550000.0,2000.0,32,183,83
179746,66,725000.0,4000.0,31,186,90
179903,66,675000.0,1000.0,32,179,75
181205,66,600000.0,3000.0,32,187,76
181343,66,450000.0,6000.0,33,177,74
181846,66,400000.0,4000.0,34,176,78
182122,66,450000.0,4000.0,33,178,70
182365,66,425000.0,1000.0,32,191,91
182617,66,700000.0,5000.0,32,183,71
182689,66,525000.0,2000.0,33,178,72
183499,66,550000.0,1000.0,32,194,92
183513,66,425000.0,6000.0,32,193,91
183544,66,900000.0,1000.0,27,175,72
183646,66,90000.0,2000.0,35,182,80
184040,66,450000.0,6000.0,31,188,85
184156,66,625000.0,5000.0,31,174,72
184254,66,275000.0,4000.0,33,184,85
184336,66,525000.0,4000.0,33,185,77
184664,66,230000.0,2000.0,35,187,86
184696,66,400000.0,4000.0,34,175,72
184843,66,575000.0,500.0,31,185,81
185438,66,850000.0,3000.0,29,172,75
186127,66,700000.0,11000.0,32,183,76
186135,66,725000.0,4000.0,30,180,69
186450,66,675000.0,3000.0,32,177,74
186839,66,525000.0,3000.0,33,178,73
186970,66,230000.0,3000.0,35,183,73
187042,66,825000.0,2000.0,30,183,76
187218,66,450000.0,9000.0,31,182,79
187225,66,600000.0,3000.0,32,173,72
187337,66,700000.0,2000.0,32,186,83
187447,66,300000.0,3000.0,34,182,77
187701,66,725000.0,3000.0,30,175,70
187761,66,550000.0,4000.0,33,181,73
187915,66,550000.0,3000.0,33,194,88
187988,66,350000.0,1000.0,35,162,64
188062,66,600000.0,1000.0,32,188,78
188071,66,850000.0,2000.0,29,170,64
188145,66,575000.0,2000.0,31,181,81
188292,66,300000.0,500.0,38,188,90
188836,66,575000.0,11000.0,30,188,79
188996,66,725000.0,5000.0,31,197,85
189115,66,725000.0,3000.0,30,184,79
189143,66,575000.0,2000.0,32,184,75
189186,66,700000.0,2000.0,31,180,70
189352,66,675000.0,3000.0,32,173,65
189397,66,550000.0,2000.0,32,181,79
189544,66,700000.0,1000.0,30,188,85
189551,66,700000.0,4000.0,30,192,83
189730,66,700000.0,11000.0,31,186,81
189833,66,625000.0,2000.0,31,179,77
189936,66,150000.0,2000.0,34,196,78
189938,66,550000.0,2000.0,32,186,82
190060,66,725000.0,3000.0,30,173,70
190497,66,850000.0,3000.0,30,185,82
190572,66,775000.0,18000.0,28,179,75
190620,66,725000.0,3000.0,30,180,72
190724,66,850000.0,3000.0,30,184,83
191068,66,850000.0,7000.0,30,188,80
191108,66,600000.0,2000.0,32,180,74
191556,66,525000.0,3000.0,33,168,69
191944,66,525000.0,4000.0,33,174,68
192008,66,450000.0,5000.0,33,182,73
192126,66,825000.0,3000.0,30,188,84
192169,66,350000.0,1000.0,35,180,70
192237,66,575000.0,4000.0,32,184,70
192321,66,825000.0,6000.0,29,175,72
192596,66,400000.0,500.0,33,190,85
192616,66,400000.0,3000.0,34,177,75
192624,66,750000.0,4000.0,29,175,66
192671,66,375000.0,1000.0,35,182,74
192840,66,725000.0,12000.0,31,198,94
192970,66,825000.0,5000.0,30,183,76
193013,66,575000.0,3000.0,30,181,76
193177,66,625000.0,3000.0,31,170,73
193211,66,725000.0,7000.0,30,176,71
193244,66,150000.0,2000.0,34,188,93
193312,66,450000.0,1000.0,31,190,83
193421,66,350000.0,2000.0,35,179,73
193426,66,825000.0,6000.0,30,180,80
193427,66,675000.0,4000.0,32,180,70
193495,66,675000.0,4000.0,32,178,70
193564,66,850000.0,4000.0,29,178,80
193688,66,550000.0,4000.0,32,187,80
193701,66,850000.0,5000.0,30,180,73
193765,66,450000.0,3000.0,31,183,78
193768,66,750000.0,3000.0,29,178,71
193889,66,575000.0,1000.0,30,183,83
193942,66,600000.0,12000.0,31,177,77
194003,66,550000.0,3000.0,32,187,77
194059,66,850000.0,3000.0,29,177,72
194091,66,850000.0,5000.0,29,175,74
194785,66,725000.0,4000.0,29,188,76
194925,66,850000.0,3000.0,29,184,85
195126,66,850000.0,5000.0,29,185,80
195427,66,925000.0,3000.0,27,191,79
196353,66,600000.0,3000.0,32,178,65
196848,66,850000.0,500.0,30,170,70
197166,66,875000.0,3000.0,28,185,83
197391,66,600000.0,2000.0,32,180,73
197496,66,90000.0,5000.0,37,184,82
197831,66,725000.0,3000.0,30,180,72
197981,66,850000.0,6000.0,30,201,94
198000,66,450000.0,2000.0,33,175,75
198003,66,725000.0,500.0,31,180,75
198135,66,575000.0,2000.0,31,189,75
198178,66,575000.0,3000.0,31,187,74
198235,66,850000.0,4000.0,28,168,77
198264,66,725000.0,2000.0,31,180,73
198285,66,725000.0,3000.0,28,191,85
198519,66,825000.0,1000.0,27,187,81
198811,66,825000.0,2000.0,28,185,73
199053,66,700000.0,7000.0,32,186,76
199440,66,700000.0,3000.0,30,184,80
199465,66,575000.0,500.0,32,178,77
199735,66,170000.0,2000.0,38,185,74
199772,66,700000.0,6000.0,31,183,79
199861,66,425000.0,3000.0,34,175,60
200200,66,725000.0,3000.0,29,182,73
200209,66,650000.0,3000.0,30,187,83
200309,66,750000.0,2000.0,29,188,77
200535,66,975000.0,3000.0,27,180,73
200667,66,900000.0,2000.0,27,181,77
200697,66,725000.0,3000.0,29,196,93
200770,66,825000.0,2000.0,29,182,76
200797,66,725000.0,2000.0,30,174,73
200806,66,725000.0,4000.0,30,180,72
200981,66,850000.0,2000.0,29,184,76
201035,66,675000.0,2000.0,28,190,80
201078,66,725000.0,2000.0,30,180,75
201085,66,850000.0,3000.0,29,175,78
201112,66,650000.0,1000.0,29,190,82
201114,66,850000.0,3000.0,28,178,70
201257,66,600000.0,2000.0,31,174,75
201265,66,850000.0,4000.0,30,196,85
201326,66,700000.0,2000.0,31,168,71
201401,66,775000.0,3000.0,28,176,76
201522,66,700000.0,2000.0,30,186,88
201527,66,750000.0,4000.0,29,182,79
201869,66,850000.0,3000.0,28,173,68
201940,66,575000.0,2000.0,29,188,88
202053,66,850000.0,4000.0,28,183,71
202102,66,275000.0,6000.0,34,183,70
202131,66,925000.0,2000.0,27,177,72
202182,66,700000.0,500.0,31,175,68
202199,66,850000.0,3000.0,27,193,94
202215,66,425000.0,2000.0,32,196,84
202231,66,600000.0,2000.0,32,175,64
202375,66,825000.0,4000.0,29,174,68
202413,66,700000.0,600.0,30,181,73
202422,66,850000.0,3000.0,28,175,58
202456,66,700000.0,4000.0,32,188,87
202617,66,575000.0,3000.0,30,189,80
202708,66,600000.0,2000.0,32,179,77
202754,66,625000.0,3000.0,31,180,72
202819,66,850000.0,1000.0,28,175,69
202896,66,725000.0,1000.0,31,179,72
203060,66,900000.0,4000.0,27,185,70
203069,66,850000.0,5000.0,28,183,80
203175,66,725000.0,3000.0,28,185,70
203328,66,850000.0,6000.0,28,173,67
203368,66,850000.0,2000.0,28,181,73
203426,66,825000.0,2000.0,29,174,69
203558,66,750000.0,3000.0,29,176,69
203637,66,850000.0,500.0,29,175,69
203838,66,825000.0,3000.0,30,177,70
203966,66,275000.0,2000.0,35,187,86
204184,66,750000.0,3000.0,29,177,73
204210,66,550000.0,2000.0,32,193,88
204220,66,975000.0,3000.0,27,180,70
204397,66,725000.0,3000.0,28,189,81
204499,66,925000.0,3000.0,26,196,82
204536,66,90000.0,500.0,37,183,84
204637,66,850000.0,2000.0,29,182,75
204664,66,825000.0,6000.0,27,168,64
204787,66,825000.0,1000.0,28,180,72
204826,66,700000.0,2000.0,30,197,79
204882,66,900000.0,4000.0,27,173,67
204979,66,975000.0,6000.0,26,177,68
205005,66,575000.0,2000.0,32,185,84
205158,66,875000.0,3000.0,28,181,74
205225,66,700000.0,4000.0,30,182,75
205278,66,750000.0,3000.0,29,183,72
205291,66,1100000.0,2000.0,25,180,74
205300,66,700000.0,5000.0,30,190,85
205352,66,725000.0,4000.0,28,191,80
205596,66,825000.0,4000.0,27,179,65
205834,66,675000.0,2000.0,32,178,74
205862,66,725000.0,2000.0,29,183,70
205892,66,925000.0,3000.0,27,192,90
205894,66,650000.0,2000.0,29,182,75
206123,66,900000.0,3000.0,27,169,65
206134,66,1100000.0,13000.0,26,185,73
206147,66,850000.0,3000.0,30,184,80
206161,66,750000.0,3000.0,29,184,80
206207,66,875000.0,1000.0,27,191,80
206297,66,625000.0,3000.0,31,185,78
206402,66,90000.0,1000.0,36,195,91
206549,66,90000.0,1000.0,35,186,85
206555,66,975000.0,3000.0,26,182,70
206563,66,750000.0,2000.0,28,164,70
207610,66,575000.0,2000.0,30,193,84
207627,66,550000.0,700.0,32,183,80
207633,66,650000.0,2000.0,29,199,99
207660,66,800000.0,3000.0,27,186,85
207740,66,1100000.0,3000.0,25,163,66
207899,66,725000.0,500.0,28,189,86
208102,66,800000.0,4000.0,28,190,88
208188,66,725000.0,6000.0,28,193,82
208302,66,1100000.0,3000.0,26,183,73
208370,66,850000.0,3000.0,28,181,78
208549,66,575000.0,2000.0,31,189,79
208668,66,1100000.0,2000.0,25,185,73
208752,66,850000.0,2000.0,27,195,76
208778,66,275000.0,4000.0,33,190,80
208894,66,600000.0,3000.0,28,188,81
208974,66,850000.0,10000.0,28,171,67
209007,66,675000.0,500.0,32,176,70
209062,66,850000.0,2000.0,29,182,81
209166,66,90000.0,2000.0,35,185,82
209210,66,800000.0,2000.0,27,191,88
209264,66,1000000.0,2000.0,26,173,70
209281,66,700000.0,7000.0,31,164,63
209285,66,1000000.0,2000.0,26,191,75
209315,66,925000.0,4000.0,26,177,75
209334,66,750000.0,5000.0,29,179,77
209361,66,850000.0,2000.0,27,179,73
209491,66,700000.0,3000.0,30,191,82
209569,66,525000.0,11000.0,33,173,64
209761,66,700000.0,2000.0,30,183,77
209954,66,900000.0,1000.0,27,183,77
210020,66,975000.0,5000.0,27,181,74
210029,66,900000.0,9000.0,27,180,74
210046,66,925000.0,4000.0,26,178,66
210108,66,1100000.0,5000.0,26,180,72
210134,66,725000.0,10000.0,29,179,72
210366,66,650000.0,9000.0,27,186,84
210804,66,230000.0,4000.0,35,178,78
210832,66,850000.0,3000.0,27,192,87
210862,66,,,28,190,82
211001,66,725000.0,3000.0,29,191,72
211096,66,825000.0,2000.0,27,182,70
211203,66,925000.0,3000.0,26,179,75
211262,66,575000.0,3000.0,30,187,86
211373,66,900000.0,2000.0,27,169,60
211556,66,700000.0,3000.0,30,185,80
211600,66,925000.0,3000.0,26,176,70
211617,66,825000.0,2000.0,29,185,70
211619,66,700000.0,4000.0,30,186,81
211785,66,925000.0,1000.0,26,174,73
211825,66,825000.0,1000.0,27,173,68
211828,66,550000.0,3000.0,32,187,82
211881,66,725000.0,1000.0,30,182,80
212018,66,725000.0,3000.0,29,182,75
212065,66,625000.0,2000.0,31,174,68
212090,66,1100000.0,3000.0,26,196,100
212237,66,875000.0,1000.0,27,184,77
212366,66,1100000.0,3000.0,26,172,75
212451,66,775000.0,3000.0,28,177,71
212484,66,1000000.0,4000.0,26,173,68
212710,66,1100000.0,2000.0,25,188,70
212910,66,850000.0,3000.0,29,193,93
213117,66,725000.0,1000.0,31,178,75
213206,66,575000.0,2000.0,30,191,81
213271,66,800000.0,1000.0,28,186,76
213321,66,850000.0,2000.0,29,191,85
213327,66,575000.0,2000.0,31,196,83
213407,66,850000.0,2000.0,26,198,93
213444,66,925000.0,4000.0,27,175,78
213449,66,1000000.0,2000.0,25,181,74
213634,66,1200000.0,6000.0,25,180,76
213692,66,1200000.0,10000.0,25,175,70
213719,66,575000.0,2000.0,30,193,86
213849,66,550000.0,1000.0,32,185,80
213858,66,700000.0,800.0,30,194,82
213922,66,700000.0,2000.0,30,189,86
214063,66,575000.0,1000.0,32,179,72
214088,66,925000.0,2000.0,25,193,69
214114,66,725000.0,500.0,30,174,77
214177,66,575000.0,1000.0,32,175,70
214319,66,300000.0,700.0,34,186,78
214356,66,850000.0,1000.0,28,185,77
214395,66,725000.0,500.0,31,174,71
214414,66,825000.0,1000.0,28,178,71
214447,66,675000.0,500.0,32,178,72
214700,66,800000.0,1000.0,29,177,73
214701,66,1800000.0,3000.0,24,187,71
214761,66,150000.0,500.0,34,195,80
214837,66,425000.0,1000.0,34,186,88
215129,66,825000.0,2000.0,29,172,69
215170,66,425000.0,4000.0,34,188,81
215647,66,850000.0,2000.0,30,189,79
215755,66,850000.0,4000.0,30,183,83
215820,66,1100000.0,2000.0,25,182,76
215855,66,975000.0,3000.0,25,178,73
215993,66,825000.0,3000.0,30,177,74
216114,66,1600000.0,2000.0,25,186,80
216134,66,625000.0,4000.0,31,175,72
216265,66,1100000.0,9000.0,26,191,78
216288,66,900000.0,3000.0,27,177,79
216440,66,725000.0,4000.0,29,183,79
216518,66,775000.0,2000.0,27,194,82
216526,66,800000.0,3000.0,27,180,83
216666,66,400000.0,500.0,33,184,78
216736,66,850000.0,4000.0,28,185,78
216790,66,975000.0,4000.0,26,184,76
216791,66,925000.0,3000.0,26,185,77
216815,66,975000.0,3000.0,27,191,86
217201,66,700000.0,5000.0,32,183,82
217391,66,775000.0,3000.0,28,176,70
217647,66,550000.0,3000.0,33,180,75
217758,66,850000.0,3000.0,29,178,85
217841,66,725000.0,2000.0,28,194,89
218175,66,150000.0,500.0,34,187,81
218656,66,725000.0,3000.0,29,187,84
218938,66,725000.0,1000.0,29,180,80
218976,66,850000.0,500.0,29,176,73
219458,66,825000.0,3000.0,30,180,76
219529,66,850000.0,5000.0,28,194,90
219781,66,975000.0,3000.0,26,184,73
219803,66,1000000.0,7000.0,26,185,93
219956,66,1000000.0,5000.0,25,188,76
219967,66,1000000.0,2000.0,25,190,77
220039,66,1200000.0,2000.0,25,177,67
220197,66,1600000.0,10000.0,24,185,72
220396,66,850000.0,5000.0,28,175,73
220517,66,1100000.0,2000.0,25,177,68
220584,66,1100000.0,1000.0,24,194,94
220593,66,850000.0,2000.0,27,188,84
220677,66,1300000.0,4000.0,24,168,64
220772,66,975000.0,3000.0,27,185,83
220786,66,1100000.0,2000.0,25,185,75
220940,66,1200000.0,4000.0,25,180,71
220944,66,1100000.0,2000.0,25,189,65
221050,66,725000.0,2000.0,30,175,73
221271,66,900000.0,2000.0,27,182,78
221425,66,850000.0,2000.0,29,172,68
221486,66,1000000.0,500.0,26,190,84
221595,66,300000.0,500.0,36,180,79
221605,66,1000000.0,2000.0,27,192,82
221620,66,875000.0,2000.0,27,183,71
221631,66,975000.0,500.0,27,189,82
221632,66,775000.0,2000.0,28,185,81
221684,66,750000.0,2000.0,29,188,79
221756,66,1000000.0,3000.0,25,169,60
221772,66,900000.0,11000.0,27,173,73
221824,66,700000.0,6000.0,31,176,70
221853,66,775000.0,4000.0,28,176,68
221854,66,850000.0,6000.0,28,183,70
221857,66,850000.0,6000.0,28,170,66
221955,66,1700000.0,4000.0,24,187,73
222328,66,1200000.0,4000.0,24,182,84
222329,66,1100000.0,2000.0,24,174,60
222350,66,850000.0,3000.0,28,179,69
222431,66,1100000.0,900.0,24,188,83
222472,66,975000.0,4000.0,27,188,78
222506,66,875000.0,2000.0,28,180,67
222620,66,825000.0,5000.0,30,170,72
222643,66,1000000.0,6000.0,26,190,87
222970,66,825000.0,5000.0,30,160,60
222979,66,925000.0,2000.0,25,173,68
222993,66,725000.0,2000.0,31,177,68
223014,66,1000000.0,3000.0,25,190,75
223107,66,575000.0,4000.0,30,190,81
223134,66,750000.0,4000.0,29,178,78
223263,66,725000.0,3000.0,28,180,77
223355,66,600000.0,4000.0,31,175,74
223357,66,1300000.0,2000.0,24,174,72
223594,66,925000.0,2000.0,26,184,81
223629,66,900000.0,4000.0,27,174,70
223732,66,450000.0,2000.0,31,188,83
223738,66,925000.0,2000.0,25,188,80
223794,66,900000.0,9000.0,27,176,64
223853,66,1000000.0,3000.0,26,176,72
223880,66,900000.0,3000.0,27,182,76
223908,66,975000.0,4000.0,25,180,70
223909,66,1100000.0,7000.0,24,191,85
223925,66,875000.0,3000.0,25,195,88
223957,66,850000.0,4000.0,26,191,91
223963,66,1800000.0,4000.0,22,185,82
224010,66,1100000.0,2000.0,25,187,85
224020,66,850000.0,500.0,30,177,70
224094,66,1100000.0,2000.0,25,196,84
224150,66,900000.0,3000.0,27,183,73
224225,66,1300000.0,9000.0,23,180,76
224238,66,1100000.0,3000.0,25,191,84
224250,66,800000.0,4000.0,28,187,83
224300,66,975000.0,2000.0,25,181,69
224337,66,750000.0,4000.0,29,178,72
224388,66,1600000.0,950.0,25,183,78
224460,66,1200000.0,650.0,25,187,70
224488,66,1100000.0,5000.0,26,175,73
224662,66,1200000.0,2000.0,24,174,71
224690,66,800000.0,6000.0,27,188,88
224790,66,400000.0,500.0,33,187,78
224855,66,1100000.0,2000.0,25,180,73
224875,66,1100000.0,2000.0,25,178,80
224881,66,850000.0,5000.0,29,174,66
224925,66,1300000.0,2000.0,24,179,73
224953,66,1100000.0,3000.0,25,195,85
224981,66,850000.0,2000.0,28,184,74
225026,66,1100000.0,4000.0,25,184,73
225368,66,1100000.0,3000.0,26,193,84
225395,66,1000000.0,5000.0,24,193,80
225406,66,1500000.0,700.0,24,180,80
225564,66,1200000.0,3000.0,25,181,78
225584,66,900000.0,3000.0,27,172,75
225715,66,825000.0,3000.0,30,178,70
225734,66,1000000.0,5000.0,26,185,74
225768,66,1300000.0,500.0,23,171,67
225769,66,1200000.0,2000.0,23,185,75
225798,66,1100000.0,4000.0,24,173,67
225924,66,850000.0,5000.0,29,170,70
225927,66,900000.0,2000.0,27,172,65
225955,66,1300000.0,4000.0,24,195,88
226004,66,900000.0,500.0,27,185,70
226087,66,900000.0,3000.0,27,180,75
226220,66,1100000.0,2000.0,25,173,65
226266,66,1300000.0,1000.0,23,170,70
226395,66,900000.0,5000.0,27,177,75
226542,66,450000.0,550.0,31,180,76
226580,66,1400000.0,4000.0,24,173,70
226675,66,800000.0,3000.0,28,185,80
226705,66,1200000.0,3000.0,24,180,65
226711,66,700000.0,4000.0,31,180,72
226785,66,825000.0,2000.0,28,185,75
226791,66,1600000.0,8000.0,24,184,80
227278,66,1200000.0,2000.0,23,187,80
227377,66,550000.0,600.0,32,186,85
227477,66,1100000.0,3000.0,25,186,78
227526,66,975000.0,4000.0,27,180,70
227561,66,875000.0,2000.0,28,185,80
227573,66,1000000.0,2000.0,27,181,79
227601,66,1600000.0,2000.0,24,178,68
227847,66,900000.0,3000.0,27,193,81
227868,66,1000000.0,6000.0,27,180,66
227878,66,1200000.0,3000.0,24,178,64
227998,66,875000.0,3000.0,28,183,79
228017,66,1400000.0,6000.0,24,185,80
228069,66,1000000.0,500.0,26,172,76
228255,66,1500000.0,1000.0,24,185,83
228310,66,1100000.0,3000.0,24,182,73
228318,66,1700000.0,12000.0,23,172,70
228325,66,925000.0,2000.0,27,178,74
228369,66,1600000.0,8000.0,23,184,77
228627,66,775000.0,10000.0,28,171,64
228632,66,900000.0,3000.0,27,188,86
228762,66,1300000.0,3000.0,23,181,65
228768,66,1400000.0,12000.0,24,177,74
228810,66,975000.0,3000.0,27,177,69
228983,66,1200000.0,11000.0,24,189,84
229055,66,750000.0,4000.0,29,187,85
229107,66,1200000.0,6000.0,23,183,82
229176,66,1900000.0,3000.0,23,178,72
229285,66,1200000.0,2000.0,24,179,77
229349,66,1200000.0,3000.0,24,180,64
229354,66,1400000.0,4000.0,23,168,71
229516,66,1300000.0,7000.0,24,172,71
229530,66,850000.0,2000.0,27,188,84
229605,66,1200000.0,3000.0,23,183,70
229610,66,1200000.0,4000.0,24,183,79
229701,66,1600000.0,6000.0,24,175,75
229707,66,1300000.0,2000.0,24,170,68
229745,66,1700000.0,6000.0,23,179,77
229845,66,525000.0,4000.0,33,175,71
229883,66,1000000.0,700.0,25,173,68
229915,66,725000.0,500.0,31,181,78
229930,66,1300000.0,3000.0,24,177,63
229998,66,1100000.0,1000.0,24,176,70
230046,66,1100000.0,3000.0,25,177,63
230055,66,1600000.0,4000.0,24,176,74
230070,66,1800000.0,10000.0,22,177,73
230079,66,1100000.0,2000.0,25,166,68
230150,66,850000.0,2000.0,28,168,60
230220,66,825000.0,7000.0,25,187,77
230268,66,850000.0,7000.0,29,178,74
230287,66,850000.0,8000.0,29,177,73
230308,66,725000.0,700.0,30,186,78
230447,66,725000.0,4000.0,29,178,77
230450,66,1000000.0,4000.0,21,181,69
230561,66,1700000.0,4000.0,23,193,98
230787,66,1700000.0,2000.0,22,186,80
230801,66,925000.0,8000.0,27,181,68
230807,66,1800000.0,7000.0,23,172,70
230809,66,1300000.0,3000.0,24,185,71
230830,66,875000.0,6000.0,28,193,87
230860,66,1700000.0,3000.0,24,173,68
230876,66,1300000.0,2000.0,24,188,83
230906,66,975000.0,1000.0,27,182,76
231005,66,1400000.0,3000.0,24,181,75
231093,66,575000.0,500.0,31,181,83
231123,66,975000.0,3000.0,27,180,73
231139,66,1600000.0,2000.0,23,188,70
231145,66,1100000.0,2000.0,24,174,66
231266,66,1900000.0,3000.0,22,172,77
231335,66,900000.0,500.0,27,175,72
231408,66,1300000.0,7000.0,22,182,64
231424,66,975000.0,7000.0,27,180,77
231527,66,1600000.0,2000.0,24,178,74
231540,66,1600000.0,10000.0,23,188,78
231624,66,850000.0,5000.0,29,186,81
231872,66,1200000.0,2000.0,25,184,87
231951,66,1400000.0,4000.0,24,173,76
232000,66,1300000.0,4000.0,23,173,65
232007,66,1500000.0,3000.0,24,192,83
232057,66,1200000.0,2000.0,24,167,58
232110,66,1600000.0,2000.0,23,190,90
232117,66,1200000.0,6000.0,25,182,77
232130,66,875000.0,500.0,28,178,74
232166,66,900000.0,3000.0,27,183,75
232311,66,1200000.0,2000.0,24,174,68
232316,66,1600000.0,4000.0,25,181,73
232380,66,700000.0,4000.0,32,170,68
232382,66,825000.0,3000.0,30,170,64
232406,66,925000.0,2000.0,27,179,75
232426,66,1000000.0,2000.0,26,171,64
232513,66,850000.0,4000.0,29,166,60
232515,66,775000.0,5000.0,28,178,78
232521,66,1100000.0,4000.0,26,193,85
232533,66,575000.0,3000.0,29,185,78
232589,66,950000.0,4000.0,26,174,68
232597,66,600000.0,4000.0,32,175,60
232603,66,1100000.0,2000.0,26,182,75
232611,66,1000000.0,2000.0,25,172,67
232619,66,275000.0,3000.0,36,176,65
232627,66,925000.0,2000.0,27,177,68
232636,66,1200000.0,2000.0,23,175,64
232645,66,1600000.0,3000.0,24,184,80
232669,66,1900000.0,3000.0,22,175,65
232687,66,825000.0,3000.0,27,172,69
232768,66,725000.0,4000.0,30,170,63
232848,66,550000.0,2000.0,32,182,75
232955,66,1100000.0,1000.0,25,176,66
233040,66,1200000.0,2000.0,25,185,81
233068,66,575000.0,700.0,31,181,73
233078,66,1400000.0,4000.0,24,188,82
233109,66,1100000.0,3000.0,25,186,79
233154,66,425000.0,1000.0,32,181,76
233170,66,400000.0,2000.0,34,175,70
233212,66,1200000.0,1000.0,24,185,75
233216,66,1400000.0,5000.0,23,190,89
233226,66,900000.0,3000.0,27,180,74
233258,66,1400000.0,3000.0,23,187,78
233276,66,1700000.0,5000.0,22,182,64
233298,66,625000.0,500.0,31,177,75
233309,66,1300000.0,950.0,22,178,66
233413,66,1200000.0,2000.0,24,185,81
233442,66,1800000.0,15000.0,22,176,70
233564,66,925000.0,500.0,27,186,76
233588,66,850000.0,2000.0,28,185,74
233727,66,1900000.0,2000.0,21,182,69
233794,66,1300000.0,10000.0,24,174,70
233804,66,1900000.0,9000.0,22,191,82
233820,66,1600000.0,2000.0,24,188,80
233879,66,550000.0,3000.0,33,173,63
233880,66,1600000.0,2000.0,23,188,78
233887,66,1200000.0,3000.0,23,186,73
233981,66,750000.0,5000.0,29,174,68
234016,66,1000000.0,6000.0,21,172,69
234049,66,1500000.0,2000.0,24,195,77
234066,66,2100000.0,1000.0,20,177,72
234079,66,975000.0,4000.0,27,186,79
234123,66,1000000.0,7000.0,25,175,70
234148,66,975000.0,4000.0,25,185,70
234200,66,1100000.0,2000.0,25,182,71
234279,66,750000.0,4000.0,29,170,72
234298,66,,,28,172,72
234492,66,450000.0,900.0,31,180,75
234635,66,1200000.0,4000.0,25,188,84
234671,66,1900000.0,9000.0,22,188,80
234829,66,600000.0,500.0,31,183,78
234834,66,1100000.0,500.0,26,189,86
234941,66,1300000.0,8000.0,23,185,71
235027,66,1600000.0,5000.0,23,185,72
235033,66,925000.0,4000.0,27,189,77
235095,66,1600000.0,1000.0,25,178,72
235101,66,1300000.0,2000.0,21,181,76
235133,66,875000.0,2000.0,28,183,72
235194,66,1900000.0,17000.0,22,188,73
235197,66,1700000.0,3000.0,23,165,68
235213,66,875000.0,2000.0,25,194,78
235225,66,925000.0,2000.0,26,189,78
235236,66,850000.0,5000.0,29,186,84
235244,66,1200000.0,2000.0,24,190,82
235261,66,1100000.0,10000.0,25,195,76
235263,66,1000000.0,3000.0,24,197,92
235266,66,1700000.0,8000.0,21,193,84
235375,66,850000.0,650.0,26,195,90
235419,66,950000.0,5000.0,26,171,70
235496,66,1300000.0,3000.0,24,176,76
235516,66,1100000.0,2000.0,24,178,63
235554,66,1400000.0,8000.0,23,183,70
235558,66,1300000.0,2000.0,22,179,79
235652,66,1600000.0,7000.0,23,192,81
235769,66,1400000.0,3000.0,22,175,65
235771,66,1700000.0,3000.0,23,168,75
235855,66,1800000.0,3000.0,22,175,75
235955,66,1900000.0,6000.0,22,170,58
235966,66,1600000.0,3000.0,22,187,83
236020,66,1600000.0,2000.0,24,185,80
236037,66,1200000.0,3000.0,25,177,67
236043,66,1700000.0,3000.0,23,178,73
236244,66,1800000.0,10000.0,22,189,69
236247,66,1900000.0,11000.0,22,175,67
236271,66,800000.0,500.0,29,185,70
236283,66,1400000.0,4000.0,23,176,70
236307,66,900000.0,5000.0,27,185,73
236378,66,1800000.0,5000.0,21,187,73
236400,66,1600000.0,7000.0,23,186,75
236415,66,900000.0,500.0,25,186,79
236587,66,1800000.0,2000.0,22,175,68
236617,66,1200000.0,6000.0,23,179,69
236712,66,1200000.0,6000.0,24,188,85
236751,66,725000.0,1000.0,29,192,88
236803,66,1200000.0,2000.0,24,174,68
236829,66,1700000.0,4000.0,23,190,85
236832,66,950000.0,5000.0,26,176,72
236868,66,1900000.0,3000.0,22,183,68
236883,66,1700000.0,4000.0,23,180,69
236914,66,1800000.0,5000.0,23,182,78
236963,66,1000000.0,3000.0,25,181,76
237031,66,700000.0,500.0,32,180,76
237098,66,1200000.0,3000.0,24,174,65
237138,66,1300000.0,5000.0,23,175,68
237176,66,1700000.0,2000.0,21,190,70
237210,66,1100000.0,6000.0,26,178,72
237252,66,850000.0,2000.0,26,183,79
237328,66,2100000.0,10000.0,21,173,70
237439,66,600000.0,1000.0,31,180,75
237498,66,2100000.0,5000.0,22,172,55
237538,66,850000.0,3000.0,28,182,77
237563,66,1700000.0,2000.0,23,189,75
237591,66,800000.0,2000.0,29,189,85
237594,66,925000.0,2000.0,24,195,89
237619,66,1900000.0,3000.0,21,174,69
237667,66,925000.0,10000.0,26,171,67
237704,66,1800000.0,9000.0,21,191,83
237708,66,1900000.0,4000.0,21,181,70
237747,66,850000.0,2000.0,28,180,72
237762,66,700000.0,2000.0,31,166,59
237768,66,850000.0,3000.0,28,181,70
237769,66,1200000.0,8000.0,24,180,74
237826,66,1200000.0,3000.0,25,174,71
237884,66,1600000.0,5000.0,23,182,78
237916,66,1900000.0,10000.0,21,173,61
238038,66,1800000.0,4000.0,22,180,71
238089,66,1300000.0,3000.0,24,179,74
238091,66,1800000.0,1000.0,22,182,72
238190,66,1800000.0,5000.0,21,175,77
238282,66,1900000.0,5000.0,22,183,77
238303,66,1900000.0,1000.0,21,179,65
238336,66,1800000.0,8000.0,21,183,64
238375,66,900000.0,500.0,27,179,67
238489,66,800000.0,2000.0,28,186,81
238536,66,2200000.0,2000.0,20,167,58
238656,66,1800000.0,13000.0,22,193,90
238682,66,575000.0,3000.0,32,186,76
238683,66,1200000.0,2000.0,24,184,67
238684,66,975000.0,2000.0,25,188,79
238725,66,1100000.0,4000.0,24,185,80
238743,66,1900000.0,4000.0,23,193,90
238749,66,1800000.0,7000.0,22,188,80
238779,66,1100000.0,1000.0,25,192,91
238803,66,1400000.0,3000.0,23,181,74
238820,66,1200000.0,5000.0,25,180,75
238865,66,1000000.0,500.0,26,188,82
238895,66,1100000.0,2000.0,24,174,72
238923,66,925000.0,2000.0,26,175,74
238958,66,1900000.0,3000.0,21,188,76
238980,66,1700000.0,5000.0,22,182,76
238987,66,1200000.0,2000.0,24,191,78
239023,66,1900000.0,3000.0,22,172,66
239078,66,1000000.0,8000.0,27,185,87
239104,66,800000.0,500.0,29,185,82
239179,66,900000.0,3000.0,27,187,75
239181,66,975000.0,1000.0,27,186,76
239191,66,1200000.0,5000.0,25,191,78
239219,66,975000.0,4000.0,27,162,62
239269,66,1600000.0,2000.0,21,174,73
239337,66,900000.0,3000.0,27,181,73
239377,66,2100000.0,2000.0,20,173,63
239379,66,2100000.0,3000.0,21,175,70
239397,66,1400000.0,4000.0,24,170,70
239443,66,1600000.0,4000.0,22,174,72
239485,66,1100000.0,6000.0,25,193,74
239498,66,1100000.0,2000.0,26,173,72
239567,66,725000.0,1000.0,30,186,87
239589,66,1700000.0,5000.0,23,189,90
239611,66,1000000.0,4000.0,26,183,70
239624,66,1700000.0,4000.0,24,186,80
239686,66,1100000.0,2000.0,24,180,84
239706,66,1200000.0,4000.0,24,182,79
239724,66,550000.0,850.0,32,192,81
239762,66,975000.0,3000.0,25,184,80
239770,66,1800000.0,6000.0,23,191,80
239800,66,2000000.0,10000.0,21,174,68
239835,66,1200000.0,3000.0,24,190,82
239926,66,1300000.0,4000.0,24,182,80
239930,66,1000000.0,2000.0,25,184,77
240026,66,1700000.0,2000.0,21,173,68
240050,66,775000.0,2000.0,28,170,65
240097,66,1800000.0,7000.0,22,173,70
240132,66,975000.0,2000.0,27,184,73
240133,66,700000.0,2000.0,32,188,90
240170,66,1800000.0,2000.0,21,189,84
240176,66,725000.0,3000.0,29,185,80
240196,66,1100000.0,3000.0,26,185,74
240206,66,850000.0,2000.0,29,175,74
240207,66,975000.0,5000.0,26,184,75
240260,66,1200000.0,2000.0,24,182,74
240333,66,1100000.0,5000.0,25,185,75
240453,66,1800000.0,2000.0,21,186,76
240468,66,1900000.0,3000.0,21,171,67
240481,66,1800000.0,4000.0,21,180,68
240576,66,1000000.0,5000.0,26,162,64
240648,66,1800000.0,3000.0,21,178,70
240697,66,1900000.0,11000.0,23,175,67
240734,66,1900000.0,3000.0,20,187,77
240847,66,1700000.0,4000.0,23,200,92
240860,66,1900000.0,5000.0,21,162,60
240873,66,1800000.0,2000.0,23,184,76
240922,66,1900000.0,4000.0,23,178,75
240925,66,1900000.0,3000.0,21,185,79
240969,66,1900000.0,2000.0,21,175,75
240997,66,1800000.0,4000.0,21,190,76
241131,66,750000.0,500.0,28,172,79
241210,66,1000000.0,1000.0,23,188,80
241217,66,1100000.0,2000.0,23,198,97
241344,66,1300000.0,6000.0,24,179,65
241394,66,1900000.0,2000.0,21,178,83
241494,66,1800000.0,5000.0,22,190,86
241506,66,1800000.0,2000.0,22,176,70
241551,66,1200000.0,2000.0,23,173,71
241562,66,1800000.0,3000.0,22,180,75
241566,66,1300000.0,3000.0,23,178,73
241591,66,1400000.0,7000.0,24,174,68
241605,66,825000.0,4000.0,29,180,75
241643,66,1700000.0,2000.0,22,186,74
241645,66,1900000.0,6000.0,21,178,68
241652,66,900000.0,2000.0,27,185,82
241693,66,1800000.0,2000.0,23,173,66
241736,66,1900000.0,5000.0,20,196,87
241743,66,850000.0,3000.0,28,183,70
241765,66,975000.0,2000.0,27,188,90
241859,66,1700000.0,10000.0,22,192,86
241967,66,1100000.0,1000.0,25,183,76
241992,66,1300000.0,500.0,25,178,64
241995,66,1200000.0,2000.0,24,190,79
242003,66,1800000.0,4000.0,22,180,78
242117,66,1300000.0,9000.0,24,165,61
242242,66,1100000.0,3000.0,23,192,83
242317,66,1900000.0,3000.0,22,170,65
242330,66,700000.0,500.0,32,174,71
242334,66,2000000.0,2000.0,21,178,88
242343,66,1800000.0,4000.0,22,185,86
242486,66,1100000.0,500.0,25,180,78
242525,66,1600000.0,2000.0,23,183,73
242542,66,1600000.0,2000.0,24,180,70
242628,66,1900000.0,1000.0,19,170,68
242651,66,850000.0,3000.0,28,175,75
242670,66,1800000.0,4000.0,22,177,74
242692,66,850000.0,2000.0,28,178,73
242703,66,1000000.0,2000.0,24,188,82
242708,66,1200000.0,2000.0,24,168,75
242716,66,1300000.0,3000.0,25,178,73
242769,66,1800000.0,5000.0,22,178,68
242907,66,1800000.0,9000.0,20,188,75
243156,66,2000000.0,4000.0,21,184,77
243210,66,1100000.0,2000.0,23,174,73
243312,66,1900000.0,7000.0,23,182,74
243386,66,2100000.0,3000.0,21,181,74
243393,66,2100000.0,11000.0,20,180,78
243442,66,1800000.0,6000.0,20,184,77
243514,66,1800000.0,5000.0,21,181,75
243519,66,1900000.0,2000.0,20,175,73
243525,66,1900000.0,6000.0,21,178,74
243556,66,725000.0,2000.0,29,189,79
243612,66,2000000.0,13000.0,21,188,78
243641,66,1400000.0,3000.0,22,184,78
243735,66,1000000.0,1000.0,24,190,77
243841,66,850000.0,3000.0,28,176,72
243856,66,725000.0,500.0,30,173,67
243904,66,1900000.0,1000.0,20,175,74
243908,66,1800000.0,13000.0,21,187,85
243914,66,1100000.0,4000.0,25,185,84
243929,66,700000.0,500.0,30,183,82
243953,66,1400000.0,4000.0,23,170,68
244040,66,925000.0,7000.0,27,185,83
244050,66,1900000.0,3000.0,20,190,80
244052,66,1900000.0,2000.0,21,178,74
244158,66,1000000.0,2000.0,26,179,72
244319,66,1200000.0,4000.0,24,193,81
244340,66,1700000.0,3000.0,22,188,83
244364,66,1600000.0,10000.0,20,192,85
244490,66,1800000.0,6000.0,22,184,81
244558,66,1800000.0,3000.0,21,172,68
244565,66,1900000.0,2000.0,20,178,66
244601,66,1900000.0,7000.0,21,190,80
244736,66,850000.0,2000.0,29,170,62
244786,66,800000.0,5000.0,29,187,77
244800,66,1000000.0,2000.0,25,172,64
244869,66,850000.0,5000.0,29,178,73
244881,66,1900000.0,11000.0,22,180,75
244912,66,90000.0,1000.0,37,179,75
244940,66,1200000.0,4000.0,24,184,81
244948,66,1200000.0,3000.0,23,180,77
245159,66,1100000.0,2000.0,25,187,78
245226,66,1800000.0,11000.0,20,189,83
245249,66,1700000.0,4000.0,22,176,70
245277,66,1900000.0,7000.0,21,176,70
245367,66,2200000.0,6000.0,18,168,58
245439,66,1600000.0,3000.0,24,184,76
245461,66,1900000.0,18000.0,21,179,68
245573,66,1900000.0,12000.0,23,181,73
245632,66,1800000.0,3000.0,20,193,79
245722,66,1800000.0,4000.0,23,188,80
245736,66,1400000.0,3000.0,23,167,65
245810,66,1600000.0,850.0,24,180,80
245849,66,1800000.0,3000.0,20,191,81
245855,66,1400000.0,5000.0,23,177,70
246001,66,1800000.0,3000.0,21,179,75
246048,66,2000000.0,2000.0,21,183,81
246053,66,2200000.0,13000.0,19,175,76
246056,66,600000.0,500.0,31,168,69
246093,66,1000000.0,5000.0,27,184,78
246108,66,1900000.0,4000.0,21,172,73
246126,66,1800000.0,5000.0,20,183,78
246127,66,1800000.0,4000.0,22,185,77
246157,66,1800000.0,3000.0,20,190,87
246203,66,1900000.0,500.0,22,187,80
246340,66,1900000.0,500.0,20,175,61
246385,66,1900000.0,2000.0,23,190,83
246390,66,900000.0,2000.0,27,184,72
246416,66,2100000.0,7000.0,20,180,75
246441,66,525000.0,2000.0,33,175,66
246457,66,1900000.0,2000.0,21,179,67
246550,66,1800000.0,2000.0,21,185,80
246613,66,1900000.0,4000.0,22,190,83
246687,66,900000.0,500.0,27,156,57
246727,66,1000000.0,4000.0,25,183,70
246750,66,1100000.0,4000.0,26,188,74
246827,66,1900000.0,4000.0,23,184,77
246865,66,1800000.0,4000.0,22,176,69
246951,66,1400000.0,2000.0,24,178,77
247009,66,900000.0,2000.0,27,187,82
247040,66,1800000.0,2000.0,22,174,63
247091,66,1800000.0,650.0,22,182,71
247159,66,1800000.0,7000.0,21,186,80
247278,66,1300000.0,2000.0,24,183,72
247335,66,1900000.0,11000.0,20,186,74
247378,66,725000.0,2000.0,31,166,55
247391,66,1400000.0,2000.0,24,175,68
247428,66,1600000.0,1000.0,20,188,80
247467,66,1900000.0,2000.0,19,182,75
247468,66,1600000.0,2000.0,24,185,83
247476,66,1200000.0,2000.0,23,180,77
247503,66,750000.0,2000.0,29,188,73
247534,66,1900000.0,2000.0,21,177,72
247599,66,1900000.0,6000.0,21,187,82
247649,66,2100000.0,9000.0,19,195,74
247667,66,2000000.0,1000.0,21,179,73
247696,66,925000.0,500.0,27,175,71
247882,66,1700000.0,500.0,22,185,74
248002,66,800000.0,5000.0,27,185,86
248005,66,1000000.0,2000.0,25,192,89
248017,66,700000.0,5000.0,31,168,69
248049,66,2100000.0,4000.0,20,176,67
248110,66,1100000.0,2000.0,25,185,80
248111,66,875000.0,3000.0,27,185,81
248230,66,1600000.0,4000.0,24,177,70
248259,66,1800000.0,1000.0,23,174,68
248575,66,1900000.0,4000.0,21,180,67
248603,66,1800000.0,9000.0,20,187,86
248744,66,1300000.0,1000.0,24,178,77
248780,66,700000.0,2000.0,30,185,82
248805,66,2100000.0,11000.0,20,177,69
248833,66,850000.0,4000.0,28,175,67
248869,66,1900000.0,4000.0,23,172,71
248873,66,1900000.0,500.0,20,173,72
250766,66,2100000.0,5000.0,21,173,73
250779,66,1800000.0,5000.0,22,195,85
250810,66,1100000.0,4000.0,25,193,84
250813,66,1900000.0,4000.0,19,186,76
250847,66,1600000.0,2000.0,22,194,87
250909,66,975000.0,6000.0,26,171,69
250917,66,900000.0,2000.0,27,181,77
250941,66,1800000.0,2000.0,22,180,73
250953,66,725000.0,3000.0,30,180,79
251025,66,1900000.0,3000.0,23,180,78
251036,66,1700000.0,2000.0,21,186,80
251052,66,1100000.0,3000.0,25,176,72
251089,66,825000.0,1000.0,30,168,62
251152,66,575000.0,4000.0,31,185,81
251195,66,1200000.0,500.0,23,171,66
251212,66,775000.0,4000.0,28,179,79
251240,66,850000.0,500.0,29,173,67
251335,66,1800000.0,7000.0,22,188,84
251364,66,1000000.0,3000.0,26,184,80
251373,66,1200000.0,1000.0,21,186,79
251436,66,2100000.0,3000.0,20,169,58
251464,66,2100000.0,3000.0,19,191,76
251595,66,1600000.0,5000.0,20,177,66
251611,66,1000000.0,7000.0,27,186,78
251800,66,1700000.0,5000.0,23,180,74
251829,66,1900000.0,2000.0,19,189,76
251868,66,1900000.0,3000.0,23,172,70
251923,66,525000.0,500.0,33,169,73
252015,66,1200000.0,2000.0,24,183,68
252025,66,2000000.0,5000.0,19,184,77
252088,66,1600000.0,2000.0,24,186,79
252114,66,1900000.0,4000.0,21,175,71
252200,66,1500000.0,3000.0,22,195,85
252324,66,2100000.0,9000.0,21,174,66
252368,66,575000.0,5000.0,31,192,86
252407,66,1800000.0,2000.0,21,186,76
252436,66,1600000.0,1000.0,23,187,75
252454,66,1800000.0,4000.0,21,190,81
252461,66,725000.0,4000.0,29,186,78
252463,66,2200000.0,2000.0,19,170,68
252483,66,1800000.0,6000.0,21,183,68
252512,66,1900000.0,2000.0,20,187,76
252802,66,2000000.0,8000.0,20,190,79
252999,66,2000000.0,6000.0,20,178,68
253167,66,2200000.0,7000.0,20,178,72
253225,66,2000000.0,3000.0,19,177,70
253237,66,1100000.0,500.0,25,180,73
253250,66,1900000.0,2000.0,21,175,75
253254,66,1800000.0,500.0,22,177,73
253256,66,2000000.0,2000.0,22,173,73
253295,66,1900000.0,500.0,22,175,70
253364,66,1000000.0,4000.0,26,182,70
253399,66,1700000.0,1000.0,22,175,70
253490,66,1800000.0,2000.0,20,174,65
253547,66,850000.0,500.0,28,174,66
253565,66,850000.0,500.0,30,180,74
253617,66,1900000.0,500.0,22,177,74
253629,66,1500000.0,500.0,23,188,75
253630,66,1600000.0,500.0,20,183,78
253644,66,450000.0,500.0,33,178,79
253786,66,1100000.0,500.0,22,180,72
253796,66,1800000.0,500.0,20,181,77
253807,66,700000.0,500.0,30,179,74
253825,66,1300000.0,500.0,23,175,70
253879,66,625000.0,500.0,31,167,70
253895,66,900000.0,500.0,27,165,66
253903,66,1900000.0,500.0,21,165,61
253915,66,1300000.0,500.0,23,183,75
254055,66,900000.0,500.0,27,170,76
254184,66,1100000.0,500.0,25,176,71
254201,66,1200000.0,500.0,25,183,79
254206,66,1900000.0,2000.0,22,165,60
254220,66,1400000.0,500.0,23,180,74
254257,66,1300000.0,6000.0,22,170,67
254525,66,1900000.0,4000.0,21,188,84
254603,66,1100000.0,500.0,26,192,92
254789,66,2100000.0,2000.0,21,179,70
254835,66,975000.0,5000.0,27,184,77
254860,66,2200000.0,7000.0,19,170,68
255037,66,1300000.0,3000.0,23,171,67
255265,66,1300000.0,500.0,23,168,68
255285,66,275000.0,3000.0,34,195,90
255307,66,1700000.0,3000.0,21,170,75
255351,66,1900000.0,3000.0,20,178,76
255365,66,1900000.0,900.0,21,176,68
255386,66,1900000.0,3000.0,21,170,67
255398,66,2100000.0,2000.0,20,178,70
255505,66,975000.0,4000.0,26,185,70
255536,66,1800000.0,4000.0,21,188,77
255561,66,1900000.0,1000.0,19,189,70
255586,66,1200000.0,1000.0,23,170,65
255700,66,2100000.0,3000.0,20,170,65
255773,66,1200000.0,4000.0,25,177,66
255779,66,1800000.0,2000.0,22,176,68
255876,66,1900000.0,500.0,22,166,59
255908,66,1800000.0,500.0,20,184,76
255942,66,850000.0,3000.0,27,192,74
255965,66,1700000.0,500.0,22,184,78
255994,66,925000.0,500.0,26,184,91
256001,66,825000.0,500.0,28,177,75
256107,66,1300000.0,2000.0,22,180,77
256281,66,1600000.0,3000.0,20,182,77
256421,66,1200000.0,2000.0,24,176,74
256476,66,2100000.0,1000.0,17,182,73
256539,66,1600000.0,3000.0,23,197,88
256616,66,1800000.0,3000.0,20,185,72
256730,66,625000.0,2000.0,31,179,67
256788,66,1800000.0,5000.0,20,173,68
256942,66,2100000.0,8000.0,19,187,81
257162,66,2000000.0,3000.0,21,170,64
257172,66,1800000.0,3000.0,21,190,87
257318,66,2000000.0,10000.0,18,173,60
257345,66,2100000.0,2000.0,18,180,67
257361,66,1800000.0,2000.0,22,177,66
257406,66,1800000.0,5000.0,20,172,61
257471,66,1200000.0,2000.0,23,181,66
257896,66,1900000.0,7000.0,19,178,66
257899,66,1900000.0,3000.0,22,176,68
257924,66,775000.0,3000.0,28,184,78
257957,66,1200000.0,2000.0,24,184,84
258116,66,1600000.0,3000.0,24,189,80
258147,66,2000000.0,500.0,17,185,71
258168,66,2000000.0,2000.0,20,186,74
258180,66,1700000.0,2000.0,21,185,78
258306,66,1300000.0,2000.0,24,175,67
258325,66,825000.0,4000.0,30,181,79
258359,66,1900000.0,7000.0,22,183,77
258361,66,1200000.0,3000.0,24,193,80
258455,66,825000.0,5000.0,28,185,85
258465,66,2100000.0,3000.0,21,170,65
258493,66,1900000.0,1000.0,19,186,74
258494,66,2000000.0,2000.0,19,172,59
258560,66,2100000.0,3000.0,21,191,80
258626,66,1200000.0,9000.0,24,185,73
258725,66,1800000.0,4000.0,23,180,78
258746,66,1400000.0,3000.0,24,175,72
258769,66,1900000.0,2000.0,22,184,76
258885,66,1800000.0,1000.0,20,194,88
259012,66,1000000.0,500.0,27,178,66
259075,66,1900000.0,2000.0,19,169,62
259094,66,1300000.0,4000.0,25,181,74
259184,66,1900000.0,9000.0,22,175,68
259245,66,725000.0,5000.0,29,175,70
259249,66,2400000.0,6000.0,18,180,70
259252,66,1900000.0,500.0,22,190,81
259307,66,1900000.0,4000.0,18,179,76
259331,66,2100000.0,4000.0,21,183,77
259521,66,1900000.0,2000.0,20,180,75
259576,66,2000000.0,3000.0,20,178,72
259707,66,700000.0,500.0,31,175,74
259773,66,1300000.0,500.0,24,178,71
259778,66,1300000.0,500.0,23,177,68
259779,66,850000.0,500.0,29,181,64
259782,66,725000.0,500.0,29,186,87
259790,66,1900000.0,3000.0,21,173,70
259847,66,1100000.0,500.0,25,182,79
259921,66,1200000.0,1000.0,25,185,86
260021,66,90000.0,500.0,38,178,71
260024,66,600000.0,500.0,32,179,80
260044,66,2100000.0,6000.0,20,185,77
260080,66,2000000.0,5000.0,19,189,77
260082,66,1900000.0,2000.0,18,182,77
260121,66,1700000.0,850.0,18,186,76
260139,66,1800000.0,500.0,22,176,69
260189,66,900000.0,2000.0,27,165,65
260209,66,1000000.0,500.0,25,174,70
260247,66,2200000.0,4000.0,18,187,80
260266,66,400000.0,500.0,33,180,75
260270,66,900000.0,500.0,27,178,75
260356,66,875000.0,1000.0,27,178,70
260358,66,1000000.0,3000.0,25,184,80
260647,66,700000.0,500.0,31,180,75
260674,66,850000.0,500.0,29,181,73
260708,66,1800000.0,3000.0,22,175,65
260815,66,1900000.0,950.0,18,181,75
260841,66,900000.0,3000.0,27,199,89
260874,66,1800000.0,2000.0,21,191,83
260953,66,1300000.0,2000.0,23,178,68
260971,66,1900000.0,2000.0,22,175,66
261015,66,2100000.0,4000.0,20,165,61
261097,66,1600000.0,3000.0,21,179,74
261146,66,1800000.0,500.0,21,186,78
261176,66,2100000.0,4000.0,20,188,81
261182,66,1600000.0,3000.0,20,175,63
261436,66,1900000.0,5000.0,22,178,74
261491,66,800000.0,2000.0,29,188,76
261756,66,1900000.0,2000.0,20,180,68
261865,66,1900000.0,15000.0,19,180,73
262053,66,2700000.0,12000.0,18,173,67
262091,66,1800000.0,9000.0,20,176,70
262140,66,1800000.0,4000.0,20,187,71
262255,66,1800000.0,2000.0,21,183,75
262299,66,1000000.0,2000.0,26,184,75
262335,66,1900000.0,3000.0,20,183,74
262416,66,1900000.0,2000.0,21,179,72
262436,66,900000.0,3000.0,27,178,72
262491,66,700000.0,3000.0,31,183,71
262500,66,1800000.0,2000.0,20,176,74
262504,66,1300000.0,2000.0,22,185,79
262562,66,1800000.0,500.0,23,184,78
262566,66,1800000.0,500.0,22,171,65
262985,66,1900000.0,2000.0,22,175,66
262986,66,1900000.0,1000.0,21,172,65
263029,66,1100000.0,2000.0,25,188,76
263056,66,1900000.0,500.0,22,174,65
263191,66,950000.0,3000.0,25,189,82
263232,66,975000.0,1000.0,24,198,90
263489,66,950000.0,6000.0,26,185,75
263529,66,1300000.0,1000.0,24,165,68
263566,66,1800000.0,2000.0,21,175,65
263578,66,2000000.0,1000.0,17,175,69
263609,66,850000.0,3000.0,29,178,77
263617,66,1900000.0,6000.0,20,180,72
263669,66,1900000.0,2000.0,19,185,70
263759,66,2200000.0,12000.0,19,179,70
263790,66,2100000.0,2000.0,21,178,78
263825,66,1900000.0,5000.0,19,180,71
264240,66,2100000.0,4000.0,16,173,68
264310,66,900000.0,500.0,27,166,57
264389,66,1200000.0,3000.0,23,203,71
264422,66,2200000.0,5000.0,18,176,70
264427,66,1900000.0,2000.0,21,174,76
53655,65,240000.0,1000.0,39,190,89
53739,65,80000.0,11000.0,38,193,83
110606,65,80000.0,500.0,39,188,94
116314,65,80000.0,7000.0,35,188,86
138830,65,130000.0,2000.0,37,183,86
140201,65,240000.0,2000.0,39,170,73
140422,65,190000.0,2000.0,35,180,74
146486,65,80000.0,1000.0,38,190,84
154860,65,230000.0,3000.0,36,173,70
155334,65,190000.0,1000.0,35,186,74
156259,65,230000.0,2000.0,34,183,82
156321,65,240000.0,2000.0,39,178,110
156464,65,190000.0,2000.0,35,191,82
156683,65,230000.0,1000.0,37,180,74
157734,65,120000.0,3000.0,34,195,88
158167,65,230000.0,2000.0,34,182,82
159080,65,325000.0,2000.0,34,170,68
160203,65,700000.0,500.0,25,191,90
160207,65,700000.0,500.0,29,172,71
160292,65,200000.0,2000.0,35,181,80
162052,65,80000.0,850.0,36,192,88
162407,65,190000.0,950.0,35,184,81
162471,65,300000.0,1000.0,35,183,73
163757,65,600000.0,4000.0,29,182,70
165908,65,140000.0,2000.0,36,181,79
167512,65,450000.0,3000.0,33,176,67
168990,65,140000.0,3000.0,38,183,83
169638,65,250000.0,4000.0,34,185,75
170362,65,230000.0,500.0,38,167,75
170472,65,500000.0,1000.0,32,182,75
171364,65,250000.0,2000.0,34,170,75
171971,65,325000.0,2000.0,34,183,82
172208,65,575000.0,3000.0,32,176,75
172619,65,300000.0,500.0,35,183,84
173815,65,350000.0,2000.0,33,193,89
173891,65,575000.0,2000.0,32,185,79
175316,65,375000.0,2000.0,33,170,67
175941,65,230000.0,1000.0,34,188,83
176246,65,700000.0,4000.0,30,170,64
176345,65,80000.0,1000.0,36,184,85
176368,65,220000.0,1000.0,35,179,72
177885,65,450000.0,4000.0,33,170,62
178297,65,375000.0,2000.0,33,180,70
178421,65,230000.0,1000.0,37,179,70
179636,65,525000.0,3000.0,31,170,67
181001,65,80000.0,1000.0,36,188,91
181013,65,230000.0,1000.0,37,175,79
181989,65,600000.0,2000.0,31,178,78
182094,65,230000.0,4000.0,34,183,76
183527,65,475000.0,3000.0,32,171,71
183596,65,80000.0,500.0,35,188,86
184142,65,140000.0,1000.0,37,182,80
184242,65,600000.0,2000.0,29,177,71
184514,65,200000.0,500.0,35,193,89
184585,65,230000.0,500.0,33,194,92
184614,65,575000.0,2000.0,32,196,80
184707,65,700000.0,4000.0,30,193,75
186385,65,475000.0,6000.0,32,175,75
186508,65,525000.0,1000.0,30,183,75
186541,65,475000.0,3000.0,32,182,75
186715,65,300000.0,2000.0,35,180,73
186876,65,475000.0,2000.0,32,190,70
186882,65,80000.0,1000.0,35,192,91
187069,65,625000.0,3000.0,29,170,68
187363,65,525000.0,3000.0,30,182,82
187782,65,475000.0,2000.0,32,175,68
188490,65,575000.0,3000.0,31,178,69
188917,65,625000.0,4000.0,29,183,77
188985,65,700000.0,1000.0,29,170,68
189163,65,600000.0,3000.0,31,170,72
189237,65,575000.0,4000.0,32,180,74
189391,65,230000.0,500.0,34,192,90
189836,65,525000.0,5000.0,31,175,70
190247,65,375000.0,2000.0,33,173,71
190457,65,700000.0,2000.0,29,185,84
190489,65,700000.0,2000.0,30,177,75
190555,65,500000.0,3000.0,32,178,66
190852,65,700000.0,3000.0,30,175,73
190883,65,375000.0,2000.0,33,175,68
191260,65,375000.0,8000.0,33,184,69
191532,65,500000.0,5000.0,31,186,80
191861,65,575000.0,4000.0,32,186,82
191915,65,500000.0,3000.0,31,192,88
192165,65,300000.0,1000.0,35,174,75
192250,65,500000.0,900.0,31,191,87
192328,65,700000.0,6000.0,30,172,69
192439,65,450000.0,2000.0,33,183,69
192450,65,700000.0,6000.0,30,185,80
192528,65,230000.0,3000.0,34,195,88
192792,65,80000.0,500.0,35,187,89
193059,65,230000.0,2000.0,34,180,76
193173,65,675000.0,5000.0,30,183,76
193206,65,700000.0,3000.0,29,181,80
193260,65,700000.0,4000.0,30,188,87
193358,65,275000.0,950.0,35,173,72
193958,65,625000.0,3000.0,30,183,79
194363,65,675000.0,1000.0,30,168,64
194759,65,600000.0,4000.0,29,191,78
195012,65,700000.0,2000.0,30,175,60
195020,65,675000.0,3000.0,30,177,82
195480,65,,,29,183,71
195905,65,130000.0,500.0,36,180,74
196339,65,575000.0,1000.0,31,182,76
196873,65,500000.0,500.0,31,181,88
196910,65,725000.0,500.0,29,187,81
196948,65,140000.0,1000.0,36,175,68
196953,65,650000.0,4000.0,29,193,83
197480,65,725000.0,2000.0,29,185,85
197716,65,600000.0,2000.0,31,188,78
197774,65,725000.0,6000.0,28,178,66
197907,65,700000.0,6000.0,30,174,73
198011,65,725000.0,5000.0,29,191,86
198071,65,650000.0,2000.0,28,176,70
198094,65,350000.0,2000.0,33,178,80
198195,65,700000.0,2000.0,30,193,91
198241,65,600000.0,800.0,31,183,77
198322,65,200000.0,2000.0,35,185,77
198335,65,525000.0,5000.0,31,172,70
198490,65,450000.0,2000.0,33,181,79
198624,65,625000.0,2000.0,28,183,69
198740,65,375000.0,3000.0,33,170,72
198839,65,250000.0,2000.0,34,174,70
198952,65,575000.0,2000.0,31,184,76
199049,65,575000.0,2000.0,30,192,85
199321,65,550000.0,3000.0,29,206,102
199470,65,700000.0,4000.0,29,181,77
199477,65,500000.0,2000.0,31,187,74
199566,65,625000.0,2000.0,30,174,69
199750,65,700000.0,4000.0,30,172,64
199774,65,450000.0,1000.0,33,177,68
199830,65,700000.0,500.0,29,190,70
199908,65,725000.0,3000.0,29,188,82
200210,65,700000.0,3000.0,29,182,78
200256,65,600000.0,750.0,30,184,77
200298,65,475000.0,2000.0,32,182,82
200346,65,725000.0,3000.0,28,189,89
200449,65,190000.0,2000.0,35,183,87
200502,65,375000.0,2000.0,31,186,72
200781,65,725000.0,3000.0,27,185,72
200844,65,625000.0,3000.0,30,180,72
200845,65,725000.0,1000.0,29,180,84
200895,65,700000.0,6000.0,29,182,72
201132,65,675000.0,2000.0,28,191,82
201901,65,725000.0,4000.0,28,178,74
201911,65,725000.0,2000.0,28,187,72
201958,65,675000.0,3000.0,28,188,88
202014,65,600000.0,1000.0,29,186,80
202073,65,625000.0,2000.0,28,185,84
202125,65,650000.0,6000.0,27,193,95
202164,65,600000.0,2000.0,29,183,73
202204,65,750000.0,2000.0,27,180,74
202259,65,725000.0,1000.0,28,186,80
202322,65,700000.0,1000.0,28,183,82
202517,65,725000.0,2000.0,29,191,78
202589,65,550000.0,500.0,32,184,79
202841,65,625000.0,2000.0,29,183,78
202916,65,925000.0,4000.0,26,174,68
202966,65,350000.0,3000.0,33,184,79
203043,65,700000.0,2000.0,30,181,79
203095,65,625000.0,1000.0,29,183,67
203138,65,725000.0,3000.0,28,178,74
203210,65,600000.0,5000.0,29,185,77
203215,65,600000.0,2000.0,28,183,72
203237,65,350000.0,1000.0,32,194,84
203249,65,775000.0,11000.0,26,165,64
203292,65,650000.0,3000.0,28,180,75
203331,65,725000.0,3000.0,28,178,72
203491,65,775000.0,4000.0,27,183,72
203528,65,700000.0,500.0,29,175,72
203569,65,600000.0,500.0,31,176,75
203809,65,625000.0,3000.0,28,185,88
203824,65,650000.0,9000.0,27,192,78
203850,65,575000.0,7000.0,30,183,79
203902,65,700000.0,950.0,29,169,60
204078,65,725000.0,2000.0,28,180,70
204095,65,625000.0,3000.0,30,175,65
204104,65,725000.0,2000.0,29,196,92
204131,65,825000.0,3000.0,27,179,76
204196,65,500000.0,4000.0,31,188,86
204219,65,650000.0,3000.0,27,187,80
204278,65,525000.0,2000.0,31,179,76
204333,65,500000.0,1000.0,31,184,78
204458,65,675000.0,2000.0,28,181,75
204468,65,700000.0,7000.0,29,186,73
204541,65,220000.0,500.0,35,187,94
204626,65,700000.0,1000.0,27,180,73
204701,65,750000.0,5000.0,27,173,65
204785,65,900000.0,3000.0,26,191,82
204790,65,600000.0,3000.0,30,176,74
204825,65,600000.0,5000.0,28,186,74
204860,65,725000.0,3000.0,29,186,78
204931,65,650000.0,1000.0,28,190,67
204992,65,725000.0,4000.0,29,176,69
205044,65,750000.0,2000.0,27,179,68
205072,65,625000.0,2000.0,28,185,74
205159,65,675000.0,3000.0,28,185,75
205202,65,600000.0,2000.0,29,186,80
205232,65,725000.0,3000.0,28,178,69
205447,65,625000.0,2000.0,29,178,76
205681,65,775000.0,4000.0,27,185,80
205929,65,725000.0,2000.0,28,180,75
205939,65,750000.0,4000.0,27,179,69
206031,65,775000.0,4000.0,27,186,79
206202,65,725000.0,4000.0,28,185,82
206263,65,775000.0,4000.0,27,186,76
206274,65,575000.0,3000.0,32,178,70
206524,65,775000.0,3000.0,26,180,70
206565,65,725000.0,2000.0,28,175,70
206631,65,700000.0,2000.0,29,173,68
207502,65,375000.0,1000.0,33,183,74
207811,65,550000.0,2000.0,32,175,62
207828,65,825000.0,3000.0,27,186,75
207925,65,625000.0,500.0,30,176,75
208030,65,500000.0,3000.0,31,193,84
208122,65,500000.0,2000.0,31,181,78
208309,65,725000.0,4000.0,27,184,77
208505,65,600000.0,2000.0,31,180,75
208573,65,875000.0,1000.0,25,187,81
208614,65,725000.0,2000.0,27,191,85
208626,65,725000.0,3000.0,28,181,70
208675,65,825000.0,2000.0,27,182,76
208739,65,700000.0,2000.0,29,175,70
208834,65,800000.0,2000.0,27,184,77
208878,65,725000.0,2000.0,28,185,80
208914,65,190000.0,6000.0,35,185,76
208965,65,600000.0,6000.0,29,185,70
208968,65,550000.0,7000.0,29,184,86
208992,65,625000.0,4000.0,29,180,72
209004,65,160000.0,500.0,38,175,74
209177,65,375000.0,7000.0,33,168,68
209223,65,500000.0,5000.0,32,166,68
209253,65,500000.0,3000.0,32,178,74
209256,65,725000.0,3000.0,27,193,83
209317,65,700000.0,5000.0,29,184,74
209323,65,775000.0,2000.0,27,189,86
209364,65,750000.0,2000.0,27,174,69
209475,65,750000.0,2000.0,27,181,83
209805,65,80000.0,500.0,42,180,80
210000,65,675000.0,3000.0,30,174,65
210011,65,775000.0,3000.0,27,173,67
210042,65,700000.0,3000.0,29,182,76
210182,65,575000.0,9000.0,30,185,71
210422,65,475000.0,1000.0,30,191,81
210437,65,900000.0,2000.0,25,185,79
210482,65,600000.0,4000.0,29,192,84
210494,65,825000.0,3000.0,27,180,73
210691,65,775000.0,1000.0,26,180,72
210715,65,725000.0,3000.0,25,186,73
210742,65,900000.0,2000.0,25,180,68
210792,65,700000.0,8000.0,30,176,71
210870,65,875000.0,2000.0,26,172,76
211053,65,775000.0,950.0,26,189,79
211067,65,825000.0,4000.0,26,190,81
211152,65,775000.0,9000.0,26,170,68
211362,65,1000000.0,4000.0,25,185,80
211435,65,825000.0,5000.0,27,188,80
211499,65,625000.0,1000.0,29,178,70
211581,65,750000.0,2000.0,27,188,86
211594,65,800000.0,2000.0,26,180,73
211793,65,725000.0,3000.0,28,195,85
211817,65,650000.0,2000.0,29,184,79
211850,65,700000.0,950.0,30,179,81
211935,65,700000.0,3000.0,30,180,72
211952,65,725000.0,3000.0,28,186,80
211953,65,375000.0,1000.0,31,185,83
212130,65,475000.0,2000.0,32,189,83
212338,65,625000.0,2000.0,28,183,75
212377,65,550000.0,11000.0,32,177,75
212418,65,600000.0,3000.0,30,191,75
212440,65,700000.0,2000.0,30,174,58
212481,65,825000.0,2000.0,27,190,83
212513,65,950000.0,4000.0,25,188,75
212693,65,750000.0,3000.0,27,190,85
212806,65,700000.0,600.0,30,188,82
212817,65,700000.0,3000.0,30,186,76
212915,65,550000.0,1000.0,29,189,88
212932,65,725000.0,4000.0,28,170,69
212971,65,600000.0,9000.0,30,169,70
212980,65,500000.0,3000.0,31,190,88
213090,65,625000.0,9000.0,28,177,72
213274,65,375000.0,3000.0,31,183,83
213281,65,625000.0,3000.0,28,170,63
213294,65,725000.0,4000.0,28,182,72
213368,65,725000.0,4000.0,27,185,85
213377,65,725000.0,8000.0,29,176,65
213626,65,80000.0,600.0,38,188,90
213646,65,700000.0,3000.0,27,196,98
213670,65,800000.0,1000.0,25,179,80
213695,65,1000000.0,2000.0,25,191,80
213801,65,925000.0,2000.0,26,170,70
213864,65,1000000.0,1000.0,25,183,75
213889,65,875000.0,3000.0,25,184,68
214192,65,475000.0,550.0,32,183,79
214354,65,700000.0,2000.0,29,180,75
214365,65,475000.0,500.0,32,183,79
214413,65,725000.0,1000.0,28,175,68
214818,65,575000.0,1000.0,32,185,82
214923,65,800000.0,9000.0,26,176,74
214924,65,900000.0,2000.0,24,185,70
214940,65,650000.0,4000.0,29,183,72
215028,65,550000.0,3000.0,32,167,68
215277,65,725000.0,2000.0,27,183,70
215373,65,925000.0,6000.0,26,183,66
215430,65,825000.0,1000.0,27,178,70
215495,65,800000.0,6000.0,27,187,82
215540,65,650000.0,2000.0,28,187,82
215684,65,625000.0,4000.0,30,171,75
215686,65,600000.0,3000.0,30,182,79
215693,65,80000.0,2000.0,37,190,85
215864,65,950000.0,4000.0,26,183,70
215940,65,575000.0,4000.0,30,188,85
215990,65,575000.0,4000.0,30,186,72
216227,65,825000.0,4000.0,27,181,73
216237,65,500000.0,5000.0,31,178,76
216255,65,850000.0,13000.0,26,178,76
216269,65,625000.0,2000.0,30,180,75
216346,65,775000.0,2000.0,26,182,75
216394,65,750000.0,6000.0,27,166,68
216467,65,850000.0,5000.0,26,165,60
216493,65,700000.0,1000.0,27,187,79
216823,65,850000.0,2000.0,26,196,88
217088,65,240000.0,500.0,39,185,80
217093,65,450000.0,500.0,33,173,71
217098,65,725000.0,500.0,28,165,70
217606,65,750000.0,2000.0,27,168,68
217653,65,350000.0,1000.0,33,182,75
218054,65,850000.0,3000.0,26,177,76
218738,65,700000.0,4000.0,30,187,74
218848,65,700000.0,500.0,30,173,70
219275,65,600000.0,1000.0,29,187,76
219467,65,825000.0,3000.0,25,180,68
219471,65,350000.0,2000.0,33,191,76
219566,65,950000.0,2000.0,26,187,90
219625,65,850000.0,3000.0,26,182,81
219627,65,1100000.0,2000.0,24,172,65
219661,65,825000.0,4000.0,26,184,78
219684,65,775000.0,4000.0,26,175,71
219694,65,750000.0,1000.0,27,188,80
219700,65,825000.0,3000.0,27,186,83
219948,65,950000.0,2000.0,25,178,63
220089,65,600000.0,4000.0,29,188,79
220184,65,900000.0,2000.0,25,171,61
220187,65,1000000.0,4000.0,25,169,64
220191,65,800000.0,4000.0,27,193,91
220357,65,625000.0,8000.0,28,178,80
220544,65,750000.0,500.0,27,175,62
220545,65,700000.0,500.0,30,178,70
220573,65,725000.0,1000.0,28,170,65
220581,65,950000.0,2000.0,25,183,75
220635,65,1000000.0,4000.0,25,173,62
220650,65,850000.0,950.0,26,188,86
220669,65,1100000.0,4000.0,25,178,74
220851,65,725000.0,4000.0,27,177,70
220872,65,1100000.0,2000.0,24,173,70
220908,65,975000.0,2000.0,24,174,82
220943,65,725000.0,4000.0,28,183,78
220997,65,850000.0,2000.0,26,177,72
221279,65,950000.0,3000.0,25,163,74
221322,65,950000.0,3000.0,25,191,80
221358,65,1000000.0,2000.0,24,178,64
221383,65,825000.0,2000.0,27,172,68
221394,65,850000.0,6000.0,26,178,76
221538,65,900000.0,2000.0,25,185,84
221539,65,825000.0,3000.0,27,181,82
221633,65,1100000.0,3000.0,24,187,80
221652,65,650000.0,3000.0,29,186,67
221680,65,625000.0,2000.0,28,185,87
221692,65,1100000.0,2000.0,24,183,72
221696,65,675000.0,2000.0,30,175,77
221709,65,775000.0,2000.0,25,173,71
221711,65,625000.0,2000.0,29,178,72
221768,65,500000.0,3000.0,31,187,80
221812,65,650000.0,8000.0,28,179,66
221819,65,600000.0,4000.0,31,180,73
221846,65,650000.0,5000.0,28,179,71
221847,65,675000.0,6000.0,30,182,73
221906,65,825000.0,2000.0,26,188,83
221926,65,825000.0,7000.0,27,173,63
221964,65,525000.0,2000.0,30,186,84
221972,65,650000.0,3000.0,29,191,87
221985,65,675000.0,3000.0,28,190,83
222024,65,675000.0,3000.0,25,192,82
222122,65,600000.0,2000.0,29,175,78
222168,65,1100000.0,2000.0,25,186,82
222206,65,825000.0,2000.0,27,171,68
222222,65,750000.0,2000.0,27,179,74
222299,65,525000.0,5000.0,31,173,60
222378,65,850000.0,3000.0,26,181,82
222420,65,875000.0,4000.0,26,178,73
222438,65,500000.0,4000.0,28,187,72
222519,65,500000.0,1000.0,32,182,75
222611,65,1000000.0,4000.0,25,171,67
222622,65,575000.0,3000.0,32,180,75
222660,65,900000.0,2000.0,25,183,80
222691,65,600000.0,2000.0,31,175,71
222820,65,750000.0,1000.0,27,187,78
222870,65,1000000.0,3000.0,24,175,72
222937,65,1000000.0,3000.0,24,175,75
223082,65,650000.0,6000.0,27,195,81
223104,65,725000.0,8000.0,28,179,70
223125,65,750000.0,3000.0,27,194,85
223427,65,775000.0,5000.0,27,184,76
223537,65,725000.0,7000.0,28,194,89
223638,65,875000.0,2000.0,26,189,81
223679,65,725000.0,2000.0,27,186,77
223755,65,875000.0,2000.0,26,173,72
223823,65,925000.0,800.0,24,186,86
223855,65,240000.0,500.0,34,180,74
223899,65,725000.0,2000.0,28,183,80
223907,65,800000.0,1000.0,26,185,80
223967,65,1600000.0,3000.0,23,180,82
223968,65,375000.0,3000.0,31,186,80
223997,65,450000.0,3000.0,33,180,77
224017,65,900000.0,3000.0,25,187,77
224095,65,925000.0,3000.0,26,182,75
224115,65,750000.0,2000.0,27,179,77
224286,65,160000.0,900.0,37,183,77
224361,65,1000000.0,4000.0,25,176,74
224375,65,750000.0,500.0,27,185,80
224391,65,475000.0,1000.0,32,186,82
224420,65,700000.0,4000.0,29,179,68
224475,65,475000.0,2000.0,30,187,81
224487,65,900000.0,2000.0,25,174,68
224542,65,500000.0,4000.0,31,179,78
224556,65,500000.0,2000.0,32,176,73
224558,65,625000.0,6000.0,28,185,83
224608,65,500000.0,6000.0,31,183,82
224611,65,575000.0,7000.0,32,185,71
224624,65,700000.0,6000.0,27,182,69
224633,65,725000.0,6000.0,28,183,80
224734,65,950000.0,9000.0,25,188,80
224770,65,950000.0,3000.0,25,175,66
224854,65,850000.0,15000.0,26,189,81
224864,65,725000.0,4000.0,28,171,75
224973,65,950000.0,2000.0,25,183,75
224983,65,700000.0,500.0,29,180,74
225087,65,975000.0,7000.0,25,174,70
225125,65,1000000.0,4000.0,24,179,71
225134,65,1400000.0,2000.0,23,191,70
225266,65,1400000.0,2000.0,23,180,68
225342,65,925000.0,2000.0,23,188,77
225355,65,950000.0,600.0,26,177,74
225511,65,825000.0,4000.0,25,186,74
225519,65,1100000.0,5000.0,25,183,78
225531,65,950000.0,2000.0,25,188,74
225532,65,950000.0,2000.0,25,185,70
225625,65,975000.0,3000.0,25,180,70
225685,65,850000.0,1000.0,26,174,68
225708,65,500000.0,500.0,31,181,70
225731,65,700000.0,1000.0,29,196,75
225757,65,850000.0,3000.0,26,185,70
225799,65,825000.0,1000.0,27,176,71
225875,65,650000.0,1000.0,28,178,76
225983,65,80000.0,500.0,35,183,79
225998,65,950000.0,2000.0,25,175,70
226044,65,850000.0,500.0,26,169,65
226122,65,950000.0,2000.0,26,191,78
226216,65,825000.0,800.0,27,189,77
226265,65,1400000.0,2000.0,24,173,70
226438,65,950000.0,2000.0,24,183,75
226510,65,1300000.0,3000.0,25,185,76
226524,65,1200000.0,2000.0,22,193,86
226628,65,575000.0,850.0,30,199,99
226679,65,950000.0,5000.0,25,178,67
226781,65,725000.0,3000.0,28,191,82
226815,65,650000.0,2000.0,28,178,68
227150,65,750000.0,3000.0,27,187,81
227443,65,325000.0,3000.0,34,183,71
227520,65,825000.0,3000.0,26,190,85
227686,65,850000.0,4000.0,26,175,71
227810,65,575000.0,1000.0,31,175,72
227866,65,700000.0,1000.0,30,185,90
227894,65,775000.0,700.0,26,180,70
227961,65,950000.0,3000.0,23,170,68
228058,65,825000.0,2000.0,26,191,83
228130,65,230000.0,1000.0,33,192,79
228230,65,325000.0,500.0,34,180,75
228366,65,800000.0,3000.0,25,188,70
228408,65,1600000.0,15000.0,23,170,70
228508,65,725000.0,3000.0,28,181,78
228624,65,725000.0,9000.0,27,181,68
228646,65,1600000.0,4000.0,23,177,70
228707,65,1500000.0,2000.0,23,180,76
228715,65,875000.0,2000.0,24,185,79
228751,65,1400000.0,1000.0,23,178,68
228757,65,900000.0,1000.0,25,183,79
228763,65,1100000.0,11000.0,24,182,80
228863,65,1000000.0,2000.0,22,173,69
228869,65,1400000.0,9000.0,24,176,73
228887,65,575000.0,700.0,30,195,88
229065,65,750000.0,3000.0,27,191,85
229073,65,875000.0,3000.0,25,174,68
229154,65,775000.0,2000.0,27,185,73
229171,65,775000.0,2000.0,26,180,71
229259,65,500000.0,3000.0,31,189,86
229367,65,1100000.0,2000.0,23,185,91
229378,65,1500000.0,8000.0,23,172,75
229409,65,600000.0,2000.0,31,170,62
229416,65,250000.0,2000.0,34,186,75
229498,65,1400000.0,1000.0,24,182,76
229507,65,500000.0,3000.0,31,191,81
229508,65,875000.0,5000.0,26,182,77
229557,65,875000.0,600.0,25,168,63
229620,65,750000.0,2000.0,27,176,74
229646,65,600000.0,2000.0,29,191,89
229703,65,800000.0,4000.0,27,189,81
229704,65,725000.0,1000.0,26,183,76
229733,65,775000.0,5000.0,26,195,92
229742,65,1500000.0,4000.0,24,185,78
229753,65,1500000.0,3000.0,24,188,80
229815,65,650000.0,5000.0,29,187,83
229849,65,1000000.0,2000.0,25,173,63
229878,65,1100000.0,3000.0,23,174,77
230118,65,850000.0,1000.0,25,173,68
230214,65,700000.0,6000.0,25,182,75
230306,65,475000.0,2000.0,32,185,77
230455,65,850000.0,4000.0,21,187,77
230458,65,600000.0,4000.0,29,186,80
230471,65,800000.0,4000.0,25,180,73
230509,65,725000.0,5000.0,29,176,72
230511,65,450000.0,7000.0,33,177,72
230607,65,775000.0,1000.0,26,178,72
230676,65,1300000.0,10000.0,25,190,76
230819,65,1100000.0,5000.0,23,176,70
230836,65,1400000.0,2000.0,23,180,70
230888,65,1400000.0,3000.0,22,178,70
231090,65,700000.0,500.0,30,180,76
231107,65,1000000.0,3000.0,23,189,75
231109,65,1300000.0,2000.0,25,188,86
231199,65,1000000.0,3000.0,23,191,81
231222,65,925000.0,3000.0,26,185,74
231241,65,1600000.0,1000.0,21,172,66
231258,65,1400000.0,2000.0,24,185,77
231307,65,1000000.0,3000.0,23,175,75
231322,65,1100000.0,3000.0,23,178,70
231402,65,1400000.0,3000.0,23,174,64
231455,65,1500000.0,1000.0,23,171,67
231500,65,750000.0,2000.0,27,180,75
231514,65,725000.0,3000.0,28,174,71
231550,65,600000.0,500.0,31,180,70
231575,65,950000.0,500.0,25,175,69
231597,65,950000.0,500.0,25,176,72
231650,65,1500000.0,5000.0,23,183,76
231678,65,925000.0,750.0,24,185,80
231713,65,1000000.0,550.0,25,170,62
231720,65,875000.0,1000.0,23,194,90
231728,65,575000.0,3000.0,32,182,76
231885,65,375000.0,2000.0,33,178,78
231897,65,825000.0,800.0,26,180,76
231947,65,1600000.0,3000.0,22,193,85
231948,65,775000.0,4000.0,26,185,77
232076,65,600000.0,500.0,31,181,78
232194,65,975000.0,1000.0,25,177,60
232203,65,1400000.0,1000.0,23,185,81
232308,65,725000.0,2000.0,28,184,77
232343,65,550000.0,4000.0,32,170,68
232372,65,700000.0,1000.0,29,175,73
232379,65,240000.0,1000.0,36,173,64
232397,65,250000.0,500.0,34,179,75
232412,65,1000000.0,5000.0,25,178,76
232424,65,975000.0,2000.0,24,185,78
232465,65,200000.0,1000.0,35,169,64
232518,65,875000.0,3000.0,25,185,78
232519,65,1600000.0,10000.0,21,176,68
232520,65,1400000.0,2000.0,23,181,72
232540,65,750000.0,1000.0,27,171,68
232550,65,475000.0,2000.0,32,189,85
232614,65,725000.0,2000.0,29,186,84
232617,65,575000.0,3000.0,32,169,67
232657,65,300000.0,500.0,35,182,79
232668,65,1300000.0,2000.0,25,182,77
232697,65,625000.0,4000.0,30,172,65
232741,65,575000.0,1000.0,32,167,64
232748,65,525000.0,1000.0,31,169,66
232790,65,80000.0,1000.0,35,181,75
232843,65,1100000.0,2000.0,24,172,70
232872,65,950000.0,2000.0,25,182,79
232874,65,160000.0,950.0,36,180,69
232897,65,975000.0,3000.0,24,177,66
232908,65,675000.0,1000.0,30,173,68
232928,65,775000.0,2000.0,27,174,67
232966,65,300000.0,1000.0,35,183,77
233018,65,1100000.0,2000.0,24,171,65
233043,65,475000.0,500.0,32,181,82
233047,65,1500000.0,5000.0,21,180,81
233121,65,1000000.0,2000.0,23,177,79
233173,65,700000.0,1000.0,29,171,66
233227,65,950000.0,500.0,25,175,67
233254,65,725000.0,2000.0,29,174,70
233369,65,850000.0,3000.0,26,170,73
233378,65,1100000.0,5000.0,23,183,73
233514,65,1300000.0,2000.0,23,184,80
233581,65,775000.0,2000.0,27,174,72
233655,65,1400000.0,4000.0,23,181,68
233735,65,1100000.0,3000.0,24,181,75
233878,65,1000000.0,2000.0,25,178,72
234163,65,1100000.0,1000.0,24,176,70
234167,65,1000000.0,3000.0,23,185,76
234281,65,700000.0,2000.0,29,175,70
234290,65,1500000.0,8000.0,23,196,78
234291,65,1500000.0,1000.0,23,186,80
234293,65,450000.0,500.0,33,167,69
234294,65,1600000.0,500.0,23,178,72
234296,65,1600000.0,2000.0,21,171,67
234358,65,1000000.0,2000.0,23,178,69
234372,65,500000.0,500.0,31,173,70
234382,65,925000.0,1000.0,25,180,68
234418,65,750000.0,5000.0,27,180,80
234501,65,1500000.0,2000.0,22,189,77
234513,65,500000.0,2000.0,31,188,78
234521,65,1400000.0,1000.0,24,190,85
234636,65,775000.0,5000.0,27,189,76
234650,65,625000.0,2000.0,30,174,75
234651,65,700000.0,2000.0,27,178,72
234669,65,1400000.0,2000.0,24,195,91
234726,65,1600000.0,5000.0,23,180,69
234784,65,750000.0,2000.0,27,174,66
234799,65,1300000.0,2000.0,25,180,68
234816,65,475000.0,3000.0,32,186,79
234836,65,1100000.0,3000.0,23,180,75
234846,65,875000.0,950.0,25,190,82
235005,65,775000.0,3000.0,26,186,79
235014,65,1100000.0,2000.0,23,173,70
235018,65,925000.0,4000.0,23,197,87
235049,65,975000.0,4000.0,25,172,63
235059,65,1600000.0,9000.0,22,168,66
235108,65,900000.0,5000.0,25,175,71
235141,65,925000.0,2000.0,22,192,84
235267,65,1500000.0,7000.0,22,187,66
235303,65,1000000.0,2000.0,22,188,67
235347,65,1400000.0,1000.0,23,185,70
235442,65,1300000.0,500.0,23,185,77
235520,65,1600000.0,3000.0,22,185,70
235572,65,1300000.0,1000.0,22,196,73
235590,65,825000.0,2000.0,25,192,79
235633,65,1500000.0,3000.0,21,184,74
235807,65,1500000.0,2000.0,21,183,72
235820,65,800000.0,5000.0,24,187,75
235860,65,,,22,196,85
235906,65,1600000.0,2000.0,22,192,78
235949,65,1100000.0,1000.0,24,168,65
235995,65,1500000.0,4000.0,22,184,74
236010,65,1600000.0,3000.0,22,185,72
236028,65,1400000.0,4000.0,24,182,75
236174,65,700000.0,4000.0,29,182,75
236248,65,1600000.0,15000.0,21,174,72
236270,65,700000.0,500.0,28,179,75
236279,65,950000.0,2000.0,25,191,82
236281,65,850000.0,4000.0,26,174,76
236315,65,1500000.0,3000.0,23,188,70
236551,65,1500000.0,2000.0,21,180,75
236615,65,1500000.0,4000.0,22,180,75
236627,65,1600000.0,4000.0,22,182,67
236629,65,1000000.0,5000.0,24,183,78
236637,65,1600000.0,2000.0,22,180,75
236667,65,850000.0,4000.0,26,169,70
236750,65,950000.0,2000.0,25,178,67
236783,65,1600000.0,2000.0,21,178,69
236831,65,950000.0,4000.0,25,199,90
236875,65,1500000.0,5000.0,21,188,80
236890,65,1600000.0,2000.0,22,175,75
236903,65,750000.0,2000.0,27,175,72
236923,65,1400000.0,2000.0,21,176,68
236940,65,1400000.0,7000.0,24,185,75
236989,65,550000.0,2000.0,29,185,88
237023,65,775000.0,2000.0,27,175,69
237116,65,1300000.0,2000.0,25,188,84
237169,65,875000.0,3000.0,25,178,72
237217,65,775000.0,2000.0,26,178,77
237226,65,750000.0,2000.0,27,183,74
237310,65,1000000.0,3000.0,24,181,71
237332,65,775000.0,3000.0,27,176,72
237335,65,1600000.0,13000.0,23,179,71
237347,65,1100000.0,2000.0,23,170,68
237368,65,1000000.0,2000.0,23,189,78
237371,65,1400000.0,2000.0,23,179,65
237385,65,875000.0,2000.0,26,180,73
237393,65,1600000.0,2000.0,22,172,66
237420,65,1400000.0,4000.0,22,180,82
237535,65,1400000.0,3000.0,22,180,70
237575,65,1500000.0,2000.0,21,193,87
237592,65,775000.0,3000.0,26,180,79
237695,65,825000.0,8000.0,26,193,74
237718,65,1100000.0,2000.0,23,178,64
237721,65,1300000.0,7000.0,24,175,66
237757,65,1300000.0,1000.0,23,191,81
237794,65,1100000.0,1000.0,23,174,66
237799,65,725000.0,4000.0,28,187,79
237809,65,1100000.0,3000.0,22,175,75
237867,65,1000000.0,2000.0,24,183,73
237913,65,775000.0,1000.0,26,180,75
237964,65,700000.0,2000.0,26,185,73
237988,65,1000000.0,1000.0,22,180,74
238043,65,850000.0,9000.0,26,174,70
238186,65,1400000.0,8000.0,21,199,90
238235,65,1600000.0,1000.0,21,174,72
238263,65,1300000.0,1000.0,24,190,83
238329,65,1100000.0,3000.0,23,186,75
238345,65,1500000.0,3000.0,22,181,70
238450,65,750000.0,3000.0,27,196,89
238519,65,950000.0,7000.0,24,178,77
238784,65,925000.0,2000.0,24,184,81
238793,65,925000.0,3000.0,24,182,76
238925,65,625000.0,2000.0,30,178,72
238938,65,725000.0,2000.0,29,181,82
238963,65,1000000.0,1000.0,24,193,81
239119,65,650000.0,3000.0,28,178,73
239125,65,1600000.0,1000.0,21,180,70
239210,65,925000.0,2000.0,24,186,80
239259,65,1500000.0,6000.0,21,187,91
239316,65,600000.0,2000.0,29,180,75
239353,65,1400000.0,2000.0,22,177,74
239365,65,1000000.0,3000.0,23,188,85
239492,65,800000.0,2000.0,26,180,70
239523,65,825000.0,2000.0,26,192,90
239568,65,650000.0,500.0,27,189,80
239606,65,950000.0,2000.0,24,175,70
239627,65,825000.0,1000.0,27,183,80
239690,65,1300000.0,1000.0,23,182,78
239721,65,725000.0,2000.0,28,187,79
239739,65,1100000.0,5000.0,23,180,71
239740,65,1500000.0,4000.0,22,166,62
239892,65,1600000.0,9000.0,20,173,65
239928,65,825000.0,1000.0,26,188,80
239952,65,,,25,190,75
239981,65,1600000.0,12000.0,21,184,78
239999,65,800000.0,1000.0,24,189,76
240067,65,725000.0,2000.0,28,173,68
240068,65,800000.0,6000.0,25,174,68
240119,65,1600000.0,4000.0,23,174,61
240212,65,650000.0,5000.0,28,197,90
240312,65,875000.0,2000.0,26,184,79
240319,65,1600000.0,6000.0,22,183,74
240331,65,1100000.0,3000.0,24,185,73
240363,65,850000.0,3000.0,26,177,67
240446,65,600000.0,3000.0,29,189,75
240448,65,1700000.0,2000.0,22,172,68
240451,65,1500000.0,3000.0,22,174,64
240500,65,1000000.0,3000.0,22,193,75
240511,65,1500000.0,3000.0,22,178,67
240528,65,1400000.0,1000.0,21,183,68
240563,65,1600000.0,2000.0,20,175,71
240585,65,1500000.0,8000.0,22,178,75
240595,65,1400000.0,7000.0,23,186,72
240603,65,1000000.0,2000.0,22,175,68
240728,65,1000000.0,3000.0,22,191,79
240912,65,1500000.0,2000.0,22,181,78
240941,65,1600000.0,11000.0,20,179,66
240974,65,1600000.0,3000.0,22,174,63
241007,65,1500000.0,5000.0,22,185,75
241034,65,1500000.0,2000.0,22,175,72
241040,65,1500000.0,2000.0,21,183,76
241044,65,1500000.0,3000.0,24,190,78
241058,65,750000.0,2000.0,27,178,70
241076,65,1200000.0,5000.0,22,193,83
241139,65,800000.0,1000.0,27,189,75
241190,65,1400000.0,2000.0,23,184,80
241206,65,725000.0,2000.0,26,191,86
241269,65,1100000.0,3000.0,22,184,79
241436,65,1700000.0,8000.0,21,185,76
241479,65,1500000.0,4000.0,22,178,69
241485,65,1600000.0,5000.0,23,175,68
241540,65,1100000.0,2000.0,24,178,73
241587,65,1500000.0,4000.0,24,170,70
241659,65,1400000.0,4000.0,23,182,78
241741,65,1000000.0,2000.0,23,175,66
241884,65,1500000.0,2000.0,22,182,75
241890,65,1400000.0,4000.0,23,181,73
241924,65,1000000.0,2000.0,24,189,78
241938,65,1500000.0,7000.0,22,178,68
241946,65,1500000.0,1000.0,21,188,84
241973,65,1100000.0,2000.0,24,193,80
242023,65,1000000.0,500.0,24,166,62
242068,65,1400000.0,4000.0,21,196,88
242073,65,1700000.0,2000.0,20,193,87
242090,65,1600000.0,2000.0,22,186,79
242092,65,850000.0,2000.0,25,174,70
242279,65,1500000.0,2000.0,23,180,71
242289,65,1400000.0,8000.0,23,198,86
242362,65,900000.0,3000.0,25,185,80
242369,65,1700000.0,2000.0,20,173,65
242386,65,1500000.0,4000.0,21,191,82
242500,65,475000.0,3000.0,32,188,83
242512,65,1300000.0,1000.0,21,185,83
242513,65,700000.0,3000.0,29,182,73
242528,65,1600000.0,4000.0,21,174,68
242568,65,1300000.0,1000.0,22,169,65
242612,65,1800000.0,2000.0,21,171,68
242623,65,1500000.0,1000.0,22,185,75
242640,65,1600000.0,1000.0,21,178,73
242643,65,1300000.0,2000.0,23,185,83
242648,65,975000.0,2000.0,24,178,70
242686,65,1000000.0,2000.0,24,181,72
242722,65,1300000.0,2000.0,24,184,80
242744,65,1700000.0,3000.0,21,181,77
242751,65,1500000.0,7000.0,21,188,67
242800,65,1500000.0,6000.0,21,181,71
242840,65,900000.0,1000.0,25,191,81
242841,65,1700000.0,2000.0,20,175,63
242856,65,1700000.0,1000.0,19,173,68
242914,65,1600000.0,5000.0,20,180,75
242915,65,600000.0,2000.0,31,183,78
242919,65,1500000.0,3000.0,21,188,80
243009,65,,,23,187,86
243041,65,1600000.0,1000.0,21,180,70
243044,65,1700000.0,8000.0,21,175,80
243080,65,1500000.0,5000.0,23,184,74
243155,65,1500000.0,2000.0,22,183,70
243180,65,1600000.0,2000.0,22,183,74
243241,65,1500000.0,8000.0,22,194,80
243252,65,1500000.0,1000.0,21,188,80
243254,65,1500000.0,1000.0,22,180,74
243276,65,1500000.0,3000.0,22,175,70
243353,65,1600000.0,4000.0,19,163,61
243354,65,1400000.0,6000.0,23,185,76
243364,65,725000.0,2000.0,28,176,70
243398,65,625000.0,3000.0,29,181,81
243431,65,1500000.0,5000.0,23,191,86
243456,65,1000000.0,2000.0,25,178,77
243459,65,950000.0,2000.0,25,188,84
243523,65,500000.0,3000.0,31,182,78
243572,65,1400000.0,3000.0,24,184,75
243604,65,1800000.0,4000.0,21,177,72
243622,65,475000.0,2000.0,32,193,88
243650,65,1600000.0,2000.0,22,188,82
243698,65,1500000.0,2000.0,22,184,78
243702,65,1600000.0,5000.0,20,184,71
243721,65,1400000.0,900.0,23,175,70
243773,65,1500000.0,5000.0,21,174,65
243807,65,875000.0,2000.0,26,170,70
243963,65,1100000.0,2000.0,22,181,73
244020,65,875000.0,2000.0,25,193,79
244024,65,1700000.0,11000.0,20,178,67
244028,65,1500000.0,950.0,22,193,89
244097,65,1100000.0,6000.0,24,197,89
244114,65,1700000.0,4000.0,21,191,82
244133,65,925000.0,1000.0,25,184,78
244162,65,450000.0,3000.0,33,185,72
244194,65,725000.0,2000.0,28,187,85
244201,65,1600000.0,3000.0,21,177,75
244235,65,1600000.0,4000.0,22,169,72
244277,65,1500000.0,6000.0,21,192,75
244284,65,1000000.0,5000.0,22,188,86
244348,65,975000.0,10000.0,25,176,67
244398,65,975000.0,2000.0,25,170,75
244421,65,925000.0,1000.0,23,202,90
244435,65,1000000.0,2000.0,24,176,70
244438,65,1400000.0,6000.0,23,178,73
244460,65,950000.0,2000.0,25,177,75
244489,65,1000000.0,1000.0,24,188,85
244509,65,1600000.0,8000.0,21,177,77
244521,65,750000.0,3000.0,27,180,73
244537,65,1100000.0,3000.0,24,188,86
244538,65,675000.0,3000.0,28,183,77
244626,65,1600000.0,3000.0,21,172,68
244655,65,950000.0,8000.0,25,175,67
244676,65,1500000.0,1000.0,20,187,87
244703,65,600000.0,4000.0,29,179,75
244743,65,1400000.0,5000.0,24,172,63
244755,65,775000.0,2000.0,26,190,84
244757,65,1700000.0,3000.0,21,175,72
244798,65,1000000.0,1000.0,24,182,79
244801,65,725000.0,2000.0,28,187,80
244810,65,1400000.0,3000.0,21,195,84
244837,65,1100000.0,1000.0,24,173,65
244919,65,1700000.0,3000.0,21,190,78
244921,65,1600000.0,5000.0,22,178,75
244945,65,1300000.0,4000.0,25,188,87
244946,65,900000.0,500.0,26,177,70
245023,65,1600000.0,4000.0,22,189,71
245035,65,1600000.0,7000.0,20,180,70
245061,65,1600000.0,4000.0,21,182,72
245351,65,1400000.0,3000.0,22,175,76
245364,65,1600000.0,2000.0,22,175,64
245400,65,1000000.0,3000.0,24,184,80
245566,65,1500000.0,4000.0,22,186,78
245637,65,1700000.0,5000.0,19,182,83
245653,65,1100000.0,650.0,25,184,80
245691,65,1600000.0,2000.0,20,172,66
245719,65,1000000.0,1000.0,23,189,86
245758,65,1600000.0,6000.0,22,181,84
245770,65,1600000.0,4000.0,21,185,79
245865,65,1500000.0,2000.0,19,191,84
245997,65,1600000.0,5000.0,23,182,72
246005,65,1600000.0,2000.0,20,180,78
246047,65,1800000.0,1000.0,20,183,72
246112,65,1800000.0,2000.0,21,171,67
246175,65,1600000.0,3000.0,21,188,81
246190,65,1800000.0,9000.0,21,187,79
246230,65,1600000.0,2000.0,21,185,75
246231,65,1700000.0,2000.0,20,170,60
246265,65,600000.0,3000.0,29,174,74
246289,65,1600000.0,9000.0,20,171,67
246324,65,650000.0,2000.0,28,172,67
246341,65,700000.0,1000.0,27,177,70
246407,65,775000.0,500.0,25,174,65
246415,65,1500000.0,2000.0,21,187,78
246434,65,1500000.0,1000.0,22,182,78
246547,65,1500000.0,4000.0,22,180,72
246548,65,1700000.0,1000.0,20,164,53
246563,65,1500000.0,4000.0,23,184,79
246683,65,1700000.0,11000.0,19,185,72
246691,65,575000.0,1000.0,30,179,70
246763,65,1600000.0,8000.0,19,183,72
246834,65,950000.0,3000.0,25,170,66
246909,65,1500000.0,3000.0,21,165,60
246910,65,1800000.0,3000.0,21,175,71
247014,65,1700000.0,1000.0,21,189,82
247061,65,700000.0,500.0,29,175,72
247122,65,1700000.0,500.0,20,185,71
247187,65,1600000.0,7000.0,22,190,88
247216,65,1000000.0,1000.0,24,168,65
247249,65,1600000.0,6000.0,21,185,74
247268,65,1500000.0,2000.0,20,180,69
247320,65,1500000.0,1000.0,22,179,72
247351,65,1800000.0,10000.0,19,175,69
247411,65,1500000.0,13000.0,21,188,87
247414,65,625000.0,3000.0,29,175,68
247509,65,1600000.0,1000.0,20,178,82
247519,65,1700000.0,4000.0,20,171,64
247582,65,1600000.0,2000.0,20,165,66
247601,65,1800000.0,13000.0,20,195,76
247721,65,1600000.0,9000.0,21,177,75
247758,65,1600000.0,1000.0,21,175,66
247883,65,525000.0,500.0,31,180,68
247904,65,475000.0,2000.0,32,188,83
247910,65,600000.0,2000.0,29,177,74
247911,65,950000.0,4000.0,25,177,75
247963,65,230000.0,3000.0,34,191,86
247976,65,875000.0,2000.0,25,187,79
248000,65,650000.0,2000.0,27,182,82
248007,65,375000.0,3000.0,33,174,74
248023,65,600000.0,2000.0,30,184,81
248035,65,850000.0,3000.0,25,180,77
248040,65,,,25,183,76
248056,65,625000.0,2000.0,29,174,79
248071,65,475000.0,3000.0,30,181,76
248097,65,700000.0,2000.0,27,185,78
248099,65,750000.0,2000.0,27,175,68
248112,65,875000.0,4000.0,26,180,73
248213,65,1500000.0,10000.0,23,185,75
248245,65,1000000.0,1000.0,24,184,70
248351,65,1600000.0,2000.0,21,173,65
248434,65,925000.0,1000.0,24,186,81
248507,65,1700000.0,2000.0,19,184,74
248588,65,1800000.0,3000.0,21,182,70
248765,65,1600000.0,2000.0,21,182,72
248810,65,950000.0,3000.0,24,181,67
248860,65,375000.0,500.0,31,187,75
248861,65,525000.0,500.0,31,175,66
250882,65,1100000.0,2000.0,24,170,63
250893,65,1100000.0,3000.0,24,180,67
250976,65,1500000.0,3000.0,22,183,82
251032,65,650000.0,2000.0,28,181,73
251041,65,500000.0,2000.0,32,175,70
251068,65,650000.0,3000.0,28,176,72
251076,65,1400000.0,4000.0,22,186,77
251086,65,625000.0,2000.0,29,178,70
251189,65,1500000.0,3000.0,22,178,77
251198,65,1700000.0,14000.0,20,183,73
251223,65,1700000.0,1000.0,18,185,77
251281,65,1000000.0,1000.0,24,185,72
251288,65,1000000.0,4000.0,22,193,91
251289,65,1500000.0,3000.0,21,186,80
251291,65,1100000.0,4000.0,24,188,77
251336,65,1000000.0,4000.0,23,188,88
251356,65,925000.0,3000.0,24,189,82
251399,65,825000.0,500.0,27,186,80
251446,65,1300000.0,500.0,22,186,78
251456,65,1500000.0,2000.0,21,191,77
251486,65,925000.0,2000.0,26,187,79
251497,65,1500000.0,5000.0,20,187,87
251558,65,1400000.0,2000.0,23,172,74
251565,65,1800000.0,2000.0,21,179,65
251572,65,1100000.0,6000.0,22,175,65
251633,65,1800000.0,2000.0,21,172,64
251635,65,525000.0,3000.0,31,179,74
251669,65,1400000.0,4000.0,23,184,71
251686,65,1500000.0,3000.0,20,180,74
251762,65,1600000.0,5000.0,22,183,70
251770,65,1700000.0,3000.0,20,178,67
251846,65,975000.0,2000.0,22,178,77
251880,65,1700000.0,2000.0,18,185,70
251913,65,1500000.0,2000.0,22,180,69
251974,65,1600000.0,4000.0,21,186,82
252008,65,1700000.0,2000.0,21,179,75
252030,65,1500000.0,2000.0,22,186,79
252073,65,1800000.0,4000.0,21,189,78
252183,65,1500000.0,1000.0,22,180,72
252192,65,1600000.0,2000.0,19,184,77
252325,65,1700000.0,2000.0,20,176,74
252326,65,1800000.0,3000.0,21,173,68
252358,65,700000.0,2000.0,29,172,63
252490,65,1100000.0,3000.0,22,165,61
252527,65,1600000.0,3000.0,20,182,74
252573,65,1500000.0,8000.0,21,184,70
252799,65,925000.0,2000.0,24,193,86
252807,65,725000.0,4000.0,27,179,75
252859,65,1600000.0,2000.0,20,181,75
252870,65,1600000.0,500.0,17,175,66
252910,65,1700000.0,2000.0,19,175,75
252929,65,1700000.0,5000.0,20,178,75
252964,65,1700000.0,5000.0,21,183,78
253034,65,1600000.0,14000.0,20,189,81
253053,65,1300000.0,2000.0,25,175,76
253090,65,600000.0,4000.0,27,188,83
253093,65,525000.0,2000.0,31,184,74
253105,65,1000000.0,2000.0,25,176,72
253129,65,1400000.0,3000.0,23,174,70
253135,65,1600000.0,3000.0,22,173,70
253276,65,750000.0,4000.0,27,187,87
253292,65,1600000.0,500.0,22,183,78
253346,65,675000.0,500.0,27,172,72
253348,65,1400000.0,500.0,24,178,73
253396,65,1800000.0,5000.0,18,184,72
253407,65,1900000.0,11000.0,19,180,75
253409,65,1600000.0,4000.0,22,170,60
253472,65,1600000.0,2000.0,19,178,69
253522,65,1000000.0,500.0,22,170,60
253527,65,700000.0,500.0,29,175,70
253538,65,1500000.0,500.0,21,185,75
253568,65,1600000.0,14000.0,21,187,76
253593,65,190000.0,500.0,35,186,75
253614,65,600000.0,500.0,30,173,75
253615,65,1700000.0,500.0,21,182,81
253715,65,1800000.0,1000.0,18,167,60
253772,65,950000.0,500.0,25,175,75
253809,65,1300000.0,2000.0,23,189,83
253842,65,600000.0,500.0,28,184,70
253844,65,600000.0,500.0,29,185,75
253846,65,350000.0,500.0,32,184,78
253856,65,160000.0,500.0,37,173,67
253858,65,375000.0,500.0,33,176,70
253892,65,625000.0,500.0,30,179,72
253902,65,1400000.0,500.0,20,170,66
253927,65,850000.0,500.0,26,181,77
253928,65,1100000.0,500.0,25,191,85
253952,65,1500000.0,1000.0,18,169,59
253983,65,1800000.0,500.0,21,187,84
253990,65,1200000.0,500.0,22,187,80
254003,65,1500000.0,2000.0,23,186,76
254029,65,775000.0,500.0,26,178,74
254176,65,1500000.0,500.0,22,186,80
254204,65,1500000.0,500.0,19,180,70
254212,65,1500000.0,500.0,21,177,71
254268,65,1500000.0,2000.0,19,177,70
254327,65,1500000.0,2000.0,20,191,84
254372,65,725000.0,500.0,27,179,83
254427,65,625000.0,500.0,30,172,66
254443,65,625000.0,500.0,28,183,81
254444,65,750000.0,500.0,27,172,70
254565,65,1500000.0,2000.0,20,172,71
254583,65,1300000.0,2000.0,23,180,72
254604,65,650000.0,500.0,27,175,75
254626,65,725000.0,500.0,28,177,64
254707,65,575000.0,500.0,31,173,73
254711,65,575000.0,500.0,31,179,75
254719,65,1300000.0,500.0,25,180,78
254732,65,750000.0,500.0,27,178,74
254741,65,250000.0,500.0,34,175,76
254877,65,1600000.0,3000.0,22,165,66
254879,65,850000.0,1000.0,26,171,62
254897,65,975000.0,2000.0,24,188,80
254899,65,1000000.0,2000.0,24,168,70
254902,65,825000.0,1000.0,26,170,62
254912,65,1600000.0,1000.0,22,173,68
254951,65,1700000.0,3000.0,20,180,74
254954,65,350000.0,500.0,34,180,88
254986,65,1100000.0,500.0,24,180,70
254994,65,825000.0,500.0,26,190,82
255015,65,1700000.0,5000.0,19,168,61
255036,65,1700000.0,2000.0,19,182,76
255047,65,1000000.0,500.0,25,184,80
255140,65,1700000.0,6000.0,20,170,65
255210,65,1600000.0,3000.0,20,188,80
255218,65,1700000.0,3000.0,19,181,75
255241,65,1600000.0,5000.0,20,188,82
255273,65,1500000.0,2000.0,23,185,78
255310,65,1000000.0,2000.0,24,181,73
255313,65,700000.0,2000.0,29,173,71
255406,65,1600000.0,2000.0,20,183,75
255432,65,1700000.0,500.0,19,175,72
255448,65,850000.0,3000.0,25,175,69
255471,65,1100000.0,2000.0,24,183,73
255591,65,975000.0,1000.0,24,177,65
255592,65,1100000.0,1000.0,24,170,61
255754,65,875000.0,2000.0,24,191,87
255781,65,1700000.0,4000.0,21,175,68
255798,65,800000.0,500.0,27,175,70
255830,65,1100000.0,3000.0,23,173,64
255838,65,1500000.0,2000.0,20,185,74
255854,65,1800000.0,5000.0,20,184,77
255860,65,1700000.0,2000.0,20,178,70
255971,65,1800000.0,2000.0,19,182,77
256097,65,1600000.0,3000.0,19,183,75
256118,65,1500000.0,5000.0,21,186,85
256307,65,1800000.0,2000.0,18,173,64
256326,65,1800000.0,1000.0,18,176,69
256408,65,1700000.0,2000.0,19,181,74
256459,65,1700000.0,2000.0,21,189,75
256502,65,1700000.0,3000.0,20,175,67
256545,65,850000.0,3000.0,25,183,70
256731,65,1100000.0,7000.0,23,187,90
256883,65,1800000.0,2000.0,21,174,61
256912,65,1700000.0,2000.0,21,181,76
257007,65,1700000.0,10000.0,19,184,74
257121,65,1500000.0,2000.0,21,170,65
257154,65,1600000.0,4000.0,23,176,75
257185,65,1500000.0,4000.0,22,183,75
257188,65,1600000.0,500.0,20,174,73
257228,65,1000000.0,3000.0,24,178,75
257303,65,1500000.0,3000.0,23,191,84
257319,65,1700000.0,900.0,18,175,65
257332,65,1000000.0,5000.0,22,177,77
257431,65,1100000.0,2000.0,22,167,67
257470,65,1700000.0,12000.0,19,180,70
257483,65,1500000.0,550.0,21,183,79
257484,65,1600000.0,2000.0,21,176,70
257502,65,1400000.0,2000.0,23,183,83
257621,65,950000.0,2000.0,23,178,68
257645,65,575000.0,1000.0,30,188,86
257649,65,1500000.0,1000.0,22,189,87
257727,65,900000.0,2000.0,24,172,69
257878,65,1600000.0,1000.0,19,183,76
258040,65,1000000.0,2000.0,22,182,73
258092,65,1700000.0,2000.0,18,190,84
258093,65,1600000.0,2000.0,19,170,69
258095,65,1700000.0,1000.0,18,180,65
258121,65,1700000.0,1000.0,19,163,68
258173,65,700000.0,1000.0,30,179,70
258210,65,1600000.0,500.0,20,186,78
258286,65,1100000.0,500.0,24,175,67
258289,65,1800000.0,2000.0,19,180,76
258412,65,1300000.0,5000.0,22,188,84
258452,65,,,33,174,76
258466,65,1500000.0,3000.0,21,185,78
258498,65,1600000.0,500.0,18,193,75
258510,65,1600000.0,6000.0,21,180,75
258534,65,1500000.0,4000.0,22,187,83
258536,65,1700000.0,3000.0,19,180,74
258603,65,750000.0,3000.0,27,182,76
258692,65,1100000.0,1000.0,24,172,68
258768,65,1600000.0,5000.0,20,181,64
258770,65,1700000.0,2000.0,21,169,55
258777,65,1000000.0,4000.0,23,185,78
258783,65,1300000.0,2000.0,23,178,70
258819,65,1800000.0,500.0,19,170,67
258824,65,1500000.0,2000.0,19,188,79
258889,65,1600000.0,2000.0,19,183,75
258923,65,1800000.0,16000.0,19,173,66
259043,65,1700000.0,3000.0,19,180,70
259054,65,1800000.0,850.0,17,171,66
259067,65,1200000.0,2000.0,24,188,76
259087,65,1700000.0,2000.0,18,182,70
259088,65,1500000.0,5000.0,23,197,85
259139,65,1700000.0,6000.0,20,168,64
259164,65,1400000.0,3000.0,24,183,73
259281,65,575000.0,500.0,31,178,73
259296,65,1200000.0,500.0,23,186,77
259504,65,1700000.0,3000.0,20,186,76
259570,65,1800000.0,3000.0,19,168,61
259584,65,1700000.0,4000.0,18,179,79
259704,65,240000.0,500.0,38,167,74
259769,65,80000.0,500.0,35,189,87
259797,65,1000000.0,500.0,20,175,67
259818,65,1500000.0,500.0,21,170,68
259848,65,1600000.0,500.0,18,174,69
259850,65,900000.0,500.0,25,170,66
259881,65,750000.0,500.0,27,180,77
259903,65,1500000.0,500.0,21,181,73
259905,65,1600000.0,500.0,21,167,64
259937,65,1200000.0,500.0,24,181,70
259941,65,1000000.0,500.0,24,177,76
260086,65,1600000.0,6000.0,21,182,74
260089,65,975000.0,500.0,24,181,78
260090,65,725000.0,500.0,28,169,65
260184,65,1600000.0,1000.0,21,168,64
260188,65,1300000.0,1000.0,23,169,66
260267,65,725000.0,500.0,28,180,75
260282,65,1100000.0,3000.0,23,170,65
260295,65,1300000.0,3000.0,24,191,85
260325,65,775000.0,2000.0,27,183,80
260417,65,1000000.0,3000.0,23,184,70
260513,65,350000.0,500.0,33,178,69
260543,65,1600000.0,5000.0,21,189,80
260622,65,1000000.0,500.0,25,186,74
260658,65,1600000.0,3000.0,19,191,90
260952,65,1800000.0,500.0,17,172,66
261016,65,975000.0,3000.0,25,177,76
261072,65,1700000.0,3000.0,20,171,68
261081,65,975000.0,3000.0,25,175,71
261152,65,120000.0,2000.0,34,181,79
261160,65,725000.0,3000.0,28,187,82
261161,65,1100000.0,4000.0,24,184,83
261172,65,1600000.0,3000.0,22,178,75
261208,65,725000.0,2000.0,28,173,66
261249,65,1800000.0,6000.0,18,178,68
261561,65,1500000.0,500.0,20,175,72
261637,65,1600000.0,500.0,21,179,72
261648,65,725000.0,500.0,28,173,68
261652,65,1400000.0,1000.0,19,185,76
262138,65,1600000.0,4000.0,18,184,73
262158,65,975000.0,3000.0,24,183,78
262165,65,1000000.0,3000.0,25,179,72
262267,65,1600000.0,2000.0,23,180,75
262286,65,375000.0,500.0,31,191,84
262303,65,825000.0,2000.0,27,179,72
262333,65,1900000.0,4000.0,20,175,72
262334,65,1600000.0,2000.0,19,168,63
262343,65,650000.0,2000.0,28,178,75
262348,65,700000.0,2000.0,30,179,76
262376,65,775000.0,3000.0,27,186,84
262384,65,1000000.0,3000.0,24,184,75
262428,65,1600000.0,2000.0,23,175,63
262442,65,1500000.0,2000.0,22,178,74
262443,65,1600000.0,2000.0,20,186,82
262474,65,1500000.0,2000.0,20,190,79
262510,65,1800000.0,1000.0,19,172,68
262513,65,1800000.0,900.0,18,180,75
262584,65,1600000.0,500.0,21,181,76
262587,65,1900000.0,500.0,19,183,77
262619,65,800000.0,3000.0,25,182,79
262622,65,875000.0,3000.0,23,184,70
262699,65,1000000.0,2000.0,23,170,63
262858,65,1600000.0,2000.0,19,173,62
262859,65,1700000.0,750.0,18,191,79
263005,65,1100000.0,1000.0,23,177,71
263028,65,1700000.0,2000.0,18,187,77
263034,65,1000000.0,1000.0,22,186,76
263099,65,1500000.0,2000.0,23,181,76
263180,65,1100000.0,5000.0,23,181,79
263255,65,1400000.0,3000.0,22,180,66
263290,65,1400000.0,9000.0,22,178,74
263366,65,1600000.0,2000.0,20,192,75
263396,65,1500000.0,2000.0,21,192,73
263434,65,1500000.0,3000.0,22,190,79
263493,65,1000000.0,4000.0,25,185,76
263518,65,1500000.0,3000.0,20,181,78
263582,65,1700000.0,4000.0,18,187,70
263633,65,1500000.0,2000.0,22,171,60
263791,65,1600000.0,2000.0,20,181,83
263804,65,1500000.0,500.0,21,180,74
263808,65,850000.0,4000.0,26,179,72
263952,65,625000.0,750.0,28,189,82
263991,65,1100000.0,3000.0,23,187,78
264022,65,1700000.0,500.0,17,177,75
264424,65,675000.0,2000.0,26,197,92
264446,65,1000000.0,2000.0,24,181,80
264457,65,950000.0,3000.0,25,170,67
264595,65,1600000.0,2000.0,21,191,87
264639,65,1100000.0,3000.0,23,175,73
19541,64,60000.0,2000.0,37,183,70
50632,64,100000.0,2000.0,39,183,83
51694,64,60000.0,650.0,39,188,91
52326,64,60000.0,8000.0,36,191,85
118646,64,200000.0,4000.0,36,178,67
118794,64,60000.0,7000.0,37,192,87
122040,64,200000.0,600.0,38,178,82
122066,64,200000.0,700.0,38,190,93
144050,64,200000.0,1000.0,37,180,77
146188,64,180000.0,1000.0,38,176,70
148365,64,200000.0,1000.0,37,179,76
152107,64,150000.0,2000.0,35,188,80
155266,64,180000.0,800.0,35,176,62
155886,64,190000.0,2000.0,33,193,87
156438,64,60000.0,3000.0,39,193,88
156894,64,180000.0,3000.0,36,185,69
162053,64,150000.0,3000.0,35,185,87
162891,64,180000.0,500.0,36,183,80
162993,64,150000.0,3000.0,35,180,80
163303,64,110000.0,2000.0,37,180,80
163990,64,200000.0,2000.0,37,186,86
164855,64,275000.0,3000.0,33,185,81
165894,64,250000.0,1000.0,35,186,80
166841,64,210000.0,3000.0,34,178,70
166851,64,,,38,191,82
166853,64,275000.0,2000.0,33,185,85
167925,64,150000.0,700.0,35,188,82
167926,64,200000.0,4000.0,34,178,71
169539,64,190000.0,3000.0,34,188,80
169938,64,475000.0,3000.0,32,178,73
170785,64,100000.0,3000.0,34,188,83
171033,64,300000.0,2000.0,32,195,80
172561,64,300000.0,3000.0,33,177,79
172780,64,375000.0,4000.0,33,183,70
172952,64,200000.0,2000.0,34,188,72
173614,64,275000.0,2000.0,33,185,71
173654,64,350000.0,2000.0,33,170,65
173673,64,230000.0,4000.0,35,168,60
173695,64,190000.0,2000.0,34,185,68
173752,64,425000.0,2000.0,31,180,71
176357,64,150000.0,2000.0,35,186,79
176384,64,300000.0,950.0,32,195,90
176922,64,60000.0,1000.0,35,190,82
177404,64,300000.0,5000.0,33,178,74
177508,64,60000.0,2000.0,37,184,83
177515,64,375000.0,750.0,33,182,78
177912,64,350000.0,1000.0,33,177,72
178022,64,190000.0,3000.0,33,190,84
178379,64,130000.0,1000.0,37,180,80
179537,64,550000.0,1000.0,30,180,74
179573,64,300000.0,1000.0,31,185,74
179685,64,100000.0,2000.0,34,193,107
180593,64,275000.0,2000.0,34,185,79
180717,64,60000.0,700.0,39,189,90
180740,64,100000.0,550.0,36,189,86
182023,64,60000.0,1000.0,38,190,82
182160,64,475000.0,2000.0,32,178,70
182228,64,400000.0,2000.0,32,180,72
182427,64,375000.0,4000.0,33,188,80
183347,64,300000.0,2000.0,32,196,80
183945,64,475000.0,1000.0,32,190,87
183997,64,275000.0,5000.0,33,185,79
184013,64,200000.0,2000.0,34,180,79
184077,64,400000.0,1000.0,32,185,79
184433,64,250000.0,1000.0,35,192,90
184471,64,450000.0,4000.0,32,169,70
184763,64,300000.0,1000.0,32,187,85
184851,64,60000.0,1000.0,37,185,82
184878,64,475000.0,2000.0,32,177,72
185109,64,375000.0,2000.0,32,186,80
185173,64,450000.0,700.0,32,173,67
185256,64,400000.0,800.0,32,189,78
186331,64,475000.0,2000.0,32,174,64
186514,64,600000.0,3000.0,28,175,74
187818,64,500000.0,700.0,29,180,70
188586,64,300000.0,1000.0,33,189,78
188872,64,375000.0,1000.0,32,186,80
189278,64,475000.0,3000.0,31,188,74
189331,64,400000.0,2000.0,31,186,73
189387,64,300000.0,3000.0,32,185,84
189492,64,500000.0,2000.0,30,173,64
189910,64,575000.0,2000.0,29,178,67
189955,64,400000.0,1000.0,30,194,94
190122,64,400000.0,3000.0,32,183,75
190140,64,525000.0,3000.0,29,175,61
190178,64,475000.0,1000.0,30,188,80
190275,64,100000.0,1000.0,36,179,73
190425,64,475000.0,1000.0,32,181,74
190528,64,160000.0,850.0,35,182,77
190644,64,575000.0,1000.0,30,196,89
190665,64,575000.0,2000.0,30,183,76
190995,64,575000.0,900.0,29,185,79
191157,64,550000.0,1000.0,29,186,84
191235,64,400000.0,1000.0,32,185,78
191552,64,150000.0,850.0,35,179,74
191657,64,475000.0,2000.0,32,180,73
191673,64,230000.0,1000.0,35,176,70
192070,64,600000.0,1000.0,28,185,79
192125,64,475000.0,1000.0,30,180,79
192540,64,240000.0,2000.0,35,175,72
192572,64,375000.0,1000.0,32,184,75
192937,64,400000.0,1000.0,31,184,79
193113,64,450000.0,2000.0,32,178,75
193123,64,475000.0,4000.0,30,193,76
193166,64,600000.0,3000.0,28,191,90
193443,64,400000.0,2000.0,30,186,75
193627,64,575000.0,2000.0,30,178,66
193746,64,500000.0,4000.0,30,176,63
193771,64,575000.0,2000.0,29,175,73
193875,64,500000.0,1000.0,30,170,68
194122,64,575000.0,4000.0,29,180,70
194248,64,180000.0,900.0,39,173,72
194617,64,475000.0,2000.0,32,180,70
194678,64,475000.0,5000.0,30,191,90
195036,64,575000.0,3000.0,30,175,71
195396,64,575000.0,750.0,30,182,77
196871,64,240000.0,500.0,35,163,58
196887,64,130000.0,500.0,36,176,70
196940,64,550000.0,2000.0,30,185,83
197945,64,575000.0,3000.0,29,185,83
197990,64,525000.0,3000.0,29,181,73
198132,64,450000.0,3000.0,30,185,83
198153,64,500000.0,3000.0,29,177,77
198497,64,500000.0,2000.0,29,185,77
198704,64,575000.0,3000.0,28,178,65
198748,64,100000.0,500.0,36,187,79
199080,64,275000.0,1000.0,34,189,88
199146,64,575000.0,2000.0,29,173,67
199234,64,525000.0,2000.0,29,185,80
199508,64,375000.0,1000.0,32,186,79
199627,64,575000.0,2000.0,29,193,85
199647,64,400000.0,2000.0,32,181,69
199916,64,500000.0,4000.0,29,191,88
200134,64,575000.0,1000.0,29,178,75
200196,64,575000.0,500.0,30,178,81
200292,64,500000.0,5000.0,29,183,80
200369,64,375000.0,1000.0,33,178,75
200742,64,625000.0,2000.0,27,191,79
201094,64,525000.0,1000.0,27,185,66
201873,64,300000.0,2000.0,32,191,98
201925,64,500000.0,1000.0,28,190,91
202292,64,575000.0,1000.0,30,174,66
202534,64,575000.0,2000.0,29,183,74
202866,64,575000.0,2000.0,29,168,68
202974,64,475000.0,2000.0,30,178,74
203264,64,500000.0,2000.0,29,188,78
203287,64,675000.0,4000.0,27,180,79
203542,64,600000.0,3000.0,28,171,71
203849,64,500000.0,2000.0,28,193,91
204017,64,525000.0,3000.0,28,179,67
204282,64,700000.0,2000.0,26,181,76
204297,64,500000.0,2000.0,28,188,77
204420,64,525000.0,1000.0,28,182,77
204492,64,575000.0,3000.0,29,185,77
204554,64,500000.0,2000.0,29,191,76
204644,64,600000.0,1000.0,28,183,73
204666,64,230000.0,500.0,35,165,60
204730,64,450000.0,3000.0,32,176,68
204773,64,400000.0,1000.0,30,187,81
204920,64,400000.0,2000.0,32,186,80
205049,64,550000.0,1000.0,27,186,80
205378,64,475000.0,2000.0,28,185,80
205388,64,400000.0,2000.0,31,178,75
205533,64,475000.0,3000.0,30,189,84
205863,64,475000.0,2000.0,30,183,78
205973,64,400000.0,1000.0,31,191,83
206170,64,650000.0,5000.0,26,185,72
206243,64,575000.0,2000.0,28,178,74
206379,64,,,37,193,88
206412,64,500000.0,5000.0,28,189,79
206535,64,700000.0,2000.0,26,195,70
206554,64,625000.0,3000.0,26,180,75
206562,64,750000.0,3000.0,26,180,75
206635,64,575000.0,2000.0,30,178,77
207427,64,300000.0,2000.0,31,191,91
207429,64,675000.0,2000.0,27,182,89
207639,64,625000.0,4000.0,27,185,80
207716,64,500000.0,8000.0,28,188,80
207836,64,575000.0,2000.0,30,178,69
207858,64,575000.0,2000.0,30,175,82
207904,64,575000.0,1000.0,29,174,63
207905,64,575000.0,1000.0,29,176,68
208009,64,625000.0,6000.0,27,183,68
208129,64,675000.0,6000.0,27,185,84
208294,64,500000.0,2000.0,29,172,65
208297,64,750000.0,1000.0,26,172,70
208577,64,550000.0,1000.0,30,182,74
208589,64,600000.0,2000.0,28,181,76
208637,64,500000.0,2000.0,30,182,69
208645,64,625000.0,5000.0,27,180,83
208776,64,575000.0,2000.0,27,197,92
208885,64,575000.0,2000.0,30,179,67
208999,64,650000.0,2000.0,26,175,69
209193,64,300000.0,3000.0,31,188,87
209369,64,625000.0,1000.0,27,183,65
209644,64,575000.0,1000.0,27,184,79
209675,64,625000.0,3000.0,27,183,75
209852,64,750000.0,3000.0,25,186,74
209886,64,600000.0,3000.0,28,173,67
209890,64,550000.0,700.0,29,186,83
210147,64,300000.0,4000.0,33,175,75
210192,64,425000.0,5000.0,31,172,60
210217,64,575000.0,1000.0,26,188,83
210341,64,500000.0,5000.0,30,184,75
210367,64,525000.0,2000.0,28,183,70
210474,64,600000.0,2000.0,27,185,69
210492,64,400000.0,8000.0,31,178,73
210498,64,525000.0,6000.0,29,176,63
210676,64,675000.0,3000.0,26,195,85
210700,64,400000.0,5000.0,31,180,76
210898,64,675000.0,4000.0,27,176,73
210970,64,625000.0,4000.0,27,180,73
211006,64,525000.0,4000.0,29,178,72
211141,64,400000.0,5000.0,31,180,74
211143,64,675000.0,3000.0,27,183,75
211144,64,625000.0,3000.0,27,181,75
211234,64,775000.0,1000.0,26,184,78
211238,64,675000.0,1000.0,26,179,74
211271,64,625000.0,500.0,27,182,89
211536,64,775000.0,2000.0,25,183,73
211732,64,575000.0,2000.0,29,188,84
211820,64,525000.0,1000.0,29,181,81
211833,64,575000.0,1000.0,30,177,79
211978,64,675000.0,950.0,27,189,75
212022,64,300000.0,500.0,32,186,76
212039,64,500000.0,6000.0,30,184,74
212041,64,800000.0,1000.0,24,170,68
212398,64,775000.0,1000.0,25,177,70
212540,64,500000.0,2000.0,30,173,68
212574,64,625000.0,2000.0,27,175,73
212683,64,500000.0,5000.0,31,194,92
212736,64,675000.0,2000.0,27,189,88
212753,64,725000.0,1000.0,25,176,71
212803,64,700000.0,3000.0,26,170,64
212807,64,650000.0,2000.0,26,175,64
212923,64,625000.0,3000.0,26,172,72
212978,64,600000.0,3000.0,27,196,84
213021,64,625000.0,3000.0,27,179,73
213120,64,700000.0,5000.0,26,191,77
213127,64,825000.0,4000.0,24,175,80
213172,64,425000.0,1000.0,31,177,73
213181,64,575000.0,2000.0,30,176,67
213280,64,625000.0,950.0,27,175,68
213413,64,525000.0,3000.0,27,194,77
213428,64,300000.0,2000.0,32,191,88
213543,64,550000.0,1000.0,28,185,75
213665,64,775000.0,3000.0,25,183,77
213823,64,150000.0,750.0,35,174,74
213856,64,625000.0,3000.0,27,177,65
213954,64,675000.0,3000.0,25,189,79
213969,64,700000.0,5000.0,26,190,69
214308,64,675000.0,1000.0,27,176,72
214641,64,675000.0,2000.0,26,182,70
214840,64,625000.0,1000.0,27,182,79
215052,64,525000.0,4000.0,29,175,71
215211,64,700000.0,4000.0,25,189,87
215234,64,425000.0,3000.0,31,179,76
215301,64,725000.0,2000.0,25,191,78
215302,64,750000.0,3000.0,26,173,71
215401,64,575000.0,4000.0,28,185,78
215419,64,725000.0,2000.0,25,175,75
215593,64,725000.0,1000.0,26,176,65
215594,64,425000.0,1000.0,31,174,70
215786,64,500000.0,1000.0,30,185,76
216023,64,500000.0,1000.0,30,179,77
216154,64,600000.0,800.0,27,188,82
216183,64,525000.0,2000.0,28,170,68
216251,64,700000.0,2000.0,26,180,75
216273,64,550000.0,1000.0,30,188,85
216453,64,700000.0,5000.0,26,178,67
216461,64,775000.0,2000.0,26,184,75
216508,64,700000.0,1000.0,26,186,76
216540,64,675000.0,2000.0,24,192,80
216698,64,575000.0,3000.0,29,174,70
216709,64,375000.0,800.0,32,185,80
216836,64,575000.0,2000.0,29,178,69
217140,64,775000.0,5000.0,25,183,70
217160,64,575000.0,4000.0,29,177,64
217332,64,675000.0,4000.0,26,193,95
218467,64,375000.0,500.0,33,184,72
218633,64,775000.0,2000.0,26,186,77
218863,64,600000.0,2000.0,28,194,86
219449,64,800000.0,2000.0,25,178,79
219551,64,775000.0,2000.0,25,192,74
219845,64,675000.0,3000.0,27,178,73
220127,64,500000.0,4000.0,31,190,83
220143,64,575000.0,2000.0,29,177,74
220385,64,675000.0,3000.0,27,191,80
220422,64,575000.0,5000.0,29,172,64
220532,64,725000.0,2000.0,25,190,82
220558,64,550000.0,3000.0,27,181,76
220579,64,775000.0,2000.0,26,179,66
220605,64,775000.0,1000.0,25,177,71
220742,64,400000.0,3000.0,32,180,72
220894,64,925000.0,4000.0,24,173,76
220964,64,850000.0,1000.0,25,176,72
221141,64,875000.0,3000.0,25,193,85
221270,64,600000.0,2000.0,27,175,68
221477,64,575000.0,2000.0,29,186,77
221498,64,525000.0,8000.0,28,178,73
221651,64,575000.0,2000.0,29,177,69
221656,64,525000.0,2000.0,28,183,79
221789,64,500000.0,2000.0,29,183,76
221850,64,500000.0,4000.0,28,187,81
221859,64,525000.0,3000.0,28,180,78
221864,64,600000.0,3000.0,28,186,78
221961,64,625000.0,500.0,27,170,65
221976,64,400000.0,2000.0,32,178,82
221989,64,625000.0,4000.0,27,183,77
222052,64,575000.0,3000.0,27,182,68
222197,64,500000.0,3000.0,30,166,65
222221,64,525000.0,2000.0,27,190,80
222229,64,450000.0,1000.0,29,185,84
222236,64,425000.0,3000.0,31,178,75
222256,64,800000.0,3000.0,24,178,67
222337,64,475000.0,2000.0,30,188,77
222379,64,1200000.0,3000.0,24,184,78
222380,64,575000.0,2000.0,27,176,72
222405,64,775000.0,4000.0,25,175,75
222435,64,600000.0,3000.0,28,181,81
222466,64,1100000.0,2000.0,25,182,74
222477,64,800000.0,3000.0,23,173,60
222574,64,475000.0,2000.0,31,173,66
222639,64,700000.0,2000.0,24,187,73
222829,64,700000.0,800.0,24,188,89
222848,64,775000.0,2000.0,25,183,70
223004,64,575000.0,4000.0,29,180,72
223044,64,375000.0,3000.0,32,187,80
223073,64,475000.0,4000.0,32,178,69
223080,64,500000.0,2000.0,30,184,73
223095,64,700000.0,2000.0,26,170,69
223151,64,900000.0,4000.0,23,182,74
223186,64,850000.0,3000.0,25,177,67
223265,64,675000.0,2000.0,27,188,79
223306,64,675000.0,10000.0,27,192,78
223369,64,625000.0,650.0,27,173,68
223381,64,475000.0,3000.0,30,188,72
223501,64,675000.0,2000.0,25,182,76
223506,64,600000.0,4000.0,27,186,80
223599,64,875000.0,4000.0,24,172,72
223670,64,675000.0,4000.0,27,188,77
223731,64,575000.0,1000.0,29,184,70
223810,64,825000.0,4000.0,25,180,75
223868,64,675000.0,3000.0,24,183,79
223933,64,925000.0,2000.0,24,197,87
223969,64,800000.0,500.0,25,175,68
224130,64,675000.0,2000.0,25,193,72
224297,64,825000.0,1000.0,24,183,73
224418,64,850000.0,1000.0,25,186,76
224447,64,725000.0,2000.0,25,178,74
224515,64,750000.0,3000.0,25,184,76
224518,64,700000.0,1000.0,26,180,68
224543,64,750000.0,1000.0,24,188,82
224669,64,475000.0,4000.0,31,180,72
224777,64,750000.0,2000.0,25,180,72
224793,64,825000.0,950.0,24,181,75
224798,64,650000.0,2000.0,26,175,63
224870,64,600000.0,6000.0,28,178,82
225019,64,925000.0,10000.0,24,181,74
225128,64,625000.0,4000.0,27,174,74
225133,64,800000.0,1000.0,25,180,75
225213,64,475000.0,550.0,29,197,92
225279,64,800000.0,3000.0,25,185,64
225337,64,750000.0,2000.0,25,177,70
225376,64,450000.0,3000.0,32,182,80
225509,64,800000.0,3000.0,24,185,74
225561,64,775000.0,3000.0,25,180,67
225694,64,825000.0,2000.0,25,183,71
225730,64,375000.0,1000.0,33,187,77
225735,64,725000.0,950.0,26,178,82
225858,64,700000.0,2000.0,24,191,81
225864,64,800000.0,1000.0,25,182,73
225867,64,925000.0,9000.0,23,178,63
225876,64,130000.0,500.0,36,180,77
225910,64,1100000.0,3000.0,25,184,81
226040,64,425000.0,500.0,31,171,66
226041,64,375000.0,500.0,32,177,73
226084,64,1200000.0,3000.0,24,188,75
226114,64,725000.0,2000.0,26,203,84
226116,64,850000.0,2000.0,24,193,87
226127,64,725000.0,2000.0,26,188,80
226139,64,675000.0,950.0,26,178,75
226197,64,625000.0,3000.0,27,179,72
226206,64,850000.0,2000.0,25,180,75
226261,64,925000.0,2000.0,23,173,64
226447,64,400000.0,500.0,31,183,80
226459,64,775000.0,500.0,24,179,72
226540,64,700000.0,1000.0,26,178,73
226633,64,875000.0,900.0,23,181,72
226651,64,575000.0,2000.0,28,182,65
226654,64,675000.0,1000.0,26,178,74
226714,64,575000.0,4000.0,29,178,73
226716,64,925000.0,3000.0,24,169,68
226801,64,525000.0,2000.0,29,193,84
227148,64,1100000.0,2000.0,23,185,78
227446,64,575000.0,2000.0,30,185,90
227498,64,700000.0,2000.0,26,181,78
227764,64,1200000.0,5000.0,23,177,73
227837,64,825000.0,2000.0,25,183,82
227909,64,475000.0,2000.0,28,191,82
227947,64,875000.0,4000.0,23,176,73
227953,64,775000.0,2000.0,25,168,68
228091,64,1100000.0,950.0,24,187,77
228153,64,1200000.0,2000.0,22,178,68
228207,64,475000.0,500.0,31,182,71
228261,64,475000.0,500.0,30,188,76
228305,64,800000.0,2000.0,24,175,74
228363,64,750000.0,2000.0,24,187,76
228376,64,850000.0,500.0,24,186,79
228431,64,925000.0,2000.0,24,183,83
228464,64,600000.0,2000.0,28,187,78
228519,64,925000.0,2000.0,23,182,67
228638,64,850000.0,4000.0,24,182,67
228685,64,800000.0,3000.0,24,174,74
228744,64,850000.0,550.0,24,172,75
228834,64,1100000.0,1000.0,24,174,69
228845,64,300000.0,900.0,31,183,75
228870,64,850000.0,1000.0,24,193,74
228928,64,800000.0,2000.0,24,188,76
229019,64,800000.0,3000.0,24,180,75
229036,64,600000.0,6000.0,27,186,79
229052,64,550000.0,3000.0,28,190,85
229123,64,850000.0,3000.0,24,177,80
229161,64,400000.0,500.0,32,177,67
229225,64,775000.0,2000.0,25,193,88
229504,64,800000.0,3000.0,24,181,80
229724,64,725000.0,2000.0,25,183,87
229743,64,725000.0,7000.0,25,189,85
229756,64,825000.0,750.0,25,188,78
229771,64,1100000.0,2000.0,23,185,75
229865,64,875000.0,2000.0,25,171,62
229981,64,775000.0,2000.0,24,191,78
230126,64,650000.0,2000.0,26,180,72
230140,64,850000.0,1000.0,23,187,87
230236,64,575000.0,3000.0,25,176,72
230303,64,650000.0,7000.0,25,172,69
230403,64,575000.0,3000.0,25,187,83
230412,64,575000.0,4000.0,25,177,75
230523,64,375000.0,4000.0,33,177,72
230606,64,850000.0,3000.0,24,184,77
230697,64,875000.0,3000.0,24,178,73
230794,64,700000.0,2000.0,25,168,63
230839,64,850000.0,2000.0,24,190,72
230928,64,500000.0,2000.0,28,192,82
230942,64,1200000.0,4000.0,23,187,76
230963,64,700000.0,3000.0,26,186,85
231028,64,1000000.0,9000.0,23,195,76
231063,64,875000.0,1000.0,24,173,72
231303,64,550000.0,1000.0,28,189,81
231342,64,675000.0,550.0,27,186,80
231383,64,675000.0,2000.0,25,193,86
231474,64,725000.0,4000.0,25,185,80
231488,64,575000.0,2000.0,29,183,82
231535,64,775000.0,2000.0,24,189,73
231814,64,500000.0,650.0,31,180,66
231840,64,1200000.0,3000.0,22,175,69
231926,64,1200000.0,3000.0,23,175,65
231973,64,1100000.0,2000.0,23,180,77
231979,64,625000.0,2000.0,27,170,63
232017,64,600000.0,2000.0,28,183,79
232067,64,475000.0,4000.0,31,172,65
232090,64,750000.0,3000.0,26,186,75
232101,64,1100000.0,2000.0,24,183,75
232106,64,1300000.0,3000.0,22,181,75
232116,64,850000.0,2000.0,25,170,67
232332,64,550000.0,2000.0,29,188,85
232374,64,300000.0,3000.0,33,172,71
232415,64,575000.0,1000.0,30,174,70
232456,64,400000.0,1000.0,31,183,78
232476,64,775000.0,2000.0,24,178,70
232564,64,400000.0,950.0,30,191,87
232576,64,450000.0,1000.0,32,180,70
232581,64,600000.0,1000.0,28,184,84
232624,64,575000.0,1000.0,30,181,72
232704,64,800000.0,2000.0,23,184,76
232712,64,850000.0,1000.0,24,171,68
232785,64,625000.0,2000.0,27,178,75
232817,64,600000.0,2000.0,25,183,80
232901,64,1100000.0,7000.0,23,183,68
232907,64,110000.0,2000.0,36,174,67
232916,64,600000.0,1000.0,28,170,65
232922,64,625000.0,1000.0,27,176,68
232926,64,275000.0,1000.0,34,182,79
232929,64,400000.0,3000.0,32,175,67
232963,64,625000.0,1000.0,27,171,74
233012,64,775000.0,2000.0,26,187,76
233017,64,1300000.0,2000.0,23,183,80
233051,64,1100000.0,14000.0,21,176,72
233056,64,725000.0,900.0,25,182,74
233092,64,1200000.0,3000.0,22,181,73
233172,64,400000.0,1000.0,32,173,71
233214,64,725000.0,2000.0,26,187,82
233245,64,1200000.0,2000.0,24,175,70
233315,64,800000.0,2000.0,24,190,79
233397,64,1200000.0,4000.0,23,180,75
233445,64,725000.0,1000.0,25,185,75
233602,64,1300000.0,17000.0,22,191,81
233869,64,275000.0,2000.0,33,188,80
233892,64,1300000.0,3000.0,22,185,71
233941,64,1300000.0,6000.0,22,178,66
233976,64,475000.0,2000.0,25,185,81
234039,64,1200000.0,2000.0,22,181,73
234072,64,875000.0,9000.0,22,178,76
234147,64,1300000.0,1000.0,23,180,74
234155,64,1300000.0,2000.0,22,178,68
234177,64,1200000.0,3000.0,22,180,76
234207,64,1300000.0,950.0,21,174,65
234222,64,1300000.0,1000.0,22,178,73
234242,64,1200000.0,4000.0,23,184,70
234260,64,1100000.0,2000.0,23,183,73
234286,64,875000.0,500.0,23,175,65
234496,64,625000.0,3000.0,27,190,80
234522,64,1400000.0,1000.0,21,183,75
234631,64,800000.0,3000.0,24,188,85
234769,64,850000.0,2000.0,25,184,77
234803,64,1100000.0,2000.0,22,188,76
234814,64,1200000.0,5000.0,23,188,82
234883,64,800000.0,1000.0,25,166,64
234902,64,1200000.0,3000.0,24,183,80
234927,64,700000.0,2000.0,25,175,66
234942,64,875000.0,2000.0,23,180,75
234947,64,625000.0,3000.0,27,184,77
234991,64,1200000.0,3000.0,23,174,72
235207,64,725000.0,1000.0,25,191,79
235237,64,675000.0,3000.0,25,191,85
235253,64,775000.0,1000.0,24,174,73
235322,64,400000.0,2000.0,32,170,71
235397,64,775000.0,2000.0,25,180,78
235457,64,550000.0,1000.0,30,190,84
235521,64,1200000.0,5000.0,23,182,73
235527,64,850000.0,1000.0,24,172,73
235626,64,575000.0,2000.0,27,175,75
235773,64,1100000.0,2000.0,23,178,75
235815,64,1300000.0,3000.0,22,185,76
235885,64,850000.0,2000.0,24,166,60
235931,64,1000000.0,5000.0,24,192,80
236047,64,425000.0,1000.0,31,179,79
236168,64,700000.0,5000.0,21,168,64
236196,64,575000.0,6000.0,29,181,75
236209,64,1100000.0,3000.0,22,177,71
236239,64,1100000.0,10000.0,22,189,84
236251,64,475000.0,500.0,31,180,70
236365,64,775000.0,3000.0,24,177,78
236471,64,1200000.0,1000.0,23,175,69
236503,64,475000.0,3000.0,31,179,68
236568,64,1100000.0,10000.0,22,188,75
236573,64,725000.0,2000.0,26,185,82
236582,64,500000.0,2000.0,29,181,74
236800,64,950000.0,2000.0,22,179,66
236841,64,775000.0,5000.0,25,172,70
236939,64,625000.0,500.0,27,186,79
237102,64,750000.0,2000.0,25,179,79
237155,64,1100000.0,2000.0,22,179,64
237160,64,850000.0,2000.0,22,188,80
237206,64,625000.0,2000.0,26,181,75
237215,64,675000.0,2000.0,26,196,92
237218,64,725000.0,2000.0,26,170,68
237350,64,525000.0,1000.0,29,176,71
237378,64,1300000.0,1000.0,22,178,71
237397,64,475000.0,2000.0,30,188,86
237443,64,300000.0,950.0,31,190,92
237497,64,1100000.0,3000.0,24,173,71
237570,64,1200000.0,2000.0,24,197,92
237576,64,675000.0,3000.0,26,179,83
237683,64,1300000.0,11000.0,23,178,70
237860,64,1300000.0,2000.0,22,175,75
237924,64,800000.0,1000.0,24,184,80
237927,64,1000000.0,500.0,21,194,83
237935,64,1200000.0,7000.0,20,189,76
237943,64,650000.0,3000.0,26,188,80
237959,64,575000.0,2000.0,28,180,71
238005,64,500000.0,2000.0,29,181,73
238059,64,950000.0,4000.0,22,168,63
238060,64,1100000.0,8000.0,22,188,75
238065,64,950000.0,2000.0,22,184,83
238070,64,1300000.0,1000.0,21,186,79
238079,64,925000.0,2000.0,24,177,72
238085,64,1200000.0,1000.0,23,177,73
238103,64,650000.0,4000.0,26,187,80
238114,64,1200000.0,3000.0,22,179,69
238273,64,1300000.0,3000.0,20,183,75
238286,64,875000.0,1000.0,23,183,71
238317,64,775000.0,6000.0,25,186,80
238363,64,725000.0,1000.0,25,182,76
238458,64,1300000.0,2000.0,22,187,82
238587,64,800000.0,3000.0,24,181,81
238598,64,575000.0,850.0,29,181,75
238629,64,1100000.0,3000.0,24,188,72
238636,64,800000.0,4000.0,24,185,78
238642,64,675000.0,1000.0,27,186,83
238649,64,400000.0,800.0,31,188,84
238686,64,575000.0,5000.0,29,186,77
238802,64,575000.0,2000.0,29,178,74
238902,64,400000.0,5000.0,31,185,74
238936,64,700000.0,1000.0,25,170,69
238961,64,525000.0,700.0,29,180,77
238970,64,575000.0,900.0,28,179,76
238990,64,1300000.0,3000.0,22,182,73
239003,64,1200000.0,3000.0,21,179,70
239410,64,750000.0,3000.0,24,183,80
239545,64,850000.0,10000.0,24,183,79
239634,64,850000.0,550.0,23,187,78
239657,64,600000.0,1000.0,26,193,79
239902,64,925000.0,2000.0,23,181,72
239957,64,525000.0,1000.0,28,175,67
239977,64,1300000.0,2000.0,21,176,65
239989,64,1100000.0,2000.0,23,185,78
239997,64,1300000.0,2000.0,23,187,78
240008,64,1200000.0,850.0,21,185,83
240123,64,1300000.0,1000.0,21,189,83
240156,64,925000.0,4000.0,24,176,68
240195,64,625000.0,2000.0,27,186,82
240227,64,1300000.0,2000.0,22,184,74
240317,64,1300000.0,3000.0,22,186,80
240334,64,1200000.0,2000.0,20,195,79
240335,64,550000.0,2000.0,27,190,85
240513,64,1300000.0,1000.0,22,187,75
240530,64,800000.0,3000.0,24,188,85
240611,64,1300000.0,2000.0,21,175,63
240633,64,875000.0,3000.0,24,189,80
240664,64,375000.0,2000.0,33,177,73
240669,64,1200000.0,850.0,21,187,89
240673,64,1300000.0,2000.0,22,180,73
240729,64,875000.0,1000.0,23,179,68
240776,64,1100000.0,900.0,21,190,85
240777,64,1400000.0,8000.0,22,187,76
240812,64,1200000.0,2000.0,22,184,76
240865,64,1300000.0,3000.0,22,175,66
240906,64,1400000.0,11000.0,22,175,70
240921,64,1200000.0,2000.0,23,172,70
240978,64,1200000.0,1000.0,22,180,73
240987,64,1100000.0,2000.0,21,186,75
241102,64,750000.0,3000.0,25,177,70
241120,64,1200000.0,750.0,21,187,73
241133,64,200000.0,500.0,34,170,76
241157,64,1300000.0,1000.0,22,181,72
241213,64,925000.0,2000.0,23,177,71
241240,64,875000.0,3000.0,24,163,59
241379,64,1300000.0,4000.0,21,178,75
241404,64,400000.0,500.0,31,180,83
241415,64,1300000.0,2000.0,22,187,68
241435,64,1300000.0,13000.0,21,175,72
241462,64,850000.0,5000.0,24,183,75
241646,64,1300000.0,8000.0,21,178,65
241648,64,300000.0,2000.0,31,190,86
241695,64,1200000.0,3000.0,22,175,71
241710,64,1200000.0,9000.0,22,195,79
241793,64,675000.0,4000.0,27,185,79
241828,64,1100000.0,2000.0,21,180,66
241829,64,1100000.0,2000.0,24,186,76
241848,64,1100000.0,500.0,24,193,83
241894,64,1100000.0,2000.0,23,191,83
241935,64,825000.0,1000.0,25,186,80
241943,64,1100000.0,1000.0,23,178,72
241982,64,1200000.0,3000.0,21,175,72
242012,64,725000.0,1000.0,26,182,75
242155,64,725000.0,600.0,25,178,72
242156,64,1300000.0,7000.0,22,173,70
242196,64,1300000.0,1000.0,21,180,73
242212,64,625000.0,4000.0,27,180,67
242223,64,1300000.0,7000.0,21,185,77
242240,64,1300000.0,650.0,19,176,71
242260,64,1200000.0,2000.0,23,194,80
242283,64,900000.0,1000.0,22,180,79
242325,64,675000.0,2000.0,24,191,88
242365,64,1300000.0,2000.0,21,176,75
242390,64,1200000.0,3000.0,22,188,83
242402,64,725000.0,5000.0,25,180,75
242405,64,1300000.0,1000.0,21,177,69
242423,64,1400000.0,13000.0,21,182,72
242424,64,1300000.0,500.0,22,165,63
242531,64,1400000.0,800.0,19,170,60
242560,64,675000.0,1000.0,26,174,73
242562,64,1200000.0,5000.0,22,188,80
242618,64,600000.0,1000.0,28,177,70
242635,64,1200000.0,950.0,21,187,78
242690,64,1100000.0,3000.0,22,191,78
242720,64,775000.0,2000.0,25,191,84
242755,64,1300000.0,2000.0,21,170,66
242965,64,1300000.0,5000.0,21,195,85
243246,64,1300000.0,1000.0,21,183,82
243286,64,675000.0,3000.0,26,188,85
243355,64,1300000.0,1000.0,22,178,72
243357,64,1400000.0,5000.0,20,180,77
243360,64,1300000.0,950.0,21,180,80
243412,64,1200000.0,1000.0,23,182,73
243430,64,1400000.0,2000.0,22,178,70
243445,64,1300000.0,4000.0,21,183,78
243476,64,1100000.0,2000.0,22,187,74
243532,64,1300000.0,800.0,21,178,70
243585,64,1300000.0,1000.0,19,189,78
243587,64,1100000.0,1000.0,22,196,88
243620,64,875000.0,1000.0,22,188,79
243640,64,1500000.0,13000.0,20,175,67
243666,64,,,22,180,73
243669,64,1300000.0,7000.0,21,183,68
243680,64,875000.0,2000.0,23,172,61
243739,64,525000.0,2000.0,29,185,78
243842,64,825000.0,4000.0,24,178,65
243876,64,950000.0,2000.0,21,186,79
243951,64,525000.0,1000.0,28,179,75
244026,64,575000.0,3000.0,27,186,80
244041,64,1300000.0,1000.0,21,182,80
244054,64,575000.0,4000.0,28,170,68
244089,64,1300000.0,5000.0,22,191,84
244120,64,300000.0,3000.0,31,185,80
244142,64,800000.0,1000.0,25,177,72
244181,64,1100000.0,2000.0,21,174,70
244250,64,850000.0,4000.0,24,191,87
244262,64,1100000.0,500.0,22,189,77
244403,64,1400000.0,1000.0,19,179,69
244415,64,550000.0,2000.0,29,188,79
244488,64,1300000.0,1000.0,20,178,79
244513,64,1300000.0,3000.0,21,168,68
244589,64,1200000.0,3000.0,23,184,73
244634,64,1200000.0,5000.0,20,188,85
244684,64,1300000.0,3000.0,22,180,74
244688,64,675000.0,2000.0,27,183,81
244717,64,1300000.0,750.0,21,183,73
244762,64,1300000.0,2000.0,20,188,82
244795,64,1300000.0,5000.0,20,182,77
244807,64,525000.0,2000.0,27,188,88
244859,64,1200000.0,2000.0,21,190,89
244867,64,1100000.0,2000.0,19,194,82
244871,64,1300000.0,3000.0,21,177,66
244995,64,275000.0,500.0,33,183,78
245100,64,1200000.0,5000.0,23,188,81
245129,64,1100000.0,2000.0,23,185,78
245263,64,775000.0,500.0,26,178,71
245264,64,1300000.0,4000.0,20,190,82
245268,64,1300000.0,7000.0,22,171,67
245274,64,1200000.0,5000.0,20,190,79
245290,64,1200000.0,5000.0,22,179,78
245338,64,1400000.0,2000.0,20,181,67
245360,64,800000.0,2000.0,25,168,64
245390,64,1200000.0,1000.0,21,173,63
245393,64,1100000.0,500.0,22,181,68
245402,64,725000.0,500.0,25,175,70
245431,64,475000.0,3000.0,29,186,79
245539,64,1400000.0,1000.0,20,179,78
245613,64,1200000.0,2000.0,22,170,66
245625,64,950000.0,3000.0,22,176,70
245639,64,1400000.0,9000.0,21,180,75
245692,64,825000.0,2000.0,24,170,64
245750,64,1200000.0,2000.0,22,192,89
245751,64,1200000.0,6000.0,22,185,74
245756,64,1300000.0,1000.0,22,180,66
245809,64,1300000.0,2000.0,23,186,83
245856,64,1300000.0,3000.0,21,180,77
245870,64,1400000.0,5000.0,19,178,71
245902,64,1500000.0,11000.0,19,185,72
246061,64,1200000.0,8000.0,23,176,69
246099,64,1500000.0,1000.0,19,173,58
246143,64,1300000.0,4000.0,20,183,73
246229,64,1200000.0,3000.0,23,182,70
246295,64,1400000.0,3000.0,20,179,63
246297,64,1200000.0,2000.0,21,188,81
246329,64,1300000.0,2000.0,22,181,74
246382,64,775000.0,1000.0,26,172,65
246393,64,230000.0,1000.0,35,183,67
246402,64,1300000.0,7000.0,20,178,74
246427,64,875000.0,2000.0,23,174,68
246451,64,1300000.0,2000.0,22,184,75
246546,64,1300000.0,3000.0,21,183,78
246560,64,775000.0,2000.0,25,186,83
246564,64,1100000.0,1000.0,22,191,83
246595,64,575000.0,1000.0,29,175,70
246656,64,1300000.0,3000.0,21,191,83
246685,64,1400000.0,10000.0,21,180,70
246740,64,1100000.0,2000.0,20,184,73
246745,64,1400000.0,9000.0,21,173,74
246802,64,725000.0,3000.0,26,180,80
246804,64,825000.0,2000.0,24,178,72
246816,64,1300000.0,3000.0,21,173,69
246847,64,1200000.0,3000.0,23,182,78
246852,64,1200000.0,2000.0,20,182,72
246957,64,1500000.0,2000.0,19,174,70
246958,64,575000.0,2000.0,27,188,82
247021,64,1300000.0,850.0,22,174,68
247062,64,1300000.0,500.0,22,174,71
247068,64,700000.0,500.0,26,167,56
247081,64,1400000.0,2000.0,21,172,69
247136,64,1300000.0,2000.0,21,178,73
247140,64,1400000.0,7000.0,21,178,76
247143,64,775000.0,4000.0,26,187,79
247195,64,700000.0,3000.0,26,175,69
247325,64,1500000.0,500.0,17,182,75
247336,64,1400000.0,11000.0,21,175,70
247354,64,1300000.0,2000.0,23,178,75
247356,64,525000.0,2000.0,29,180,82
247420,64,1200000.0,1000.0,20,166,63
247459,64,800000.0,2000.0,24,194,82
247463,64,1500000.0,10000.0,19,179,70
247479,64,1200000.0,600.0,20,185,82
247496,64,1300000.0,2000.0,21,170,62
247506,64,1100000.0,1000.0,22,193,83
247580,64,850000.0,2000.0,25,165,66
247658,64,1400000.0,1000.0,19,180,75
247730,64,1300000.0,850.0,20,170,65
247736,64,1400000.0,500.0,20,193,78
247754,64,1200000.0,1000.0,22,185,82
247876,64,1300000.0,2000.0,19,184,70
247938,64,700000.0,2000.0,26,181,74
247944,64,300000.0,3000.0,31,191,89
248010,64,525000.0,3000.0,28,178,75
248011,64,925000.0,1000.0,23,180,76
248052,64,1300000.0,500.0,21,173,73
248147,64,1400000.0,2000.0,20,184,74
248171,64,1400000.0,850.0,21,185,75
248311,64,500000.0,950.0,29,186,84
248405,64,1300000.0,5000.0,20,194,70
248465,64,1500000.0,3000.0,19,173,57
248574,64,1400000.0,5000.0,20,175,68
248702,64,575000.0,4000.0,29,165,69
248762,64,700000.0,2000.0,26,190,77
248821,64,1300000.0,2000.0,22,183,73
248824,64,1300000.0,2000.0,21,180,78
250765,64,700000.0,4000.0,26,181,72
250790,64,1400000.0,3000.0,19,177,78
250822,64,1400000.0,11000.0,20,178,70
250825,64,1400000.0,3000.0,20,180,68
250850,64,750000.0,3000.0,24,192,84
250854,64,1300000.0,2000.0,20,183,75
250916,64,675000.0,1000.0,25,189,84
250932,64,700000.0,1000.0,26,178,70
250955,64,1300000.0,9000.0,21,186,77
251022,64,1200000.0,1000.0,23,177,73
251044,64,525000.0,2000.0,29,171,71
251045,64,575000.0,2000.0,28,174,72
251071,64,1300000.0,3000.0,20,179,70
251072,64,900000.0,3000.0,20,172,63
251079,64,875000.0,2000.0,23,168,60
251258,64,1200000.0,9000.0,22,194,85
251313,64,925000.0,4000.0,22,179,74
251355,64,1100000.0,500.0,24,185,81
251376,64,625000.0,1000.0,27,183,72
251400,64,825000.0,2000.0,24,187,79
251420,64,1200000.0,7000.0,21,185,72
251435,64,875000.0,2000.0,23,186,82
251443,64,700000.0,2000.0,26,178,82
251449,64,1100000.0,1000.0,21,188,80
251451,64,1200000.0,9000.0,20,194,89
251501,64,1100000.0,900.0,24,180,70
251534,64,1200000.0,1000.0,22,190,85
251549,64,1300000.0,1000.0,19,162,62
251581,64,1400000.0,850.0,21,180,78
251630,64,800000.0,2000.0,24,173,68
251634,64,1200000.0,2000.0,24,188,69
251684,64,625000.0,3000.0,27,186,82
251690,64,1300000.0,2000.0,20,185,77
251752,64,1300000.0,2000.0,19,192,78
251757,64,1300000.0,5000.0,22,178,66
251764,64,1100000.0,1000.0,23,191,90
251769,64,1200000.0,3000.0,24,180,75
251842,64,1100000.0,3000.0,22,173,66
251845,64,1300000.0,2000.0,20,184,72
251912,64,1200000.0,4000.0,21,195,79
252045,64,1300000.0,2000.0,20,172,68
252052,64,1300000.0,5000.0,22,175,73
252169,64,1200000.0,1000.0,20,167,65
252188,64,800000.0,2000.0,24,180,74
252247,64,900000.0,500.0,24,180,76
252254,64,875000.0,2000.0,22,178,70
252261,64,1300000.0,2000.0,21,175,70
252310,64,1200000.0,3000.0,22,184,78
252313,64,,,22,180,75
252316,64,1200000.0,2000.0,22,188,76
252382,64,1300000.0,2000.0,21,176,76
252442,64,1300000.0,5000.0,21,183,74
252456,64,575000.0,2000.0,27,185,76
252555,64,1200000.0,3000.0,20,173,65
252578,64,1300000.0,500.0,22,182,70
252593,64,1300000.0,3000.0,21,175,67
252675,64,700000.0,2000.0,25,194,95
252773,64,1200000.0,3000.0,19,198,87
252775,64,850000.0,3000.0,24,178,73
252778,64,675000.0,2000.0,27,174,71
252789,64,1300000.0,500.0,19,190,81
252801,64,1100000.0,8000.0,24,183,86
252925,64,1200000.0,2000.0,22,182,74
252936,64,1400000.0,4000.0,21,173,68
252994,64,1300000.0,2000.0,18,190,73
253039,64,625000.0,3000.0,27,191,84
253145,64,1300000.0,3000.0,21,189,83
253147,64,675000.0,2000.0,27,184,78
253223,64,1200000.0,500.0,23,182,72
253244,64,60000.0,500.0,39,181,76
253288,64,1100000.0,2000.0,23,189,86
253303,64,130000.0,500.0,37,173,68
253313,64,1300000.0,500.0,23,178,66
253433,64,1400000.0,5000.0,20,181,69
253462,64,1200000.0,5000.0,20,183,72
253465,64,1400000.0,10000.0,19,183,78
253528,64,130000.0,500.0,39,173,79
253549,64,850000.0,500.0,24,174,73
253573,64,575000.0,500.0,28,179,66
253583,64,475000.0,500.0,30,182,85
253600,64,300000.0,500.0,33,171,71
253611,64,575000.0,500.0,28,178,78
253625,64,575000.0,500.0,29,175,68
253694,64,850000.0,3000.0,24,180,73
253734,64,800000.0,500.0,24,185,75
253817,64,160000.0,500.0,35,175,72
253841,64,190000.0,500.0,33,182,85
253904,64,1300000.0,500.0,20,179,75
253923,64,575000.0,500.0,30,171,74
254065,64,1300000.0,500.0,21,185,80
254117,64,1400000.0,3000.0,18,183,72
254123,64,1100000.0,5000.0,24,176,68
254136,64,,,21,174,69
254143,64,,,22,192,88
254179,64,210000.0,500.0,34,176,72
254181,64,400000.0,500.0,32,180,76
254203,64,875000.0,500.0,21,182,76
254228,64,1200000.0,3000.0,22,181,82
254273,64,1300000.0,7000.0,20,178,74
254289,64,775000.0,2000.0,23,183,74
254357,64,800000.0,500.0,25,172,70
254418,64,725000.0,500.0,24,167,68
254447,64,775000.0,500.0,24,170,72
254464,64,575000.0,2000.0,30,178,79
254556,64,1400000.0,1000.0,19,189,74
254594,64,1300000.0,3000.0,22,177,64
254637,64,675000.0,1000.0,26,172,68
254691,64,525000.0,1000.0,28,191,85
254723,64,1300000.0,500.0,23,180,73
254739,64,700000.0,500.0,26,175,75
254770,64,650000.0,500.0,26,174,69
254787,64,1400000.0,3000.0,21,183,75
254788,64,1300000.0,3000.0,22,190,78
254803,64,1300000.0,500.0,18,193,72
254898,64,800000.0,3000.0,25,170,66
254903,64,400000.0,2000.0,29,182,77
254904,64,525000.0,1000.0,28,172,65
254932,64,700000.0,500.0,26,183,80
255028,64,1200000.0,3000.0,24,178,70
255123,64,600000.0,500.0,27,186,86
255217,64,1300000.0,3000.0,20,185,79
255232,64,750000.0,2000.0,24,185,80
255254,64,575000.0,500.0,28,184,80
255258,64,1300000.0,2000.0,22,175,67
255274,64,675000.0,2000.0,26,187,79
255308,64,1000000.0,2000.0,22,185,80
255314,64,1300000.0,2000.0,21,183,70
255333,64,1200000.0,3000.0,21,183,75
255445,64,1200000.0,950.0,20,187,73
255462,64,1300000.0,4000.0,22,177,67
255469,64,875000.0,800.0,23,164,60
255516,64,1300000.0,4000.0,21,182,81
255557,64,825000.0,1000.0,20,189,75
255585,64,725000.0,1000.0,25,183,75
255662,64,1300000.0,500.0,21,172,65
255716,64,800000.0,2000.0,24,177,60
255718,64,1300000.0,500.0,21,178,75
255825,64,1200000.0,1000.0,20,180,77
255855,64,775000.0,1000.0,24,170,65
255906,64,1200000.0,1000.0,20,189,78
255907,64,725000.0,3000.0,26,180,74
255928,64,1400000.0,2000.0,19,175,75
255944,64,1100000.0,900.0,23,177,74
255977,64,1200000.0,2000.0,23,185,73
255995,64,1200000.0,500.0,20,174,67
256059,64,925000.0,2000.0,24,174,69
256065,64,1300000.0,5000.0,21,188,88
256079,64,1400000.0,7000.0,19,178,73
256082,64,1200000.0,2000.0,19,181,74
256115,64,1500000.0,2000.0,19,184,79
256275,64,500000.0,700.0,28,180,75
256276,64,500000.0,550.0,27,186,71
256404,64,1200000.0,9000.0,22,184,77
256503,64,1400000.0,2000.0,21,167,72
256518,64,1100000.0,3000.0,22,185,75
256544,64,1400000.0,4000.0,19,182,72
256666,64,1400000.0,10000.0,20,187,76
256697,64,1400000.0,3000.0,20,187,70
256830,64,1400000.0,2000.0,19,176,63
256862,64,1300000.0,2000.0,19,183,74
256882,64,1500000.0,2000.0,20,184,75
256893,64,1300000.0,2000.0,21,191,86
256918,64,1300000.0,950.0,19,177,63
256941,64,500000.0,2000.0,28,185,83
256949,64,1400000.0,3000.0,20,185,73
256967,64,675000.0,1000.0,27,185,77
257020,64,925000.0,2000.0,23,188,81
257021,64,1100000.0,2000.0,23,190,75
257075,64,1500000.0,2000.0,18,169,66
257091,64,1200000.0,2000.0,20,194,85
257110,64,1200000.0,8000.0,22,188,81
257151,64,1300000.0,3000.0,22,173,69
257159,64,1300000.0,3000.0,21,176,68
257218,64,1300000.0,2000.0,22,172,73
257283,64,1200000.0,850.0,20,173,70
257341,64,925000.0,1000.0,23,176,69
257349,64,1500000.0,5000.0,20,182,78
257368,64,1400000.0,650.0,19,185,79
257380,64,1300000.0,2000.0,19,182,76
257396,64,1300000.0,3000.0,21,172,63
257399,64,1600000.0,1000.0,17,185,80
257412,64,1100000.0,1000.0,23,175,68
257534,64,1600000.0,14000.0,19,189,74
257549,64,1300000.0,3000.0,22,172,70
257622,64,1300000.0,500.0,21,176,70
257640,64,475000.0,900.0,29,192,78
257646,64,575000.0,1000.0,27,176,73
257669,64,1100000.0,700.0,22,190,77
257723,64,725000.0,2000.0,23,188,75
257759,64,550000.0,2000.0,28,181,77
257794,64,575000.0,2000.0,27,180,84
257839,64,775000.0,3000.0,25,173,70
257866,64,1300000.0,3000.0,21,172,66
257872,64,575000.0,3000.0,29,175,69
257919,64,1400000.0,3000.0,19,175,75
257966,64,1300000.0,8000.0,21,177,74
258014,64,1300000.0,2000.0,22,184,78
258025,64,375000.0,3000.0,33,180,76
258034,64,1300000.0,4000.0,20,178,74
258037,64,1500000.0,3000.0,19,180,72
258039,64,675000.0,2000.0,27,190,82
258081,64,1400000.0,3000.0,20,178,70
258100,64,775000.0,2000.0,25,184,82
258124,64,1200000.0,3000.0,22,168,68
258280,64,850000.0,2000.0,25,185,74
258316,64,1500000.0,2000.0,19,188,76
258420,64,1100000.0,950.0,22,188,75
258426,64,650000.0,2000.0,26,186,80
258557,64,1300000.0,2000.0,23,188,74
258565,64,825000.0,950.0,21,170,69
258570,64,1200000.0,1000.0,21,190,77
258619,64,1300000.0,500.0,18,176,71
258625,64,1200000.0,4000.0,21,185,78
258652,64,700000.0,1000.0,20,184,82
258708,64,1300000.0,3000.0,19,189,77
258710,64,1300000.0,2000.0,20,186,87
258866,64,1500000.0,500.0,18,184,74
258902,64,1200000.0,2000.0,22,187,85
258937,64,1400000.0,3000.0,19,177,73
258953,64,925000.0,2000.0,23,177,78
258966,64,1400000.0,3000.0,21,181,72
259022,64,1400000.0,800.0,18,180,80
259031,64,1900000.0,9000.0,18,186,72
259068,64,1200000.0,2000.0,20,185,80
259070,64,1400000.0,2000.0,19,180,75
259105,64,1400000.0,750.0,19,178,70
259183,64,700000.0,2000.0,26,188,84
259190,64,1400000.0,3000.0,19,184,79
259205,64,1400000.0,3000.0,19,183,73
259206,64,1100000.0,6000.0,22,196,60
259214,64,525000.0,500.0,29,178,71
259273,64,675000.0,2000.0,26,186,84
259306,64,1500000.0,2000.0,19,179,74
259352,64,1100000.0,800.0,21,190,82
259361,64,1300000.0,2000.0,22,180,76
259453,64,875000.0,550.0,23,180,72
259486,64,1400000.0,2000.0,19,171,71
259582,64,1300000.0,3000.0,20,184,75
259583,64,1400000.0,2000.0,18,186,67
259633,64,1500000.0,500.0,18,174,65
259679,64,1600000.0,9000.0,18,179,68
259682,64,1200000.0,500.0,23,180,72
259696,64,525000.0,500.0,28,184,78
259787,64,1200000.0,2000.0,19,175,75
259795,64,1300000.0,500.0,21,170,65
259820,64,800000.0,500.0,25,173,73
259823,64,850000.0,500.0,24,183,82
259855,64,1400000.0,2000.0,19,184,83
259856,64,800000.0,500.0,24,176,70
259859,64,675000.0,500.0,27,179,74
259901,64,825000.0,500.0,25,176,84
259904,64,725000.0,500.0,25,185,85
259964,64,925000.0,500.0,24,168,60
260019,64,925000.0,3000.0,24,169,64
260025,64,575000.0,500.0,28,177,78
260045,64,1200000.0,500.0,19,182,72
260183,64,675000.0,500.0,26,174,68
260199,64,525000.0,1000.0,29,175,69
260202,64,1200000.0,500.0,20,180,67
260204,64,875000.0,500.0,22,170,75
260208,64,575000.0,500.0,28,170,62
260215,64,775000.0,1000.0,25,180,73
260227,64,725000.0,1000.0,25,182,78
260233,64,1200000.0,2000.0,19,186,81
260237,64,1400000.0,2000.0,18,183,66
260253,64,500000.0,500.0,29,187,86
260256,64,775000.0,500.0,24,172,69
260286,64,750000.0,1000.0,25,171,68
260302,64,1300000.0,600.0,18,183,80
260329,64,1300000.0,500.0,21,175,74
260364,64,550000.0,1000.0,28,185,80
260365,64,925000.0,2000.0,23,167,60
260415,64,1500000.0,1000.0,18,175,55
260464,64,1200000.0,600.0,19,172,70
260542,64,550000.0,500.0,29,190,86
260582,64,925000.0,3000.0,23,185,79
260601,64,1400000.0,2000.0,19,170,68
260704,64,1200000.0,2000.0,22,183,71
260744,64,1300000.0,3000.0,23,180,72
260865,64,675000.0,4000.0,27,192,82
260937,64,775000.0,500.0,25,177,70
261000,64,800000.0,500.0,25,175,67
261019,64,400000.0,3000.0,31,175,68
261033,64,700000.0,500.0,25,180,77
261037,64,1300000.0,2000.0,21,178,74
261047,64,1300000.0,3000.0,21,181,78
261066,64,1100000.0,3000.0,23,180,77
261147,64,775000.0,500.0,25,170,65
261195,64,1300000.0,2000.0,20,180,75
261222,64,1500000.0,1000.0,19,168,60
261264,64,1300000.0,3000.0,20,185,74
261273,64,1300000.0,2000.0,19,174,64
261327,64,800000.0,500.0,24,170,65
261350,64,1300000.0,3000.0,21,182,79
261388,64,775000.0,1000.0,26,190,84
261413,64,825000.0,1000.0,23,186,79
261531,64,1300000.0,500.0,17,180,75
261566,64,1200000.0,1000.0,21,168,69
261659,64,925000.0,3000.0,22,185,80
261663,64,850000.0,3000.0,23,192,83
261680,64,1600000.0,2000.0,19,172,60
261696,64,875000.0,500.0,24,180,75
262137,64,1400000.0,7000.0,19,182,72
262256,64,875000.0,2000.0,24,173,62
262293,64,900000.0,2000.0,23,192,81
262344,64,800000.0,1000.0,23,182,73
262355,64,575000.0,2000.0,29,187,79
262360,64,775000.0,2000.0,24,181,79
262389,64,500000.0,3000.0,28,182,77
262403,64,850000.0,2000.0,23,175,68
262418,64,575000.0,2000.0,28,185,77
262421,64,625000.0,2000.0,27,178,74
262431,64,400000.0,1000.0,31,170,63
262437,64,850000.0,2000.0,24,187,82
262449,64,925000.0,2000.0,24,185,77
262495,64,575000.0,2000.0,28,182,76
262501,64,1200000.0,1000.0,22,176,70
262503,64,1300000.0,2000.0,22,189,84
262565,64,875000.0,500.0,24,171,67
262617,64,700000.0,3000.0,26,170,72
262624,64,575000.0,500.0,27,189,82
262642,64,1300000.0,3000.0,20,183,80
262652,64,1300000.0,4000.0,20,180,70
262691,64,675000.0,2000.0,25,178,68
262724,64,675000.0,2000.0,25,184,80
262740,64,1300000.0,950.0,20,177,74
262803,64,850000.0,1000.0,24,175,70
262822,64,1200000.0,500.0,21,195,85
262839,64,1300000.0,1000.0,21,185,78
262842,64,1500000.0,500.0,18,172,68
262880,64,1500000.0,4000.0,20,184,78
262927,64,575000.0,2000.0,29,181,78
262929,64,1100000.0,3000.0,22,187,80
262938,64,1300000.0,900.0,18,188,78
262955,64,650000.0,3000.0,26,190,88
263041,64,1400000.0,4000.0,20,180,72
263131,64,675000.0,4000.0,26,185,81
263144,64,1200000.0,1000.0,19,177,70
263164,64,775000.0,500.0,25,174,74
263169,64,1500000.0,1000.0,18,177,71
263233,64,1300000.0,10000.0,21,180,72
263259,64,875000.0,2000.0,24,185,76
263365,64,850000.0,3000.0,23,170,70
263390,64,1400000.0,500.0,17,185,85
263477,64,1100000.0,500.0,22,183,74
263553,64,850000.0,2000.0,24,183,75
263607,64,1100000.0,3000.0,21,170,66
263637,64,1400000.0,700.0,18,170,63
263670,64,1200000.0,1000.0,20,187,77
263725,64,550000.0,2000.0,28,193,84
263823,64,1400000.0,850.0,19,185,75
263897,64,1300000.0,1000.0,21,192,84
263943,64,1400000.0,3000.0,18,175,70
263944,64,700000.0,3000.0,25,174,68
263945,64,1500000.0,6000.0,19,175,69
264008,64,800000.0,8000.0,25,184,75
264044,64,1300000.0,5000.0,19,190,81
264105,64,1200000.0,4000.0,21,185,74
264158,64,1300000.0,3000.0,19,177,70
264195,64,1300000.0,2000.0,22,180,75
264210,64,1400000.0,7000.0,20,177,66
264230,64,1400000.0,1000.0,18,180,75
264266,64,1600000.0,2000.0,18,188,74
264267,64,1400000.0,2000.0,20,186,71
264308,64,1400000.0,1000.0,19,180,74
264322,64,1400000.0,4000.0,19,177,68
264323,64,1300000.0,3000.0,20,179,71
264387,64,1400000.0,7000.0,21,198,89
264406,64,1300000.0,3000.0,19,184,75
264414,64,1200000.0,2000.0,20,183,77
264430,64,1300000.0,5000.0,21,187,80
11381,63,50000.0,1000.0,39,185,81
29552,63,,800.0,43,178,71
111503,63,160000.0,1000.0,37,176,72
111590,63,230000.0,2000.0,34,183,76
155533,63,160000.0,2000.0,36,188,89
156478,63,90000.0,2000.0,39,178,77
160204,63,500000.0,500.0,21,182,73
162512,63,160000.0,2000.0,34,188,89
163254,63,130000.0,1000.0,35,188,83
165321,63,150000.0,2000.0,35,186,80
171923,63,220000.0,2000.0,34,183,74
172928,63,190000.0,2000.0,35,188,79
173734,63,300000.0,3000.0,32,189,82
173836,63,400000.0,3000.0,32,175,73
173895,63,240000.0,2000.0,32,188,90
180352,63,250000.0,850.0,33,185,71
180902,63,200000.0,2000.0,35,188,80
181010,63,230000.0,2000.0,33,170,65
182156,63,325000.0,650.0,32,184,80
182422,63,160000.0,2000.0,33,192,84
182451,63,160000.0,2000.0,33,188,78
182489,63,80000.0,2000.0,34,183,70
182761,63,80000.0,1000.0,34,190,90
182867,63,110000.0,500.0,38,173,65
182883,63,400000.0,4000.0,31,176,67
183122,63,,,36,187,74
183829,63,250000.0,1000.0,33,168,64
183885,63,400000.0,1000.0,31,177,72
184148,63,350000.0,1000.0,30,190,85
185226,63,325000.0,2000.0,31,184,78
186112,63,400000.0,2000.0,31,188,87
186117,63,400000.0,1000.0,29,188,82
186126,63,375000.0,2000.0,32,175,60
186352,63,325000.0,3000.0,31,188,82
186488,63,50000.0,2000.0,38,193,88
186536,63,400000.0,2000.0,31,191,86
186884,63,400000.0,750.0,29,183,83
187154,63,400000.0,4000.0,30,193,76
187837,63,475000.0,2000.0,30,177,75
187857,63,250000.0,1000.0,31,196,91
188001,63,475000.0,1000.0,29,186,87
188970,63,375000.0,1000.0,32,180,75
189208,63,400000.0,2000.0,32,196,87
189217,63,450000.0,2000.0,30,178,68
189325,63,350000.0,1000.0,31,172,72
189695,63,475000.0,2000.0,30,176,66
189924,63,350000.0,1000.0,31,189,80
190239,63,475000.0,5000.0,29,185,76
190492,63,450000.0,4000.0,30,188,89
190625,63,450000.0,3000.0,30,168,64
190637,63,230000.0,1000.0,33,194,86
190822,63,400000.0,1000.0,28,201,102
190826,63,400000.0,4000.0,30,188,82
191669,63,190000.0,950.0,35,175,70
191827,63,50000.0,650.0,36,184,82
191848,63,50000.0,4000.0,35,196,86
191871,63,190000.0,1000.0,35,175,71
191909,63,400000.0,2000.0,31,187,83
192481,63,475000.0,2000.0,29,183,76
192496,63,400000.0,3000.0,29,188,79
192611,63,375000.0,2000.0,32,190,83
192761,63,425000.0,1000.0,28,176,78
192765,63,425000.0,500.0,30,178,74
192923,63,325000.0,1000.0,31,185,84
192989,63,400000.0,2000.0,29,173,70
193073,63,90000.0,2000.0,36,193,80
193087,63,250000.0,1000.0,33,177,72
193608,63,475000.0,5000.0,29,180,77
193913,63,250000.0,500.0,31,187,85
193957,63,425000.0,2000.0,29,180,76
194937,63,400000.0,2000.0,29,191,79
195124,63,475000.0,3000.0,30,178,77
195262,63,475000.0,2000.0,30,188,90
196883,63,180000.0,500.0,34,181,73
196972,63,400000.0,1000.0,29,195,90
197148,63,400000.0,650.0,31,176,73
197226,63,475000.0,1000.0,30,183,82
198073,63,325000.0,3000.0,31,190,76
198252,63,475000.0,4000.0,29,180,73
198604,63,400000.0,1000.0,30,177,73
198841,63,325000.0,950.0,31,190,80
199010,63,400000.0,850.0,30,178,78
199121,63,200000.0,2000.0,35,187,73
199294,63,325000.0,2000.0,32,179,71
199475,63,475000.0,700.0,29,177,73
199479,63,400000.0,1000.0,29,191,90
199498,63,475000.0,1000.0,28,173,75
199730,63,250000.0,1000.0,31,183,72
200086,63,400000.0,1000.0,31,181,68
200197,63,400000.0,3000.0,31,181,76
200294,63,400000.0,500.0,31,181,74
200718,63,550000.0,1000.0,27,197,84
200731,63,400000.0,3000.0,29,185,78
200744,63,500000.0,2000.0,27,185,73
200812,63,400000.0,2000.0,29,189,93
200898,63,475000.0,3000.0,29,179,64
200953,63,475000.0,650.0,30,181,79
200980,63,475000.0,2000.0,30,170,65
201026,63,325000.0,3000.0,31,190,80
201212,63,475000.0,3000.0,28,183,78
201364,63,425000.0,2000.0,30,177,71
202033,63,350000.0,4000.0,31,175,77
202117,63,500000.0,1000.0,27,183,73
202341,63,475000.0,3000.0,28,171,63
202465,63,475000.0,1000.0,29,173,66
202482,63,180000.0,3000.0,34,188,80
202492,63,400000.0,850.0,30,193,86
202498,63,425000.0,2000.0,29,171,67
202526,63,500000.0,2000.0,28,178,67
202533,63,425000.0,4000.0,28,167,74
202551,63,400000.0,1000.0,30,194,85
202949,63,300000.0,1000.0,33,178,76
203034,63,325000.0,2000.0,30,190,84
203092,63,500000.0,2000.0,28,190,85
203338,63,425000.0,2000.0,30,180,75
203500,63,550000.0,5000.0,27,173,72
203575,63,425000.0,1000.0,30,186,76
204007,63,525000.0,3000.0,27,178,75
204098,63,525000.0,3000.0,27,173,74
204175,63,400000.0,650.0,29,194,78
204222,63,425000.0,3000.0,28,175,78
204725,63,350000.0,1000.0,30,190,84
205019,63,425000.0,3000.0,28,179,73
205393,63,475000.0,2000.0,28,185,70
205441,63,375000.0,1000.0,29,186,76
205582,63,475000.0,2000.0,27,180,82
205586,63,525000.0,8000.0,27,180,71
205712,63,500000.0,2000.0,27,175,74
205893,63,425000.0,500.0,28,180,76
205903,63,500000.0,1000.0,27,179,70
205956,63,425000.0,2000.0,28,188,86
205972,63,500000.0,500.0,28,186,74
206004,63,300000.0,2000.0,32,191,83
206081,63,550000.0,500.0,26,173,67
206520,63,400000.0,1000.0,29,185,75
206558,63,550000.0,2000.0,27,181,71
206598,63,475000.0,1000.0,28,175,65
207460,63,500000.0,1000.0,27,182,70
207499,63,500000.0,2000.0,28,183,78
207558,63,475000.0,1000.0,30,183,76
207646,63,525000.0,3000.0,26,183,80
207809,63,325000.0,1000.0,31,185,84
207902,63,400000.0,2000.0,31,184,77
207918,63,500000.0,3000.0,28,190,84
208229,63,425000.0,7000.0,29,180,79
208304,63,500000.0,1000.0,27,170,63
208316,63,475000.0,1000.0,29,182,70
208474,63,325000.0,2000.0,32,187,80
208812,63,500000.0,3000.0,27,178,77
208852,63,500000.0,2000.0,27,178,71
209002,63,375000.0,2000.0,28,193,82
209075,63,375000.0,500.0,32,184,83
209368,63,550000.0,3000.0,27,177,62
209413,63,400000.0,950.0,30,193,88
209493,63,500000.0,2000.0,27,186,91
209526,63,500000.0,850.0,27,175,62
209565,63,325000.0,6000.0,31,171,64
209975,63,375000.0,500.0,32,173,75
210113,63,550000.0,3000.0,27,180,78
210249,63,475000.0,2000.0,27,181,77
210352,63,500000.0,2000.0,27,191,76
210392,63,575000.0,2000.0,26,174,69
210509,63,350000.0,3000.0,28,185,76
210762,63,550000.0,2000.0,26,177,72
210773,63,575000.0,1000.0,26,175,61
210924,63,400000.0,3000.0,30,175,68
211019,63,475000.0,2000.0,28,180,73
211074,63,425000.0,3000.0,28,181,73
211105,63,450000.0,2000.0,25,190,91
211227,63,400000.0,950.0,29,180,70
211395,63,500000.0,7000.0,28,181,76
211434,63,425000.0,2000.0,28,187,80
211607,63,600000.0,2000.0,24,174,71
211618,63,500000.0,3000.0,27,176,70
211622,63,450000.0,1000.0,29,187,79
211900,63,400000.0,1000.0,29,190,84
212146,63,500000.0,900.0,27,178,68
212167,63,725000.0,4000.0,24,170,74
212175,63,250000.0,2000.0,31,186,81
212450,63,500000.0,1000.0,28,183,74
212511,63,425000.0,2000.0,28,184,75
212535,63,500000.0,1000.0,25,186,76
212560,63,450000.0,2000.0,26,181,80
212682,63,650000.0,2000.0,25,182,71
212782,63,675000.0,2000.0,25,183,80
212792,63,400000.0,2000.0,29,185,83
212805,63,425000.0,3000.0,28,186,75
213009,63,575000.0,5000.0,26,175,70
213093,63,425000.0,1000.0,29,180,72
213151,63,575000.0,3000.0,25,188,74
213283,63,250000.0,950.0,31,185,78
213305,63,475000.0,1000.0,30,199,93
213434,63,575000.0,3000.0,26,175,65
213483,63,50000.0,500.0,41,192,91
213571,63,425000.0,2000.0,30,185,81
213663,63,625000.0,1000.0,25,169,68
213686,63,575000.0,4000.0,26,178,72
213687,63,475000.0,2000.0,26,180,83
213835,63,525000.0,3000.0,26,192,82
213855,63,475000.0,950.0,27,185,75
213869,63,500000.0,2000.0,27,179,71
214287,63,475000.0,800.0,27,180,78
214634,63,550000.0,3000.0,27,176,64
214755,63,475000.0,900.0,28,180,81
215130,63,50000.0,1000.0,39,185,85
215494,63,625000.0,2000.0,25,174,65
215562,63,475000.0,3000.0,25,171,67
215584,63,325000.0,2000.0,32,189,80
215601,63,475000.0,3000.0,30,183,85
215657,63,425000.0,2000.0,28,195,88
215756,63,575000.0,9000.0,26,181,70
216264,63,475000.0,2000.0,27,193,72
216299,63,575000.0,2000.0,25,180,76
216322,63,575000.0,3000.0,26,178,76
216444,63,475000.0,1000.0,28,178,72
216478,63,525000.0,2000.0,26,189,86
216501,63,500000.0,2000.0,27,178,81
216620,63,400000.0,1000.0,31,175,68
216699,63,750000.0,2000.0,24,180,70
216795,63,625000.0,3000.0,26,180,77
216981,63,625000.0,2000.0,25,185,85
217191,63,475000.0,4000.0,27,182,75
217199,63,550000.0,2000.0,27,189,85
218212,63,500000.0,2000.0,27,203,94
218576,63,500000.0,2000.0,27,179,70
218591,63,525000.0,2000.0,26,178,70
218731,63,475000.0,500.0,28,183,70
218737,63,240000.0,2000.0,33,176,70
218867,63,50000.0,500.0,39,181,79
219133,63,475000.0,500.0,28,174,70
219453,63,525000.0,950.0,26,172,70
219486,63,575000.0,2000.0,25,191,74
219492,63,475000.0,2000.0,28,179,75
219518,63,475000.0,3000.0,28,173,72
219550,63,475000.0,2000.0,29,196,92
219643,63,525000.0,2000.0,25,186,85
219705,63,525000.0,1000.0,25,189,81
219774,63,750000.0,2000.0,24,173,66
220074,63,675000.0,2000.0,25,189,86
220306,63,550000.0,4000.0,27,189,75
220531,63,525000.0,2000.0,26,184,70
220833,63,625000.0,3000.0,24,186,78
221106,63,475000.0,4000.0,29,190,86
221369,63,475000.0,4000.0,29,171,63
221373,63,500000.0,4000.0,28,182,80
221421,63,400000.0,3000.0,31,179,74
221443,63,325000.0,1000.0,32,175,74
221475,63,475000.0,1000.0,28,183,80
221499,63,400000.0,3000.0,31,185,80
221534,63,600000.0,950.0,26,180,76
221648,63,475000.0,3000.0,27,175,72
221766,63,675000.0,2000.0,25,171,68
221801,63,475000.0,5000.0,28,178,66
221831,63,475000.0,2000.0,28,170,67
221836,63,425000.0,1000.0,29,177,72
221845,63,375000.0,3000.0,28,190,80
221938,63,675000.0,1000.0,25,182,71
222183,63,400000.0,3000.0,30,180,77
222209,63,600000.0,4000.0,25,191,75
222582,63,450000.0,2000.0,29,184,79
222583,63,650000.0,3000.0,25,180,75
222600,63,550000.0,950.0,26,188,87
222654,63,700000.0,2000.0,24,188,76
222947,63,400000.0,2000.0,29,185,78
223041,63,450000.0,3000.0,27,195,92
223180,63,525000.0,3000.0,25,188,79
223253,63,625000.0,950.0,23,180,70
223305,63,650000.0,2000.0,23,174,62
223650,63,650000.0,500.0,25,178,73
223663,63,625000.0,2000.0,25,183,72
223744,63,475000.0,2000.0,29,180,80
223760,63,450000.0,700.0,28,186,80
223851,63,375000.0,500.0,32,182,75
223902,63,475000.0,3000.0,29,173,70
224055,63,425000.0,3000.0,30,174,69
224068,63,425000.0,1000.0,26,182,77
224188,63,425000.0,2000.0,28,182,83
224311,63,575000.0,3000.0,26,178,74
224324,63,675000.0,2000.0,25,192,83
224421,63,550000.0,700.0,26,193,83
224426,63,575000.0,3000.0,25,185,75
224433,63,525000.0,1000.0,26,189,74
224525,63,600000.0,1000.0,25,173,73
224597,63,625000.0,1000.0,25,192,78
224616,63,500000.0,6000.0,28,181,75
224761,63,550000.0,1000.0,25,189,85
225053,63,1000000.0,900.0,24,175,73
225075,63,575000.0,1000.0,26,183,82
225280,63,575000.0,1000.0,24,188,76
225336,63,575000.0,1000.0,25,185,70
225383,63,750000.0,4000.0,24,175,64
225387,63,650000.0,2000.0,25,178,72
225498,63,675000.0,3000.0,24,180,74
225542,63,625000.0,1000.0,24,176,74
225557,63,925000.0,2000.0,23,184,74
225600,63,500000.0,4000.0,27,177,70
225781,63,725000.0,2000.0,24,183,76
225999,63,575000.0,1000.0,25,176,70
226259,63,375000.0,3000.0,26,188,77
226288,63,825000.0,1000.0,24,187,77
226424,63,110000.0,2000.0,38,172,73
226514,63,725000.0,2000.0,22,180,65
226728,63,600000.0,800.0,26,183,75
226759,63,625000.0,1000.0,26,187,75
226950,63,675000.0,3000.0,24,185,73
227579,63,725000.0,3000.0,24,189,80
227599,63,700000.0,1000.0,25,182,66
227603,63,650000.0,950.0,23,180,77
227612,63,475000.0,2000.0,30,179,73
227629,63,1100000.0,2000.0,23,170,69
227682,63,750000.0,4000.0,23,180,74
227751,63,425000.0,2000.0,28,174,74
227817,63,575000.0,2000.0,25,167,67
227881,63,675000.0,3000.0,22,180,69
227913,63,900000.0,2000.0,24,177,75
227948,63,575000.0,4000.0,25,190,80
228044,63,625000.0,1000.0,26,181,80
228106,63,700000.0,3000.0,23,191,77
228152,63,650000.0,3000.0,24,190,77
228188,63,475000.0,800.0,27,179,75
228216,63,425000.0,2000.0,29,175,70
228238,63,675000.0,1000.0,25,186,82
228299,63,600000.0,1000.0,25,179,75
228327,63,475000.0,1000.0,29,185,81
228368,63,650000.0,3000.0,25,180,76
228454,63,650000.0,1000.0,24,178,71
228562,63,525000.0,1000.0,25,196,84
228584,63,725000.0,2000.0,23,182,73
228607,63,575000.0,700.0,24,186,82
228783,63,875000.0,7000.0,25,178,75
228889,63,500000.0,1000.0,27,184,74
229072,63,475000.0,2000.0,30,187,78
229087,63,675000.0,1000.0,24,188,79
229169,63,650000.0,3000.0,24,184,74
229194,63,1000000.0,1000.0,22,172,67
229269,63,650000.0,3000.0,24,180,70
229327,63,325000.0,1000.0,31,178,73
229382,63,525000.0,500.0,27,182,80
229641,63,350000.0,2000.0,31,175,66
229800,63,425000.0,3000.0,28,185,77
229816,63,575000.0,3000.0,26,194,84
230000,63,925000.0,1000.0,22,183,73
230121,63,625000.0,2000.0,26,186,85
230171,63,400000.0,3000.0,25,180,75
230505,63,475000.0,6000.0,29,181,74
230532,63,475000.0,5000.0,29,182,65
230677,63,575000.0,3000.0,24,190,82
230694,63,475000.0,8000.0,26,197,82
230834,63,600000.0,10000.0,25,185,79
230864,63,975000.0,2000.0,23,170,75
230897,63,775000.0,2000.0,24,182,83
230919,63,700000.0,1000.0,23,193,68
230971,63,575000.0,1000.0,24,195,90
230982,63,475000.0,4000.0,29,191,80
231016,63,625000.0,2000.0,25,188,80
231101,63,600000.0,950.0,23,175,70
231103,63,700000.0,2000.0,25,183,67
231197,63,575000.0,5000.0,26,183,80
231233,63,725000.0,2000.0,23,174,73
231267,63,775000.0,1000.0,22,175,65
231411,63,1000000.0,2000.0,22,184,75
231498,63,475000.0,1000.0,28,185,87
231582,63,725000.0,2000.0,23,175,77
231912,63,1000000.0,1000.0,23,185,81
231914,63,825000.0,1000.0,23,187,80
231916,63,675000.0,550.0,25,185,79
231954,63,525000.0,4000.0,27,179,70
231956,63,500000.0,2000.0,27,183,77
231987,63,475000.0,2000.0,27,178,77
231993,63,160000.0,2000.0,33,183,76
232082,63,450000.0,1000.0,27,191,88
232102,63,1000000.0,3000.0,22,185,75
232161,63,475000.0,900.0,28,186,81
232338,63,400000.0,1000.0,30,183,78
232357,63,675000.0,900.0,22,162,60
232365,63,240000.0,1000.0,32,186,90
232375,63,230000.0,1000.0,34,169,67
232446,63,1100000.0,1000.0,22,186,70
232447,63,80000.0,850.0,34,188,80
232505,63,50000.0,1000.0,38,188,85
232538,63,725000.0,1000.0,24,174,67
232567,63,325000.0,1000.0,31,180,76
232648,63,675000.0,2000.0,24,185,71
232671,63,750000.0,650.0,24,187,77
232686,63,400000.0,2000.0,31,176,73
232822,63,725000.0,1000.0,24,174,66
232850,63,675000.0,1000.0,23,185,80
232885,63,675000.0,1000.0,25,162,62
232909,63,350000.0,2000.0,31,170,70
232918,63,300000.0,2000.0,32,179,72
232939,63,700000.0,2000.0,23,171,68
233046,63,675000.0,2000.0,22,183,78
233048,63,1200000.0,7000.0,21,178,68
233114,63,725000.0,3000.0,24,183,71
233175,63,650000.0,2000.0,24,174,67
233196,63,400000.0,3000.0,31,182,77
233280,63,425000.0,1000.0,28,175,71
233375,63,925000.0,750.0,23,185,72
233410,63,230000.0,1000.0,33,187,77
233508,63,625000.0,500.0,23,180,66
233570,63,650000.0,500.0,25,175,76
233575,63,425000.0,500.0,28,185,73
233719,63,425000.0,2000.0,29,177,73
233876,63,475000.0,2000.0,29,180,67
233920,63,725000.0,3000.0,25,183,85
233931,63,900000.0,600.0,23,183,80
233938,63,1100000.0,2000.0,21,180,70
234050,63,550000.0,750.0,25,190,80
234063,63,775000.0,2000.0,24,182,80
234173,63,600000.0,1000.0,25,178,76
234228,63,925000.0,6000.0,23,189,80
234421,63,725000.0,3000.0,25,180,74
234586,63,375000.0,4000.0,32,168,69
234614,63,1100000.0,4000.0,22,170,71
234645,63,550000.0,1000.0,24,191,75
234743,63,1100000.0,3000.0,22,183,75
234785,63,625000.0,2000.0,25,177,72
234982,63,675000.0,3000.0,23,190,74
235037,63,700000.0,2000.0,23,182,66
235051,63,1000000.0,2000.0,22,185,80
235056,63,725000.0,1000.0,24,180,76
235064,63,925000.0,2000.0,23,180,65
235071,63,925000.0,1000.0,22,180,75
235380,63,750000.0,3000.0,23,182,70
235421,63,825000.0,1000.0,21,184,81
235439,63,725000.0,900.0,24,180,74
235500,63,550000.0,4000.0,25,177,63
235545,63,625000.0,4000.0,24,187,80
235600,63,350000.0,4000.0,31,168,68
235607,63,500000.0,2000.0,27,175,75
235618,63,725000.0,3000.0,21,178,71
235643,63,550000.0,2000.0,26,184,78
235665,63,1000000.0,600.0,23,185,73
235703,63,750000.0,3000.0,23,178,75
235728,63,1000000.0,2000.0,22,191,84
235744,63,1100000.0,4000.0,22,175,74
235780,63,1000000.0,2000.0,21,177,76
235800,63,900000.0,2000.0,23,187,81
235913,63,1100000.0,3000.0,22,173,64
236025,63,600000.0,4000.0,26,196,85
236143,63,475000.0,3000.0,25,182,73
236193,63,550000.0,4000.0,25,180,74
236222,63,775000.0,3000.0,23,178,69
236310,63,675000.0,2000.0,24,183,70
236381,63,575000.0,1000.0,26,185,69
236388,63,975000.0,5000.0,22,179,77
236553,63,700000.0,1000.0,24,185,78
236579,63,525000.0,900.0,25,195,78
236591,63,1100000.0,950.0,21,179,80
236633,63,700000.0,2000.0,25,177,75
236663,63,925000.0,5000.0,21,190,92
236675,63,925000.0,3000.0,23,183,72
236780,63,525000.0,2000.0,26,188,83
236782,63,1100000.0,2000.0,22,173,68
236787,63,1000000.0,3000.0,22,184,76
236867,63,925000.0,1000.0,22,185,80
237026,63,925000.0,1000.0,22,184,74
237139,63,1200000.0,5000.0,21,182,68
237188,63,1000000.0,9000.0,21,185,72
237253,63,725000.0,2000.0,25,178,77
237355,63,500000.0,5000.0,28,191,75
237414,63,475000.0,850.0,26,192,86
237428,63,550000.0,1000.0,27,177,68
237475,63,1000000.0,2000.0,23,178,70
237503,63,1000000.0,7000.0,22,176,70
237601,63,975000.0,1000.0,22,177,82
237713,63,525000.0,500.0,27,180,70
237776,63,50000.0,1000.0,35,186,80
237871,63,1100000.0,3000.0,21,180,70
237875,63,1000000.0,1000.0,24,180,82
237978,63,1000000.0,3000.0,22,180,78
237983,63,1000000.0,650.0,23,186,78
237993,63,750000.0,3000.0,24,172,70
238036,63,1100000.0,500.0,23,175,70
238055,63,750000.0,6000.0,24,175,68
238093,63,925000.0,2000.0,23,193,85
238106,63,325000.0,3000.0,32,183,75
238127,63,725000.0,3000.0,24,180,72
238177,63,1100000.0,1000.0,21,178,68
238188,63,1100000.0,2000.0,22,180,74
238189,63,1100000.0,11000.0,21,183,64
238195,63,500000.0,1000.0,27,184,75
238210,63,400000.0,1000.0,31,186,83
238360,63,700000.0,750.0,23,182,75
238509,63,1100000.0,2000.0,22,183,78
238511,63,1000000.0,2000.0,22,187,83
238599,63,475000.0,1000.0,30,172,69
238627,63,975000.0,1000.0,24,184,75
238694,63,525000.0,1000.0,27,184,80
238699,63,375000.0,2000.0,29,190,89
238726,63,1100000.0,2000.0,23,179,70
238736,63,1100000.0,13000.0,22,186,81
238755,63,975000.0,7000.0,21,187,72
238758,63,1200000.0,1000.0,20,182,71
238765,63,1000000.0,1000.0,23,176,70
238767,63,1100000.0,1000.0,21,172,68
238786,63,725000.0,550.0,24,187,77
238792,63,750000.0,3000.0,24,175,70
238843,63,975000.0,1000.0,22,174,65
238919,63,625000.0,1000.0,24,191,79
238981,63,500000.0,2000.0,27,182,73
238997,63,925000.0,2000.0,22,190,83
239076,63,1000000.0,2000.0,22,190,77
239182,63,475000.0,1000.0,27,192,84
239305,63,900000.0,2000.0,24,180,74
239352,63,525000.0,650.0,26,183,79
239406,63,900000.0,2000.0,23,189,74
239418,63,1100000.0,2000.0,23,194,88
239451,63,1000000.0,1000.0,23,177,71
239468,63,575000.0,3000.0,26,176,64
239495,63,700000.0,2000.0,24,175,70
239502,63,900000.0,6000.0,21,185,82
239506,63,900000.0,12000.0,24,187,80
239553,63,1100000.0,6000.0,22,183,78
239586,63,500000.0,2000.0,27,192,86
239596,63,900000.0,1000.0,23,191,83
239636,63,500000.0,3000.0,27,197,85
239651,63,625000.0,2000.0,24,187,80
239668,63,1000000.0,900.0,23,186,83
239752,63,500000.0,600.0,27,189,82
239805,63,550000.0,2000.0,24,190,83
239879,63,1000000.0,2000.0,23,183,78
239903,63,700000.0,2000.0,22,191,85
239925,63,750000.0,1000.0,23,178,65
239995,63,1100000.0,3000.0,23,170,67
240055,63,1000000.0,3000.0,22,174,67
240150,63,1000000.0,950.0,22,180,74
240209,63,775000.0,2000.0,21,184,82
240248,63,1000000.0,2000.0,22,175,72
240259,63,750000.0,2000.0,23,185,75
240262,63,725000.0,2000.0,23,169,68
240329,63,1100000.0,1000.0,22,175,72
240346,63,825000.0,2000.0,23,191,79
240358,63,925000.0,1000.0,21,180,69
240385,63,1100000.0,2000.0,23,187,80
240388,63,1100000.0,900.0,21,175,70
240398,63,950000.0,500.0,24,166,67
240405,63,700000.0,2000.0,24,175,73
240434,63,725000.0,4000.0,24,185,74
240457,63,1000000.0,3000.0,24,183,87
240496,63,1100000.0,9000.0,20,185,73
240587,63,575000.0,3000.0,26,174,63
240605,63,1000000.0,2000.0,21,175,63
240606,63,1100000.0,2000.0,20,177,63
240665,63,475000.0,900.0,28,183,79
240681,63,925000.0,1000.0,22,190,75
240803,63,975000.0,15000.0,22,175,73
240809,63,1000000.0,3000.0,20,195,82
240826,63,1100000.0,2000.0,21,185,78
240891,63,675000.0,1000.0,25,172,67
240904,63,1000000.0,1000.0,20,178,72
240967,63,1100000.0,2000.0,21,191,75
241036,63,1000000.0,2000.0,22,178,68
241075,63,975000.0,3000.0,23,175,69
241191,63,625000.0,2000.0,26,185,77
241311,63,325000.0,3000.0,32,175,70
241328,63,1000000.0,4000.0,24,188,78
241488,63,1000000.0,4000.0,23,177,80
241534,63,900000.0,2000.0,24,191,74
241567,63,1000000.0,2000.0,21,184,77
241619,63,725000.0,2000.0,24,173,67
241812,63,1000000.0,2000.0,21,192,86
241958,63,925000.0,500.0,24,170,71
241960,63,1100000.0,1000.0,21,180,78
241993,63,625000.0,2000.0,26,191,91
242004,63,775000.0,1000.0,21,182,69
242040,63,1100000.0,2000.0,22,178,67
242055,63,575000.0,1000.0,26,187,75
242101,63,725000.0,3000.0,25,185,85
242184,63,1100000.0,2000.0,21,170,64
242197,63,1100000.0,1000.0,21,192,88
242263,63,1000000.0,1000.0,23,179,81
242291,63,550000.0,1000.0,27,190,78
242292,63,725000.0,4000.0,24,185,85
242312,63,625000.0,8000.0,26,178,72
242319,63,675000.0,3000.0,23,183,78
242322,63,575000.0,3000.0,25,178,70
242328,63,1100000.0,1000.0,21,182,80
242433,63,1100000.0,550.0,21,190,78
242449,63,975000.0,750.0,23,180,72
242541,63,900000.0,6000.0,23,185,76
242594,63,700000.0,2000.0,22,177,67
242624,63,625000.0,2000.0,25,175,71
242655,63,1100000.0,3000.0,20,170,62
242684,63,750000.0,2000.0,24,175,66
242710,63,1200000.0,11000.0,20,183,75
242748,63,750000.0,1000.0,23,177,77
242758,63,625000.0,2000.0,25,175,73
242947,63,1200000.0,4000.0,21,189,81
242967,63,1200000.0,7000.0,21,178,65
243023,63,1000000.0,2000.0,21,170,70
243154,63,1200000.0,5000.0,20,191,78
243163,63,1100000.0,2000.0,21,178,70
243177,63,925000.0,2000.0,22,182,71
243178,63,1100000.0,2000.0,23,189,77
243220,63,975000.0,1000.0,20,185,75
243349,63,1200000.0,13000.0,20,180,74
243365,63,575000.0,1000.0,25,186,82
243589,63,1000000.0,1000.0,21,175,70
243598,63,625000.0,1000.0,25,171,72
243610,63,825000.0,950.0,23,186,82
243639,63,1100000.0,7000.0,22,181,80
243785,63,1000000.0,1000.0,21,178,75
243810,63,925000.0,1000.0,21,184,84
243838,63,1200000.0,5000.0,21,174,70
243840,63,1000000.0,7000.0,20,178,75
243922,63,475000.0,1000.0,28,187,74
243926,63,425000.0,1000.0,29,184,70
243966,63,1100000.0,500.0,23,178,76
244076,63,975000.0,1000.0,22,180,71
244088,63,975000.0,2000.0,21,180,69
244118,63,475000.0,2000.0,28,176,65
244126,63,1000000.0,2000.0,21,183,75
244192,63,650000.0,3000.0,23,195,87
244196,63,1100000.0,6000.0,20,183,75
244233,63,675000.0,5000.0,24,195,95
244254,63,625000.0,2000.0,23,189,74
244321,63,600000.0,2000.0,26,177,63
244448,63,1000000.0,7000.0,23,187,78
244476,63,1100000.0,3000.0,21,181,75
244522,63,725000.0,2000.0,24,177,69
244685,63,725000.0,3000.0,23,190,85
244690,63,1100000.0,700.0,20,175,70
244708,63,725000.0,750.0,22,182,74
244724,63,1100000.0,2000.0,20,175,71
244758,63,1000000.0,3000.0,24,184,85
244772,63,725000.0,500.0,24,172,65
244829,63,625000.0,900.0,23,173,67
244858,63,1000000.0,3000.0,20,177,69
244870,63,1000000.0,2000.0,21,178,72
244920,63,1000000.0,2000.0,22,180,75
244933,63,1200000.0,8000.0,21,172,71
244953,63,550000.0,3000.0,27,170,65
244979,63,575000.0,850.0,26,184,78
245092,63,1000000.0,1000.0,22,182,80
245125,63,1000000.0,1000.0,21,174,66
245145,63,925000.0,1000.0,22,183,74
245176,63,1000000.0,650.0,22,188,80
245233,63,1000000.0,1000.0,21,190,77
245248,63,475000.0,1000.0,30,178,74
245252,63,1000000.0,2000.0,22,193,93
245376,63,1200000.0,1000.0,20,178,67
245406,63,925000.0,850.0,23,180,72
245436,63,600000.0,2000.0,25,167,66
245553,63,1100000.0,3000.0,20,188,87
245554,63,1000000.0,1000.0,23,177,78
245612,63,425000.0,1000.0,29,180,77
245685,63,,,21,187,82
245761,63,1100000.0,2000.0,21,181,68
245846,63,1000000.0,550.0,20,170,66
245996,63,1000000.0,4000.0,22,180,75
246009,63,1100000.0,2000.0,19,170,67
246063,63,1100000.0,1000.0,21,180,82
246085,63,500000.0,500.0,26,187,85
246189,63,575000.0,500.0,26,187,70
246258,63,1200000.0,2000.0,20,176,77
246301,63,1000000.0,1000.0,21,180,70
246310,63,1100000.0,2000.0,21,185,72
246326,63,1200000.0,3000.0,20,173,64
246336,63,1300000.0,2000.0,20,178,72
246396,63,1200000.0,800.0,20,175,76
246611,63,1100000.0,3000.0,22,179,72
246614,63,400000.0,1000.0,29,182,75
246649,63,1100000.0,1000.0,19,185,72
246682,63,1200000.0,4000.0,18,167,59
246723,63,1100000.0,3000.0,21,191,70
246725,63,160000.0,2000.0,33,183,83
246744,63,900000.0,9000.0,23,180,70
246848,63,1100000.0,3000.0,22,183,74
246873,63,1000000.0,6000.0,21,191,80
246874,63,1100000.0,2000.0,21,177,70
246936,63,425000.0,1000.0,28,188,77
246965,63,875000.0,3000.0,25,180,75
246979,63,1200000.0,1000.0,21,174,68
246986,63,1100000.0,3000.0,22,168,66
247073,63,1000000.0,3000.0,21,180,79
247084,63,975000.0,2000.0,22,175,70
247138,63,1100000.0,2000.0,23,179,71
247205,63,80000.0,2000.0,34,196,91
247209,63,1100000.0,2000.0,19,175,65
247213,63,1100000.0,2000.0,20,173,67
247338,63,550000.0,3000.0,26,184,77
247352,63,1200000.0,1000.0,20,163,62
247404,63,1000000.0,550.0,21,177,78
247611,63,925000.0,650.0,23,187,75
247679,63,1100000.0,1000.0,20,193,85
247722,63,1200000.0,2000.0,20,170,60
247731,63,1100000.0,9000.0,20,176,70
247764,63,1100000.0,9000.0,20,176,68
247806,63,1100000.0,2000.0,22,188,79
247966,63,700000.0,2000.0,23,180,72
247970,63,350000.0,2000.0,31,175,68
248024,63,250000.0,1000.0,31,185,85
248025,63,325000.0,1000.0,29,196,90
248100,63,325000.0,2000.0,32,181,79
248119,63,1100000.0,2000.0,22,179,72
248128,63,1300000.0,1000.0,19,183,72
248157,63,1100000.0,5000.0,22,173,65
248166,63,1100000.0,2000.0,21,179,73
248231,63,1200000.0,2000.0,20,168,67
248360,63,1000000.0,2000.0,19,183,74
248485,63,500000.0,2000.0,27,172,70
248492,63,1100000.0,1000.0,19,182,65
248498,63,1300000.0,6000.0,20,173,64
248572,63,1100000.0,750.0,18,173,62
248576,63,1100000.0,2000.0,21,188,79
248604,63,1000000.0,4000.0,19,168,60
248718,63,650000.0,2000.0,25,184,70
248772,63,1100000.0,2000.0,19,175,62
248774,63,950000.0,3000.0,23,188,73
248871,63,1000000.0,500.0,19,172,70
248880,63,1000000.0,1000.0,21,180,70
250725,63,1100000.0,1000.0,20,183,69
250754,63,1000000.0,2000.0,20,194,78
250789,63,1100000.0,2000.0,18,179,77
250816,63,1200000.0,2000.0,20,180,70
250875,63,650000.0,500.0,24,194,80
250876,63,700000.0,500.0,23,180,76
250911,63,475000.0,1000.0,29,180,77
250991,63,650000.0,900.0,24,180,74
251002,63,650000.0,1000.0,24,178,72
251065,63,130000.0,1000.0,35,183,75
251088,63,400000.0,950.0,29,185,83
251136,63,925000.0,1000.0,23,189,81
251303,63,375000.0,2000.0,32,181,75
251320,63,525000.0,3000.0,26,193,85
251495,63,300000.0,500.0,32,180,74
251499,63,1100000.0,5000.0,20,176,77
251500,63,425000.0,1000.0,30,185,77
251560,63,1000000.0,2000.0,20,176,75
251582,63,1100000.0,2000.0,23,186,72
251597,63,1100000.0,2000.0,22,185,79
251629,63,1100000.0,2000.0,21,189,85
251638,63,230000.0,3000.0,33,185,80
251651,63,1200000.0,3000.0,20,190,78
251666,63,500000.0,3000.0,27,175,65
251672,63,575000.0,4000.0,25,178,68
251680,63,575000.0,1000.0,25,175,70
251688,63,1200000.0,700.0,20,175,69
251760,63,625000.0,2000.0,25,193,80
251787,63,350000.0,2000.0,31,177,73
251811,63,1000000.0,2000.0,22,173,65
251834,63,1100000.0,500.0,18,170,61
251908,63,1000000.0,1000.0,19,173,70
251956,63,1000000.0,850.0,20,176,75
251988,63,1100000.0,1000.0,22,184,75
251995,63,900000.0,2000.0,20,188,82
251999,63,1100000.0,5000.0,20,187,75
252047,63,925000.0,2000.0,22,180,70
252066,63,1000000.0,9000.0,20,185,73
252077,63,600000.0,2000.0,25,174,75
252096,63,425000.0,500.0,28,170,73
252112,63,1000000.0,1000.0,21,191,81
252119,63,650000.0,2000.0,23,187,89
252201,63,1200000.0,2000.0,21,181,70
252225,63,925000.0,1000.0,21,192,88
252248,63,1000000.0,500.0,21,175,68
252391,63,1100000.0,1000.0,21,188,82
252434,63,675000.0,1000.0,24,185,73
252438,63,1100000.0,2000.0,19,172,68
252526,63,1300000.0,11000.0,20,185,76
252598,63,1100000.0,5000.0,22,175,70
252710,63,750000.0,1000.0,22,177,70
252740,63,1100000.0,2000.0,22,175,70
252742,63,600000.0,3000.0,26,187,75
252827,63,975000.0,2000.0,24,185,78
252857,63,1000000.0,3000.0,21,193,86
252858,63,1200000.0,1000.0,20,171,67
252996,63,625000.0,500.0,26,173,72
253089,63,1100000.0,950.0,19,190,76
253325,63,500000.0,500.0,27,178,68
253329,63,240000.0,500.0,32,183,77
253388,63,900000.0,2000.0,22,196,93
253438,63,975000.0,1000.0,21,170,67
253497,63,975000.0,700.0,18,193,94
253541,63,700000.0,500.0,21,185,76
253543,63,750000.0,900.0,24,166,61
253556,63,1300000.0,1000.0,19,176,68
253609,63,1000000.0,500.0,23,173,68
253638,63,50000.0,500.0,41,183,75
253778,63,230000.0,500.0,34,174,70
253794,63,300000.0,500.0,32,182,75
253836,63,475000.0,500.0,26,188,80
253874,63,725000.0,500.0,22,175,69
253899,63,475000.0,500.0,28,169,69
253922,63,160000.0,500.0,39,184,80
254001,63,1100000.0,2000.0,21,176,74
254019,63,1200000.0,1000.0,20,183,73
254022,63,1100000.0,2000.0,19,198,78
254069,63,1100000.0,500.0,22,172,75
254087,63,1100000.0,1000.0,20,182,81
254121,63,1100000.0,4000.0,18,191,75
254129,63,1100000.0,1000.0,21,181,70
254148,63,1000000.0,900.0,19,184,75
254217,63,475000.0,500.0,28,185,70
254244,63,1200000.0,3000.0,20,183,75
254284,63,625000.0,900.0,25,186,71
254297,63,1000000.0,1000.0,21,188,79
254383,63,475000.0,500.0,29,173,71
254390,63,475000.0,500.0,26,188,78
254401,63,50000.0,500.0,36,179,80
254403,63,475000.0,500.0,27,180,77
254416,63,230000.0,500.0,34,170,72
254456,63,550000.0,500.0,27,172,71
254483,63,1000000.0,4000.0,22,178,69
254529,63,1200000.0,7000.0,19,184,73
254586,63,1200000.0,3000.0,22,174,70
254654,63,900000.0,500.0,22,184,76
254695,63,1200000.0,1000.0,20,175,69
254724,63,775000.0,500.0,24,180,84
254757,63,525000.0,500.0,25,175,72
254765,63,550000.0,500.0,27,175,69
254784,63,1300000.0,1000.0,20,169,56
254820,63,1100000.0,500.0,18,180,66
254841,63,675000.0,2000.0,24,173,70
254847,63,675000.0,2000.0,23,185,79
254893,63,675000.0,500.0,24,170,67
254935,63,600000.0,500.0,25,184,73
255012,63,725000.0,500.0,22,175,72
255018,63,1000000.0,500.0,24,188,83
255031,63,1100000.0,2000.0,22,188,77
255038,63,675000.0,2000.0,23,177,72
255079,63,1000000.0,500.0,19,183,79
255136,63,625000.0,1000.0,24,185,79
255138,63,525000.0,3000.0,27,183,78
255174,63,1100000.0,2000.0,18,175,68
255185,63,1000000.0,650.0,19,175,66
255192,63,525000.0,2000.0,25,187,82
255194,63,550000.0,500.0,27,173,68
255211,63,900000.0,2000.0,24,192,86
255252,63,700000.0,1000.0,24,194,85
255352,63,1200000.0,3000.0,21,178,70
255373,63,1200000.0,950.0,20,175,70
255377,63,1200000.0,8000.0,20,172,71
255454,63,700000.0,600.0,23,173,71
255479,63,725000.0,1000.0,24,183,73
255489,63,725000.0,500.0,23,173,67
255524,63,1000000.0,1000.0,23,186,81
255532,63,1200000.0,2000.0,19,171,60
255538,63,1100000.0,800.0,22,192,81
255703,63,1000000.0,600.0,21,180,70
255760,63,1000000.0,1000.0,20,184,72
255835,63,775000.0,950.0,22,175,74
255871,63,975000.0,2000.0,22,173,65
255887,63,750000.0,2000.0,23,175,68
255972,63,1200000.0,2000.0,20,180,75
255992,63,650000.0,500.0,24,177,78
256022,63,775000.0,500.0,24,176,69
256024,63,625000.0,1000.0,24,193,84
256044,63,1000000.0,2000.0,22,181,73
256064,63,1100000.0,500.0,21,186,78
256104,63,1100000.0,2000.0,19,188,86
256128,63,1200000.0,2000.0,19,175,64
256214,63,1100000.0,2000.0,19,182,78
256306,63,1200000.0,700.0,17,171,65
256418,63,1100000.0,750.0,19,178,74
256478,63,725000.0,650.0,25,194,87
256501,63,1100000.0,2000.0,20,176,70
256525,63,1000000.0,2000.0,19,170,63
256597,63,700000.0,1000.0,24,176,60
256678,63,950000.0,1000.0,24,178,68
256699,63,500000.0,2000.0,27,185,80
256711,63,975000.0,2000.0,22,185,71
256741,63,550000.0,3000.0,27,186,75
256831,63,1100000.0,1000.0,19,182,72
256852,63,1200000.0,2000.0,21,185,79
256859,63,1100000.0,2000.0,19,179,76
256868,63,230000.0,2000.0,34,173,70
256953,63,1100000.0,500.0,17,188,78
256984,63,1000000.0,1000.0,21,185,79
257058,63,425000.0,1000.0,29,173,69
257072,63,1100000.0,2000.0,20,185,75
257083,63,1100000.0,4000.0,18,182,83
257084,63,1200000.0,1000.0,17,188,83
257136,63,675000.0,1000.0,23,187,77
257145,63,975000.0,1000.0,22,170,65
257150,63,650000.0,550.0,24,181,73
257195,63,1100000.0,8000.0,23,186,74
257236,63,725000.0,2000.0,24,196,92
257273,63,1100000.0,2000.0,19,183,80
257304,63,575000.0,3000.0,23,190,87
257316,63,700000.0,500.0,23,190,82
257407,63,925000.0,2000.0,23,179,79
257411,63,1000000.0,1000.0,21,185,71
257415,63,625000.0,3000.0,25,180,70
257434,63,725000.0,1000.0,23,183,78
257528,63,1100000.0,2000.0,22,175,70
257618,63,475000.0,2000.0,26,190,85
257631,63,700000.0,2000.0,23,187,76
257636,63,1100000.0,2000.0,20,185,80
257719,63,1100000.0,1000.0,19,183,67
257732,63,475000.0,2000.0,29,176,71
257814,63,425000.0,2000.0,30,177,75
257820,63,425000.0,2000.0,29,172,68
257863,63,475000.0,3000.0,28,193,79
257874,63,475000.0,3000.0,29,183,74
257886,63,1100000.0,700.0,18,177,73
257887,63,700000.0,900.0,23,175,72
257916,63,1100000.0,3000.0,19,180,70
257917,63,1000000.0,4000.0,20,185,75
257975,63,1200000.0,4000.0,21,183,73
258133,63,550000.0,500.0,26,186,76
258149,63,975000.0,2000.0,23,184,80
258185,63,1200000.0,1000.0,18,169,67
258194,63,1300000.0,500.0,19,176,78
258216,63,1200000.0,3000.0,21,188,80
258240,63,925000.0,1000.0,21,185,73
258273,63,1100000.0,2000.0,21,173,70
258291,63,1000000.0,2000.0,21,184,73
258328,63,550000.0,2000.0,26,189,84
258386,63,750000.0,2000.0,21,191,83
258400,63,575000.0,700.0,26,181,76
258437,63,1100000.0,1000.0,18,195,63
258451,63,1100000.0,2000.0,19,178,65
258485,63,1100000.0,2000.0,19,189,77
258488,63,500000.0,3000.0,27,188,88
258497,63,1100000.0,2000.0,23,180,77
258550,63,1000000.0,6000.0,20,170,70
258574,63,650000.0,2000.0,24,176,80
258596,63,725000.0,2000.0,20,176,69
258607,63,900000.0,11000.0,22,187,83
258763,63,1000000.0,2000.0,20,189,83
258767,63,1000000.0,1000.0,20,181,76
258786,63,1000000.0,2000.0,22,177,72
258812,63,1100000.0,7000.0,21,187,80
258834,63,1200000.0,500.0,17,178,66
258917,63,1100000.0,1000.0,23,177,73
258925,63,1200000.0,2000.0,20,186,78
258932,63,1500000.0,5000.0,18,174,65
258936,63,875000.0,500.0,18,197,93
259010,63,500000.0,2000.0,27,177,67
259064,63,1200000.0,3000.0,20,176,65
259069,63,1100000.0,500.0,19,182,72
259136,63,1200000.0,2000.0,20,178,72
259154,63,550000.0,2000.0,27,192,75
259159,63,1100000.0,500.0,17,185,75
259170,63,1300000.0,650.0,17,171,66
259171,63,1100000.0,4000.0,20,177,64
259179,63,1100000.0,5000.0,22,178,73
259209,63,1200000.0,2000.0,21,178,75
259241,63,975000.0,3000.0,24,192,82
259323,63,1100000.0,500.0,21,175,75
259356,63,1500000.0,1000.0,17,183,70
259405,63,1100000.0,3000.0,19,177,64
259422,63,1200000.0,2000.0,18,178,72
259456,63,1100000.0,550.0,19,176,76
259559,63,975000.0,2000.0,19,192,78
259580,63,1000000.0,1000.0,19,194,80
259685,63,400000.0,500.0,30,188,94
259697,63,425000.0,500.0,28,176,78
259747,63,1200000.0,4000.0,21,180,80
259762,63,1100000.0,1000.0,18,181,72
259781,63,650000.0,500.0,24,160,60
259806,63,1200000.0,4000.0,18,178,67
259824,63,475000.0,500.0,28,170,59
259902,63,240000.0,500.0,33,175,78
259923,63,925000.0,600.0,21,193,85
259975,63,625000.0,500.0,25,179,63
260027,63,1000000.0,500.0,20,182,78
260034,63,450000.0,500.0,27,186,78
260091,63,1200000.0,500.0,20,193,81
260100,63,1200000.0,950.0,18,175,71
260159,63,975000.0,3000.0,20,194,85
260186,63,750000.0,1000.0,21,187,73
260197,63,250000.0,850.0,31,182,76
260207,63,450000.0,1000.0,28,175,69
260214,63,675000.0,900.0,24,168,64
260232,63,1200000.0,500.0,18,185,76
260251,63,180000.0,500.0,34,171,70
260273,63,1100000.0,500.0,21,176,72
260276,63,1100000.0,500.0,20,181,73
260284,63,600000.0,1000.0,25,181,72
260294,63,475000.0,1000.0,27,184,80
260303,63,575000.0,2000.0,25,177,75
260318,63,230000.0,1000.0,34,184,76
260323,63,375000.0,900.0,28,185,85
260339,63,700000.0,900.0,23,178,67
260340,63,1300000.0,2000.0,19,182,75
260354,63,650000.0,1000.0,24,183,82
260357,63,725000.0,2000.0,23,178,69
260359,63,675000.0,1000.0,25,184,80
260367,63,575000.0,1000.0,25,164,61
260372,63,575000.0,500.0,25,177,72
260410,63,700000.0,1000.0,24,173,65
260413,63,1100000.0,2000.0,21,179,75
260529,63,750000.0,500.0,24,171,67
260546,63,1100000.0,1000.0,20,189,73
260569,63,1000000.0,3000.0,22,181,74
260611,63,425000.0,2000.0,29,184,78
260663,63,1200000.0,2000.0,21,170,64
260692,63,1100000.0,3000.0,20,185,80
260719,63,500000.0,1000.0,28,189,77
260741,63,700000.0,2000.0,22,180,80
260770,63,1000000.0,500.0,21,181,77
260812,63,525000.0,500.0,26,187,82
260814,63,1100000.0,3000.0,19,175,70
260826,63,1100000.0,2000.0,20,170,64
260895,63,1300000.0,4000.0,19,173,66
260926,63,1100000.0,4000.0,19,183,74
260942,63,1300000.0,700.0,18,181,82
260991,63,975000.0,800.0,21,186,76
261025,63,1500000.0,3000.0,17,179,73
261137,63,550000.0,2000.0,27,176,72
261174,63,925000.0,3000.0,23,168,66
261207,63,950000.0,500.0,24,176,63
261233,63,1100000.0,500.0,19,178,69
261257,63,1300000.0,500.0,20,186,72
261261,63,1100000.0,3000.0,22,180,69
261308,63,625000.0,500.0,25,170,67
261322,63,160000.0,500.0,33,188,82
261328,63,550000.0,500.0,26,175,72
261364,63,1000000.0,500.0,24,175,72
261374,63,1300000.0,5000.0,18,172,63
261378,63,925000.0,500.0,23,175,71
261398,63,230000.0,3000.0,33,182,82
261402,63,450000.0,500.0,27,175,71
261427,63,230000.0,500.0,33,184,80
261438,63,1100000.0,2000.0,21,177,68
261443,63,1200000.0,2000.0,21,174,69
261444,63,1200000.0,1000.0,18,170,60
261446,63,1100000.0,1000.0,19,179,75
261620,63,1100000.0,2000.0,22,169,72
261654,63,1100000.0,500.0,17,183,75
261753,63,1300000.0,8000.0,19,177,65
261880,63,975000.0,500.0,23,170,67
261993,63,1200000.0,500.0,17,178,70
262042,63,1100000.0,2000.0,19,193,87
262100,63,1000000.0,2000.0,22,193,85
262103,63,1100000.0,1000.0,20,174,69
262113,63,1100000.0,5000.0,19,175,75
262149,63,1100000.0,500.0,17,180,75
262160,63,500000.0,3000.0,27,180,74
262183,63,725000.0,2000.0,23,179,72
262240,63,1200000.0,3000.0,21,172,65
262260,63,1100000.0,8000.0,22,174,69
262337,63,1000000.0,2000.0,19,180,68
262338,63,1100000.0,2000.0,21,179,70
262340,63,900000.0,2000.0,23,188,80
262353,63,700000.0,1000.0,24,180,76
262383,63,675000.0,2000.0,24,181,74
262387,63,475000.0,2000.0,27,173,68
262404,63,1000000.0,2000.0,21,190,81
262425,63,625000.0,2000.0,26,180,81
262433,63,925000.0,1000.0,22,184,77
262439,63,625000.0,1000.0,24,195,92
262445,63,550000.0,2000.0,27,176,74
262481,63,525000.0,2000.0,26,178,70
262484,63,425000.0,2000.0,29,178,71
262490,63,550000.0,2000.0,27,187,82
262496,63,500000.0,2000.0,28,192,80
262507,63,1000000.0,1000.0,21,178,75
262508,63,1200000.0,1000.0,20,177,74
262525,63,975000.0,2000.0,23,177,76
262575,63,1100000.0,500.0,21,181,75
262607,63,1200000.0,1000.0,18,182,74
262618,63,425000.0,3000.0,30,171,71
262635,63,525000.0,1000.0,26,187,82
262663,63,1100000.0,4000.0,20,188,79
262672,63,1100000.0,3000.0,19,180,72
262685,63,375000.0,1000.0,32,175,74
262703,63,300000.0,1000.0,32,188,82
262726,63,975000.0,2000.0,24,180,75
262730,63,475000.0,2000.0,29,176,71
262742,63,625000.0,950.0,21,179,79
262765,63,400000.0,500.0,30,194,87
262766,63,500000.0,500.0,27,187,75
262780,63,475000.0,600.0,28,172,68
262790,63,700000.0,2000.0,23,181,71
262817,63,425000.0,2000.0,28,183,78
262823,63,925000.0,500.0,23,182,70
262889,63,1100000.0,3000.0,18,187,78
262971,63,650000.0,2000.0,24,186,78
262984,63,1100000.0,2000.0,23,182,77
263006,63,1100000.0,3000.0,20,177,63
263014,63,1100000.0,2000.0,18,181,73
263049,63,975000.0,2000.0,23,180,70
263089,63,1000000.0,900.0,20,180,72
263153,63,1100000.0,500.0,19,183,78
263183,63,475000.0,2000.0,27,190,78
263194,63,1200000.0,3000.0,17,167,58
263204,63,525000.0,2000.0,25,188,80
263209,63,700000.0,2000.0,24,189,77
263239,63,1100000.0,1000.0,19,190,83
263281,63,1200000.0,3000.0,19,196,84
263326,63,1200000.0,500.0,20,167,63
263339,63,1100000.0,1000.0,19,188,86
263349,63,725000.0,2000.0,22,172,70
263370,63,1300000.0,500.0,16,172,68
263432,63,525000.0,3000.0,26,182,75
263452,63,575000.0,2000.0,25,180,70
263475,63,1100000.0,2000.0,20,175,70
263504,63,1000000.0,1000.0,19,173,76
263549,63,1100000.0,2000.0,21,190,77
263556,63,975000.0,6000.0,20,191,79
263559,63,1100000.0,1000.0,19,177,70
263573,63,1100000.0,2000.0,19,187,70
263630,63,1100000.0,2000.0,19,179,66
263643,63,950000.0,1000.0,24,187,81
263659,63,1200000.0,500.0,17,182,81
263671,63,1100000.0,2000.0,22,186,78
263680,63,575000.0,2000.0,25,180,72
263733,63,700000.0,1000.0,24,190,79
263880,63,1000000.0,2000.0,20,187,80
263927,63,575000.0,3000.0,26,183,74
264050,63,1100000.0,3000.0,19,180,70
264081,63,1100000.0,3000.0,19,185,78
264103,63,1200000.0,2000.0,19,193,79
264110,63,1200000.0,3000.0,19,172,71
264134,63,1100000.0,1000.0,21,177,75
264159,63,1100000.0,2000.0,18,176,71
264170,63,1000000.0,11000.0,20,190,76
264228,63,1100000.0,1000.0,19,180,75
264236,63,1200000.0,2000.0,20,172,67
264289,63,1200000.0,2000.0,20,181,75
264291,63,1100000.0,2000.0,20,178,72
264307,63,1100000.0,1000.0,18,181,73
264313,63,675000.0,2000.0,23,177,66
264321,63,1100000.0,2000.0,22,182,78
264381,63,475000.0,850.0,28,177,75
264419,63,625000.0,3000.0,26,194,87
264438,63,1200000.0,900.0,18,185,75
264439,63,1100000.0,500.0,21,178,74
264448,63,625000.0,700.0,25,173,73
264451,63,1100000.0,7000.0,20,186,77
264463,63,625000.0,2000.0,26,185,72
264464,63,1000000.0,750.0,20,178,72
264566,63,700000.0,500.0,22,186,78
10899,62,140000.0,2000.0,37,186,83
53818,62,130000.0,1000.0,37,173,73
113555,62,140000.0,500.0,36,178,80
150894,62,70000.0,500.0,37,185,84
152456,62,45000.0,1000.0,36,188,87
155422,62,45000.0,800.0,40,188,85
163581,62,70000.0,2000.0,36,185,79
165110,62,130000.0,1000.0,34,184,80
165787,62,130000.0,2000.0,37,180,74
165880,62,70000.0,850.0,37,182,78
167919,62,210000.0,2000.0,33,178,65
169389,62,130000.0,2000.0,34,180,71
169415,62,45000.0,1000.0,38,185,83
169584,62,110000.0,800.0,35,183,79
169609,62,190000.0,2000.0,33,185,87
169909,62,275000.0,2000.0,32,175,68
170027,62,130000.0,2000.0,34,185,73
170072,62,325000.0,4000.0,32,181,67
170229,62,190000.0,2000.0,33,191,79
170305,62,110000.0,2000.0,35,185,72
171970,62,325000.0,3000.0,31,180,73
172823,62,190000.0,2000.0,34,180,70
173244,62,45000.0,1000.0,37,189,87
173665,62,325000.0,2000.0,32,168,74
175598,62,160000.0,2000.0,35,185,84
177313,62,190000.0,2000.0,34,188,78
177521,62,140000.0,800.0,34,180,81
177692,62,240000.0,2000.0,33,183,78
179578,62,70000.0,650.0,36,190,84
179871,62,240000.0,2000.0,33,180,79
181298,62,190000.0,1000.0,33,184,83
181468,62,275000.0,2000.0,30,185,84
182206,62,200000.0,3000.0,32,188,85
182474,62,130000.0,2000.0,33,190,81
182681,62,210000.0,2000.0,33,180,73
183025,62,170000.0,550.0,35,188,78
183066,62,190000.0,3000.0,33,188,80
183425,62,400000.0,4000.0,30,193,76
183477,62,210000.0,3000.0,31,195,89
183549,62,210000.0,1000.0,31,188,83
183665,62,240000.0,3000.0,33,181,75
183720,62,275000.0,2000.0,32,170,71
183807,62,250000.0,3000.0,33,178,79
183993,62,325000.0,900.0,32,181,73
184269,62,250000.0,2000.0,32,188,78
184467,62,400000.0,2000.0,30,186,78
185038,62,130000.0,650.0,33,188,76
185243,62,70000.0,500.0,36,184,77
186157,62,375000.0,2000.0,30,183,75
186259,62,275000.0,1000.0,31,181,70
186416,62,170000.0,500.0,35,184,74
187077,62,325000.0,3000.0,31,170,75
187796,62,325000.0,2000.0,31,180,75
188989,62,275000.0,500.0,31,175,73
189013,62,200000.0,1000.0,32,190,83
189905,62,375000.0,900.0,30,184,79
190179,62,275000.0,2000.0,30,188,79
190235,62,325000.0,2000.0,29,183,71
190240,62,375000.0,3000.0,30,178,81
190518,62,400000.0,1000.0,29,180,77
191006,62,275000.0,950.0,31,191,85
191684,62,200000.0,850.0,32,191,86
191980,62,275000.0,2000.0,31,182,74
192479,62,400000.0,2000.0,29,172,67
192811,62,400000.0,3000.0,29,173,58
193235,62,275000.0,3000.0,31,184,81
193740,62,350000.0,4000.0,30,178,72
194790,62,325000.0,3000.0,29,185,83
194944,62,240000.0,500.0,33,173,77
195519,62,400000.0,2000.0,29,178,74
197932,62,400000.0,3000.0,30,180,80
198543,62,325000.0,900.0,31,177,79
198655,62,400000.0,3000.0,28,180,75
199014,62,325000.0,900.0,32,180,77
199860,62,250000.0,600.0,33,189,82
200061,62,325000.0,2000.0,30,175,75
200286,62,350000.0,2000.0,30,187,75
200319,62,275000.0,2000.0,32,180,74
200633,62,325000.0,2000.0,29,191,82
200704,62,325000.0,1000.0,31,182,78
200714,62,475000.0,3000.0,27,179,76
200900,62,450000.0,850.0,27,176,72
200928,62,400000.0,2000.0,28,190,75
200952,62,325000.0,700.0,32,174,70
201268,62,425000.0,1000.0,26,180,72
201353,62,325000.0,1000.0,28,185,78
201467,62,130000.0,750.0,34,188,85
201864,62,210000.0,750.0,31,191,90
201932,62,190000.0,1000.0,33,189,87
201935,62,350000.0,3000.0,30,180,70
201993,62,400000.0,1000.0,30,190,86
202079,62,350000.0,950.0,28,190,88
202549,62,450000.0,850.0,27,191,84
202660,62,325000.0,850.0,29,184,75
202698,62,350000.0,500.0,28,173,72
202770,62,350000.0,5000.0,28,191,96
202793,62,275000.0,4000.0,30,185,78
202801,62,375000.0,3000.0,27,192,82
202977,62,400000.0,1000.0,28,187,75
203145,62,400000.0,3000.0,27,191,74
203415,62,400000.0,2000.0,28,173,70
203416,62,400000.0,2000.0,28,184,84
203424,62,450000.0,4000.0,27,180,80
203930,62,325000.0,2000.0,30,195,85
204097,62,400000.0,3000.0,28,175,81
204722,62,210000.0,1000.0,33,177,72
205026,62,400000.0,2000.0,28,183,74
205036,62,475000.0,3000.0,26,188,75
205161,62,400000.0,3000.0,28,175,74
205267,62,325000.0,1000.0,28,186,80
205361,62,425000.0,2000.0,27,180,80
205382,62,400000.0,2000.0,28,185,76
205433,62,400000.0,850.0,28,187,85
205443,62,325000.0,950.0,31,190,79
206286,62,350000.0,2000.0,29,178,72
206521,62,400000.0,1000.0,28,190,87
207584,62,325000.0,1000.0,32,188,92
207741,62,325000.0,3000.0,31,188,85
207756,62,525000.0,1000.0,26,184,76
207768,62,325000.0,500.0,31,175,74
207789,62,240000.0,3000.0,33,172,68
207806,62,400000.0,3000.0,28,184,81
207868,62,350000.0,750.0,28,183,77
208073,62,275000.0,1000.0,31,185,81
208457,62,400000.0,2000.0,30,175,72
208540,62,325000.0,2000.0,31,193,86
208590,62,325000.0,1000.0,31,176,75
208697,62,375000.0,2000.0,27,185,77
208944,62,130000.0,2000.0,34,182,73
209027,62,275000.0,2000.0,30,177,72
209572,62,275000.0,4000.0,30,186,71
210022,62,350000.0,700.0,28,196,98
210304,62,350000.0,1000.0,30,176,69
210368,62,325000.0,550.0,28,189,85
210493,62,375000.0,2000.0,30,181,72
210667,62,450000.0,1000.0,27,180,77
210726,62,475000.0,2000.0,27,183,78
210783,62,130000.0,3000.0,34,181,68
210820,62,450000.0,750.0,26,189,93
210966,62,350000.0,2000.0,28,173,77
210986,62,475000.0,1000.0,26,186,75
211345,62,500000.0,500.0,26,177,76
211353,62,425000.0,2000.0,27,194,86
211389,62,375000.0,500.0,27,183,73
211463,62,400000.0,4000.0,28,180,76
211512,62,400000.0,2000.0,26,178,72
211717,62,350000.0,1000.0,28,175,70
211835,62,275000.0,1000.0,30,195,90
211846,62,300000.0,2000.0,31,175,72
211864,62,350000.0,950.0,28,178,72
211884,62,400000.0,1000.0,28,179,68
211917,62,250000.0,950.0,32,178,82
212038,62,300000.0,5000.0,30,180,67
212106,62,475000.0,4000.0,26,176,69
212255,62,350000.0,750.0,25,190,80
212438,62,400000.0,1000.0,29,179,69
212750,62,400000.0,2000.0,30,178,83
212776,62,325000.0,1000.0,30,178,76
212812,62,525000.0,3000.0,26,190,85
212989,62,375000.0,700.0,30,174,70
213143,62,500000.0,4000.0,26,188,74
213376,62,525000.0,2000.0,25,178,79
213519,62,575000.0,2000.0,25,186,80
213642,62,525000.0,3000.0,25,183,73
213653,62,525000.0,2000.0,25,193,84
213677,62,500000.0,2000.0,25,188,74
213805,62,425000.0,2000.0,27,178,76
213893,62,425000.0,2000.0,27,190,85
214099,62,500000.0,2000.0,26,176,64
214134,62,450000.0,2000.0,26,183,79
214353,62,375000.0,500.0,28,195,87
214783,62,210000.0,700.0,33,182,74
215338,62,400000.0,500.0,28,182,74
215425,62,800000.0,850.0,23,180,76
215808,62,475000.0,1000.0,27,190,80
216106,62,375000.0,2000.0,27,182,80
216387,62,400000.0,2000.0,28,187,86
216833,62,425000.0,2000.0,25,188,73
217202,62,475000.0,3000.0,27,180,75
217718,62,450000.0,750.0,26,197,95
218057,62,425000.0,550.0,27,180,75
218381,62,575000.0,2000.0,24,176,71
219260,62,375000.0,2000.0,26,193,89
219664,62,375000.0,2000.0,27,185,78
219782,62,325000.0,2000.0,30,183,70
219925,62,525000.0,1000.0,25,178,73
220038,62,500000.0,2000.0,25,187,85
220356,62,425000.0,5000.0,27,182,75
220375,62,450000.0,1000.0,27,168,60
220787,62,550000.0,700.0,25,185,75
220956,62,525000.0,2000.0,24,188,85
221167,62,525000.0,700.0,25,180,70
221264,62,475000.0,4000.0,27,174,72
221332,62,425000.0,5000.0,25,184,78
221625,62,400000.0,2000.0,29,185,80
221844,62,210000.0,1000.0,31,187,83
221852,62,325000.0,2000.0,30,188,79
222051,62,375000.0,1000.0,28,188,85
222095,62,450000.0,2000.0,24,188,80
222096,62,775000.0,6000.0,23,191,77
222145,62,400000.0,800.0,28,186,82
222172,62,325000.0,3000.0,32,180,75
222274,62,210000.0,1000.0,31,190,79
222282,62,325000.0,3000.0,31,170,68
222300,62,375000.0,3000.0,28,185,81
222351,62,425000.0,2000.0,27,181,76
222471,62,300000.0,950.0,29,191,88
222618,62,350000.0,1000.0,29,176,69
222625,62,475000.0,2000.0,25,182,72
222864,62,425000.0,2000.0,26,191,75
222978,62,550000.0,650.0,24,188,75
223174,62,425000.0,2000.0,26,190,82
223407,62,130000.0,3000.0,33,188,80
223488,62,500000.0,650.0,24,198,90
223777,62,325000.0,900.0,30,190,85
223852,62,550000.0,3000.0,24,193,73
223984,62,550000.0,2000.0,25,174,65
223988,62,475000.0,2000.0,24,195,81
224204,62,775000.0,2000.0,24,191,87
224466,62,475000.0,3000.0,25,181,72
224470,62,500000.0,4000.0,26,178,77
224526,62,475000.0,3000.0,25,178,70
224585,62,350000.0,4000.0,28,170,69
224615,62,425000.0,2000.0,27,170,69
224677,62,400000.0,3000.0,30,190,75
224691,62,250000.0,2000.0,32,184,81
224820,62,525000.0,1000.0,26,180,79
224887,62,600000.0,2000.0,24,175,72
225084,62,475000.0,1000.0,25,180,76
225245,62,550000.0,750.0,24,178,75
225361,62,425000.0,3000.0,25,193,83
225432,62,675000.0,650.0,23,186,76
225485,62,500000.0,1000.0,26,188,88
225545,62,575000.0,500.0,25,172,71
225650,62,425000.0,3000.0,26,192,80
225881,62,350000.0,500.0,30,172,70
225922,62,600000.0,2000.0,24,183,70
225976,62,475000.0,4000.0,26,174,63
226024,62,525000.0,2000.0,25,179,72
226509,62,475000.0,3000.0,26,187,83
226561,62,850000.0,1000.0,23,183,77
226724,62,600000.0,2000.0,24,176,64
226743,62,190000.0,500.0,34,166,67
226775,62,425000.0,2000.0,27,183,71
226830,62,600000.0,3000.0,24,174,66
227288,62,575000.0,4000.0,25,180,75
227632,62,400000.0,2000.0,28,187,73
227791,62,350000.0,1000.0,29,183,75
227869,62,575000.0,900.0,25,190,85
227877,62,575000.0,4000.0,24,177,71
228113,62,800000.0,700.0,24,188,77
228191,62,475000.0,1000.0,25,188,76
228210,62,375000.0,1000.0,26,196,90
228307,62,600000.0,2000.0,24,174,77
228385,62,500000.0,1000.0,24,193,80
228637,62,525000.0,2000.0,24,185,75
229066,62,525000.0,950.0,25,172,70
229126,62,275000.0,2000.0,31,183,84
229135,62,500000.0,1000.0,24,190,70
229163,62,925000.0,1000.0,22,175,70
229182,62,825000.0,5000.0,24,188,82
229303,62,550000.0,2000.0,25,176,74
229398,62,575000.0,3000.0,24,170,67
229735,62,625000.0,500.0,23,175,73
229881,62,425000.0,2000.0,26,178,70
229922,62,600000.0,5000.0,24,176,73
230032,62,575000.0,1000.0,24,183,73
230068,62,850000.0,4000.0,22,180,70
230179,62,130000.0,2000.0,33,193,88
230290,62,475000.0,2000.0,21,187,82
230345,62,425000.0,2000.0,21,174,74
230631,62,275000.0,2000.0,29,190,85
230736,62,800000.0,900.0,23,176,70
230812,62,625000.0,2000.0,23,173,70
230846,62,625000.0,1000.0,24,175,69
230847,62,875000.0,1000.0,23,185,70
230921,62,600000.0,1000.0,24,176,70
231131,62,750000.0,800.0,23,180,75
231185,62,825000.0,2000.0,22,185,70
231284,62,575000.0,1000.0,24,196,72
231446,62,900000.0,2000.0,22,178,73
231502,62,400000.0,3000.0,29,180,74
231503,62,600000.0,2000.0,23,184,75
231570,62,350000.0,500.0,29,183,75
231852,62,425000.0,2000.0,27,181,71
231933,62,350000.0,650.0,29,182,72
232053,62,625000.0,2000.0,23,178,65
232174,62,400000.0,4000.0,29,199,92
232212,62,775000.0,1000.0,22,177,73
232256,62,375000.0,2000.0,28,190,80
232291,62,325000.0,2000.0,31,181,74
232427,62,525000.0,1000.0,25,174,68
232436,62,450000.0,1000.0,25,174,62
232449,62,325000.0,2000.0,28,185,83
232474,62,800000.0,1000.0,23,166,59
232481,62,45000.0,850.0,35,187,72
232507,62,210000.0,1000.0,31,186,80
232545,62,875000.0,10000.0,23,178,73
232553,62,400000.0,2000.0,29,175,70
232585,62,400000.0,1000.0,28,179,82
232596,62,325000.0,650.0,30,178,78
232674,62,425000.0,5000.0,27,176,76
232718,62,130000.0,750.0,36,170,67
232746,62,425000.0,1000.0,27,188,75
232915,62,325000.0,1000.0,31,173,70
232997,62,450000.0,1000.0,27,185,80
233052,62,900000.0,2000.0,22,179,69
233211,62,475000.0,7000.0,25,187,84
233383,62,925000.0,1000.0,21,183,80
233466,62,775000.0,700.0,22,190,85
233467,62,400000.0,1000.0,28,178,72
233572,62,600000.0,2000.0,24,183,73
233728,62,825000.0,4000.0,23,183,78
233743,62,900000.0,1000.0,22,174,69
233772,62,450000.0,1000.0,27,185,72
233793,62,600000.0,2000.0,23,183,85
233932,62,525000.0,2000.0,23,175,70
233969,62,475000.0,500.0,25,185,80
234096,62,900000.0,2000.0,21,185,78
234205,62,825000.0,4000.0,22,186,78
234227,62,900000.0,650.0,22,173,70
234261,62,750000.0,2000.0,23,188,80
234365,62,900000.0,700.0,21,179,77
234412,62,475000.0,3000.0,26,188,70
234490,62,525000.0,2000.0,24,183,75
234639,62,525000.0,1000.0,25,190,88
234658,62,775000.0,1000.0,22,195,89
234831,62,475000.0,2000.0,25,183,80
234860,62,800000.0,900.0,24,173,67
234874,62,375000.0,650.0,28,176,75
234897,62,525000.0,2000.0,26,183,78
235143,62,550000.0,2000.0,24,180,77
235277,62,550000.0,950.0,24,189,86
235288,62,900000.0,2000.0,22,180,63
235329,62,750000.0,2000.0,23,175,60
235493,62,475000.0,4000.0,25,170,64
235548,62,350000.0,3000.0,28,180,75
235573,62,475000.0,1000.0,24,178,70
235715,62,875000.0,1000.0,23,175,70
235868,62,600000.0,2000.0,25,170,64
236006,62,550000.0,600.0,23,168,62
236009,62,850000.0,2000.0,21,181,78
236027,62,750000.0,1000.0,23,178,79
236241,62,325000.0,500.0,28,190,80
236319,62,850000.0,1000.0,22,180,70
236321,62,900000.0,9000.0,22,188,75
236325,62,950000.0,6000.0,21,180,70
236342,62,425000.0,1000.0,27,180,71
236364,62,625000.0,700.0,24,178,68
236445,62,750000.0,2000.0,23,194,88
236459,62,375000.0,2000.0,27,172,73
236487,62,600000.0,2000.0,23,180,68
236557,62,525000.0,2000.0,25,185,73
236585,62,650000.0,1000.0,22,177,70
236611,62,625000.0,3000.0,23,190,73
236626,62,475000.0,2000.0,23,183,73
236677,62,925000.0,1000.0,22,188,72
236686,62,550000.0,2000.0,24,183,75
236885,62,650000.0,2000.0,22,188,79
237101,62,875000.0,1000.0,23,185,70
237181,62,525000.0,3000.0,24,188,79
237220,62,450000.0,1000.0,26,178,68
237250,62,400000.0,1000.0,27,188,84
237316,62,825000.0,3000.0,21,185,84
237382,62,900000.0,7000.0,22,186,74
237426,62,45000.0,1000.0,35,182,73
237624,62,425000.0,2000.0,27,177,72
237779,62,190000.0,2000.0,33,182,73
237802,62,350000.0,2000.0,28,190,88
237833,62,900000.0,6000.0,22,182,75
237838,62,550000.0,500.0,24,183,72
237923,62,800000.0,3000.0,24,186,82
237926,62,575000.0,500.0,21,186,84
237933,62,850000.0,2000.0,21,175,70
237999,62,450000.0,1000.0,27,178,70
238009,62,550000.0,2000.0,23,179,75
238044,62,450000.0,5000.0,26,173,76
238046,62,600000.0,500.0,24,178,71
238051,62,575000.0,2000.0,23,185,76
238179,62,825000.0,2000.0,22,195,85
238187,62,825000.0,5000.0,22,184,78
238508,62,825000.0,750.0,22,189,89
238568,62,500000.0,600.0,25,183,75
238913,62,325000.0,4000.0,32,165,55
238920,62,475000.0,1000.0,26,165,63
238949,62,525000.0,850.0,25,172,67
238969,62,325000.0,1000.0,28,201,85
239074,62,850000.0,2000.0,22,175,68
239145,62,800000.0,3000.0,24,185,78
239175,62,800000.0,2000.0,22,175,68
239258,62,625000.0,1000.0,23,178,73
239317,62,775000.0,2000.0,22,178,65
239383,62,275000.0,700.0,32,174,72
239401,62,825000.0,2000.0,22,188,82
239423,62,425000.0,3000.0,27,170,65
239477,62,775000.0,1000.0,21,191,86
239501,62,800000.0,2000.0,21,176,70
239504,62,475000.0,2000.0,26,178,70
239559,62,775000.0,1000.0,23,188,78
239644,62,750000.0,2000.0,22,184,72
239730,62,375000.0,950.0,28,187,80
239742,62,500000.0,1000.0,24,194,84
239746,62,475000.0,2000.0,25,197,105
239779,62,900000.0,3000.0,22,182,73
239801,62,850000.0,2000.0,22,180,70
239820,62,575000.0,700.0,23,179,78
239826,62,625000.0,1000.0,23,181,74
239873,62,550000.0,2000.0,24,187,80
239880,62,400000.0,2000.0,29,171,63
240054,62,400000.0,2000.0,28,169,70
240086,62,900000.0,1000.0,21,176,67
240175,62,900000.0,10000.0,22,180,73
240278,62,825000.0,1000.0,22,186,80
240285,62,850000.0,2000.0,22,189,83
240286,62,775000.0,2000.0,23,186,72
240323,62,900000.0,3000.0,22,182,80
240347,62,400000.0,2000.0,29,185,80
240517,62,800000.0,2000.0,22,176,70
240532,62,900000.0,3000.0,22,178,68
240583,62,900000.0,1000.0,22,183,70
240600,62,600000.0,6000.0,24,185,74
240675,62,900000.0,500.0,21,165,63
240704,62,675000.0,2000.0,23,183,87
240738,62,475000.0,1000.0,27,184,82
240756,62,900000.0,3000.0,21,176,68
240788,62,900000.0,900.0,22,177,73
240791,62,475000.0,750.0,24,190,79
240886,62,575000.0,3000.0,23,190,80
240951,62,975000.0,2000.0,22,175,68
240977,62,800000.0,2000.0,22,172,73
241027,62,950000.0,1000.0,20,166,64
241038,62,900000.0,4000.0,22,179,78
241085,62,900000.0,4000.0,22,174,77
241138,62,900000.0,3000.0,22,187,79
241214,62,750000.0,2000.0,22,181,77
241388,62,850000.0,2000.0,22,195,97
241422,62,950000.0,800.0,20,175,70
241543,62,925000.0,500.0,20,173,58
241658,62,600000.0,2000.0,23,184,77
241809,62,975000.0,5000.0,21,173,70
241878,62,750000.0,2000.0,24,169,71
241900,62,750000.0,4000.0,22,188,73
242060,62,400000.0,3000.0,28,178,76
242085,62,625000.0,2000.0,24,175,66
242104,62,400000.0,1000.0,28,181,75
242109,62,825000.0,2000.0,22,188,79
242119,62,950000.0,2000.0,20,179,79
242154,62,900000.0,500.0,21,178,70
242179,62,850000.0,850.0,20,194,89
242230,62,575000.0,600.0,23,178,70
242271,62,975000.0,1000.0,21,180,66
242302,62,750000.0,1000.0,22,178,73
242364,62,1000000.0,4000.0,20,188,81
242366,62,850000.0,5000.0,22,185,74
242399,62,800000.0,7000.0,22,177,72
242506,62,950000.0,4000.0,21,173,64
242545,62,800000.0,2000.0,22,176,70
242564,62,210000.0,750.0,31,182,74
242584,62,450000.0,1000.0,26,172,70
242611,62,900000.0,3000.0,22,190,71
242634,62,875000.0,850.0,23,175,63
242638,62,525000.0,800.0,25,183,60
242683,62,975000.0,1000.0,21,183,73
242707,62,450000.0,1000.0,25,193,88
242731,62,825000.0,1000.0,21,188,78
242734,62,500000.0,1000.0,25,193,82
242850,62,925000.0,3000.0,20,178,75
242926,62,140000.0,1000.0,34,182,73
242975,62,825000.0,750.0,22,185,80
242980,62,900000.0,10000.0,22,185,78
243034,62,900000.0,4000.0,22,172,60
243052,62,450000.0,850.0,26,186,76
243126,62,475000.0,1000.0,26,173,69
243133,62,975000.0,1000.0,18,184,80
243169,62,950000.0,900.0,19,178,70
243200,62,1100000.0,2000.0,20,183,77
243223,62,900000.0,4000.0,21,193,76
243284,62,825000.0,3000.0,20,186,78
243422,62,525000.0,1000.0,25,169,65
243469,62,900000.0,2000.0,21,178,68
243491,62,1000000.0,1000.0,20,182,73
243502,62,450000.0,1000.0,23,186,85
243537,62,875000.0,1000.0,20,193,80
243690,62,900000.0,1000.0,21,182,64
243705,62,875000.0,1000.0,23,171,65
243869,62,825000.0,2000.0,22,184,72
243871,62,950000.0,2000.0,20,177,65
243881,62,475000.0,1000.0,26,178,78
243896,62,350000.0,5000.0,28,183,73
243924,62,850000.0,2000.0,22,188,75
243932,62,975000.0,950.0,21,180,72
243959,62,825000.0,3000.0,21,184,77
243981,62,825000.0,2000.0,23,190,81
244004,62,975000.0,13000.0,20,180,75
244081,62,525000.0,500.0,24,187,78
244108,62,800000.0,4000.0,22,177,68
244140,62,950000.0,1000.0,20,179,71
244202,62,350000.0,1000.0,28,188,85
244256,62,500000.0,1000.0,22,191,80
244409,62,200000.0,1000.0,32,184,76
244417,62,850000.0,500.0,21,194,90
244453,62,275000.0,1000.0,31,173,69
244515,62,950000.0,2000.0,21,169,68
244524,62,450000.0,500.0,24,184,75
244533,62,575000.0,900.0,24,176,65
244542,62,775000.0,950.0,22,182,65
244677,62,925000.0,1000.0,21,168,74
244680,62,575000.0,1000.0,22,175,68
244780,62,550000.0,3000.0,24,177,69
244811,62,750000.0,2000.0,22,185,75
244891,62,575000.0,700.0,22,188,83
244927,62,875000.0,2000.0,20,177,72
245008,62,550000.0,1000.0,25,180,76
245026,62,900000.0,1000.0,21,182,75
245039,62,900000.0,3000.0,22,176,73
245041,62,900000.0,2000.0,20,185,78
245056,62,425000.0,1000.0,25,198,86
245076,62,825000.0,6000.0,22,187,74
245122,62,950000.0,2000.0,19,183,75
245126,62,850000.0,1000.0,21,177,65
245153,62,975000.0,2000.0,19,188,75
245170,62,825000.0,500.0,23,169,60
245212,62,900000.0,2000.0,23,198,92
245286,62,950000.0,6000.0,20,175,61
245494,62,800000.0,3000.0,24,179,71
245499,62,550000.0,5000.0,24,184,65
245510,62,550000.0,5000.0,24,178,70
245615,62,900000.0,1000.0,21,183,76
245622,62,900000.0,850.0,21,185,77
245648,62,975000.0,500.0,22,170,68
245725,62,850000.0,3000.0,23,170,70
245766,62,600000.0,950.0,24,180,74
245893,62,900000.0,2000.0,21,178,70
245901,62,1000000.0,7000.0,19,180,75
245903,62,975000.0,6000.0,19,178,70
245981,62,800000.0,1000.0,24,182,72
246002,62,975000.0,3000.0,18,168,62
246078,62,900000.0,2000.0,20,182,78
246137,62,925000.0,6000.0,20,184,66
246158,62,750000.0,1000.0,20,185,81
246228,62,900000.0,2000.0,21,178,65
246442,62,375000.0,1000.0,28,183,79
246549,62,750000.0,3000.0,24,191,84
246557,62,375000.0,2000.0,27,174,68
246591,62,750000.0,500.0,24,178,68
246680,62,575000.0,1000.0,22,173,69
246759,62,525000.0,1000.0,25,195,83
246760,62,975000.0,2000.0,20,185,80
246807,62,750000.0,2000.0,21,200,88
246825,62,825000.0,1000.0,20,179,70
246858,62,850000.0,2000.0,21,185,80
246861,62,950000.0,6000.0,20,178,68
246862,62,575000.0,2000.0,23,172,67
246863,62,1000000.0,7000.0,20,185,77
246911,62,425000.0,1000.0,27,187,78
246950,62,975000.0,6000.0,19,184,70
246956,62,925000.0,3000.0,21,196,76
246991,62,825000.0,7000.0,22,193,86
247017,62,600000.0,500.0,23,175,71
247032,62,425000.0,750.0,26,179,71
247093,62,925000.0,600.0,22,176,69
247236,62,850000.0,2000.0,22,178,68
247333,62,950000.0,750.0,20,167,65
247403,62,250000.0,500.0,32,187,79
247674,62,975000.0,2000.0,21,179,77
247741,62,850000.0,4000.0,21,181,72
247755,62,575000.0,1000.0,21,187,87
247761,62,875000.0,1000.0,20,181,73
247822,62,900000.0,600.0,22,158,58
247833,62,950000.0,2000.0,20,180,70
247856,62,750000.0,750.0,23,176,70
247886,62,550000.0,500.0,25,173,68
247942,62,325000.0,2000.0,31,185,81
247946,62,450000.0,2000.0,26,185,80
247967,62,300000.0,2000.0,31,176,73
248070,62,825000.0,4000.0,23,183,74
248086,62,625000.0,3000.0,24,186,76
248165,62,875000.0,2000.0,23,183,72
248216,62,775000.0,750.0,21,193,86
248443,62,975000.0,1000.0,19,180,73
248474,62,1000000.0,5000.0,19,186,74
248478,62,825000.0,1000.0,19,186,80
248539,62,850000.0,950.0,21,188,67
248740,62,975000.0,5000.0,20,188,76
248823,62,850000.0,2000.0,22,176,73
248858,62,850000.0,2000.0,21,192,84
250786,62,925000.0,1000.0,20,178,73
250791,62,950000.0,2000.0,19,176,60
250851,62,925000.0,7000.0,21,189,78
251034,62,400000.0,900.0,27,188,80
251042,62,475000.0,2000.0,26,182,76
251048,62,650000.0,1000.0,22,179,74
251051,62,400000.0,2000.0,30,183,65
251073,62,1000000.0,2000.0,19,173,70
251075,62,900000.0,1000.0,21,177,68
251082,62,400000.0,2000.0,29,178,74
251085,62,425000.0,1000.0,27,175,76
251151,62,950000.0,3000.0,19,178,70
251165,62,500000.0,600.0,20,194,80
251197,62,525000.0,500.0,25,173,67
251293,62,850000.0,3000.0,19,179,76
251317,62,925000.0,1000.0,20,175,71
251333,62,775000.0,1000.0,22,186,79
251346,62,950000.0,4000.0,19,177,70
251358,62,475000.0,1000.0,25,178,76
251359,62,500000.0,2000.0,26,187,78
251367,62,1000000.0,1000.0,19,175,66
251425,62,800000.0,2000.0,22,178,77
251482,62,900000.0,1000.0,21,177,70
251494,62,950000.0,1000.0,20,175,66
251502,62,900000.0,1000.0,21,184,82
251521,62,925000.0,2000.0,20,174,66
251548,62,925000.0,1000.0,20,168,68
251555,62,925000.0,3000.0,21,181,66
251587,62,850000.0,1000.0,21,175,73
251592,62,900000.0,1000.0,20,185,80
251653,62,825000.0,1000.0,24,187,75
251774,62,70000.0,500.0,39,185,84
251807,62,750000.0,650.0,22,182,71
251816,62,950000.0,750.0,20,170,64
251870,62,825000.0,500.0,20,185,77
251872,62,850000.0,2000.0,22,173,70
251902,62,950000.0,500.0,20,172,63
251905,62,800000.0,1000.0,19,187,79
252031,62,500000.0,1000.0,24,179,75
252080,62,850000.0,2000.0,22,190,70
252113,62,400000.0,2000.0,28,180,70
252134,62,1000000.0,8000.0,19,175,66
252219,62,925000.0,800.0,18,176,70
252277,62,825000.0,1000.0,23,178,76
252278,62,550000.0,1000.0,25,180,73
252285,62,950000.0,900.0,20,178,70
252321,62,950000.0,2000.0,21,179,64
252379,62,925000.0,3000.0,20,188,80
252424,62,850000.0,500.0,22,189,72
252470,62,925000.0,900.0,18,175,68
252471,62,825000.0,2000.0,23,171,65
252506,62,950000.0,1000.0,20,174,62
252507,62,950000.0,1000.0,20,184,77
252524,62,850000.0,1000.0,22,185,75
252697,62,975000.0,850.0,21,182,78
252715,62,575000.0,2000.0,23,185,78
252758,62,1000000.0,500.0,19,177,66
252785,62,850000.0,1000.0,21,175,65
252866,62,925000.0,3000.0,20,170,67
252922,62,975000.0,6000.0,21,178,64
253010,62,925000.0,1000.0,18,175,65
253095,62,1000000.0,8000.0,19,185,70
253098,62,875000.0,1000.0,23,170,61
253118,62,825000.0,3000.0,20,186,75
253332,62,650000.0,500.0,22,175,70
253380,62,800000.0,700.0,19,190,67
253384,62,850000.0,2000.0,21,179,75
253428,62,825000.0,5000.0,19,190,74
253442,62,775000.0,1000.0,21,193,83
253452,62,1300000.0,4000.0,18,180,75
253464,62,875000.0,2000.0,20,182,65
253491,62,875000.0,1000.0,20,175,66
253553,62,900000.0,500.0,22,175,66
253597,62,190000.0,500.0,33,178,78
253636,62,425000.0,500.0,26,180,75
253662,62,850000.0,2000.0,21,174,63
253693,62,950000.0,4000.0,20,181,72
253775,62,550000.0,500.0,25,173,70
253791,62,775000.0,500.0,21,189,73
253797,62,275000.0,500.0,31,186,82
253821,62,825000.0,500.0,20,172,67
253861,62,350000.0,500.0,29,179,76
253954,62,800000.0,1000.0,20,173,70
253974,62,900000.0,4000.0,19,172,64
254020,62,900000.0,1000.0,21,185,75
254085,62,475000.0,500.0,24,193,78
254120,62,1000000.0,2000.0,19,172,72
254173,62,825000.0,500.0,21,184,84
254243,62,1000000.0,2000.0,18,175,63
254290,62,1000000.0,3000.0,20,175,75
254309,62,425000.0,750.0,26,180,75
254348,62,525000.0,500.0,26,184,85
254636,62,800000.0,850.0,21,170,63
254638,62,950000.0,750.0,21,181,78
254685,62,850000.0,3000.0,21,175,68
254726,62,400000.0,500.0,29,168,79
254760,62,675000.0,500.0,23,190,87
254768,62,400000.0,500.0,29,178,72
254834,62,900000.0,1000.0,19,174,74
254876,62,475000.0,600.0,24,184,83
254964,62,950000.0,1000.0,20,178,67
254980,62,850000.0,2000.0,22,180,72
255063,62,450000.0,500.0,26,179,79
255072,62,975000.0,4000.0,20,180,74
255094,62,525000.0,500.0,25,184,75
255114,62,900000.0,1000.0,22,181,74
255115,62,975000.0,700.0,18,171,68
255119,62,375000.0,500.0,28,171,65
255145,62,800000.0,750.0,19,178,72
255150,62,1000000.0,8000.0,20,180,78
255226,62,875000.0,1000.0,19,177,69
255236,62,850000.0,1000.0,20,188,83
255242,62,950000.0,950.0,19,170,63
255349,62,875000.0,500.0,19,183,73
255389,62,775000.0,2000.0,22,187,83
255393,62,625000.0,800.0,24,176,65
255414,62,650000.0,850.0,21,179,71
255449,62,825000.0,2000.0,20,186,75
255452,62,700000.0,500.0,22,182,80
255453,62,900000.0,2000.0,21,184,71
255457,62,850000.0,1000.0,22,173,66
255485,62,750000.0,500.0,19,184,77
255491,62,825000.0,500.0,20,170,65
255527,62,600000.0,1000.0,23,177,74
255588,62,825000.0,650.0,20,177,72
255635,62,950000.0,500.0,19,178,67
255705,62,525000.0,700.0,25,183,79
255721,62,775000.0,500.0,22,180,63
255851,62,750000.0,800.0,23,173,73
255867,62,800000.0,500.0,23,190,83
255913,62,875000.0,2000.0,20,177,69
255947,62,600000.0,1000.0,22,175,73
255956,62,475000.0,1000.0,25,188,75
256018,62,625000.0,2000.0,23,190,82
256049,62,850000.0,4000.0,23,171,61
256050,62,775000.0,500.0,21,187,87
256051,62,975000.0,2000.0,21,173,73
256053,62,850000.0,750.0,20,188,86
256170,62,850000.0,800.0,19,183,71
256218,62,575000.0,1000.0,23,183,83
256219,62,900000.0,2000.0,22,177,72
256453,62,950000.0,1000.0,20,188,83
256460,62,950000.0,5000.0,20,184,67
256522,62,550000.0,1000.0,24,186,77
256527,62,575000.0,2000.0,21,192,85
256564,62,1000000.0,3000.0,19,187,80
256634,62,750000.0,3000.0,22,183,78
256691,62,425000.0,1000.0,27,177,71
256694,62,525000.0,1000.0,25,184,77
256700,62,900000.0,1000.0,21,175,70
256753,62,875000.0,500.0,18,174,70
256770,62,825000.0,2000.0,19,174,69
256854,62,825000.0,5000.0,21,185,78
256887,62,950000.0,8000.0,20,174,66
256950,62,275000.0,1000.0,32,188,84
256964,62,900000.0,4000.0,19,175,75
256983,62,825000.0,1000.0,21,187,85
257027,62,775000.0,1000.0,24,185,77
257051,62,950000.0,2000.0,20,181,74
257067,62,750000.0,1000.0,24,193,93
257068,62,950000.0,1000.0,21,173,70
257090,62,850000.0,500.0,17,182,70
257093,62,900000.0,2000.0,21,180,75
257147,62,350000.0,2000.0,28,188,87
257153,62,1000000.0,1000.0,18,175,65
257177,62,900000.0,1000.0,21,171,63
257227,62,500000.0,3000.0,25,184,80
257246,62,1000000.0,500.0,19,176,72
257286,62,850000.0,650.0,21,182,76
257291,62,925000.0,4000.0,20,194,83
257309,62,825000.0,600.0,20,180,71
257350,62,675000.0,3000.0,23,182,68
257353,62,1000000.0,500.0,17,177,63
257512,62,1000000.0,2000.0,19,175,74
257570,62,825000.0,2000.0,20,188,75
257728,62,150000.0,1000.0,34,176,73
257731,62,275000.0,1000.0,32,182,79
257740,62,275000.0,1000.0,28,192,85
257785,62,850000.0,700.0,21,188,78
257873,62,300000.0,2000.0,31,178,72
257914,62,750000.0,2000.0,20,190,88
257946,62,850000.0,2000.0,21,173,68
257995,62,850000.0,1000.0,22,176,70
257998,62,850000.0,900.0,21,188,80
258054,62,625000.0,2000.0,23,184,76
258085,62,775000.0,1000.0,22,196,85
258146,62,325000.0,2000.0,29,188,80
258171,62,1300000.0,6000.0,18,182,70
258227,62,950000.0,2000.0,20,170,65
258283,62,850000.0,2000.0,21,166,67
258319,62,950000.0,4000.0,20,175,62
258352,62,875000.0,2000.0,18,174,70
258360,62,575000.0,1000.0,23,193,88
258396,62,900000.0,6000.0,20,190,90
258405,62,850000.0,500.0,18,193,77
258415,62,800000.0,1000.0,22,183,73
258441,62,825000.0,850.0,20,184,72
258442,62,875000.0,1000.0,18,177,65
258504,62,600000.0,1000.0,24,188,88
258512,62,600000.0,500.0,22,179,74
258519,62,625000.0,3000.0,23,172,65
258523,62,825000.0,1000.0,20,191,65
258545,62,575000.0,2000.0,24,186,80
258547,62,550000.0,700.0,25,190,82
258609,62,850000.0,900.0,21,181,74
258691,62,925000.0,1000.0,20,183,74
258722,62,950000.0,3000.0,19,171,63
258784,62,850000.0,800.0,22,186,78
258804,62,925000.0,600.0,21,190,70
258815,62,825000.0,6000.0,23,178,73
258841,62,975000.0,500.0,18,175,67
258864,62,775000.0,600.0,22,192,92
258867,62,900000.0,1000.0,22,181,70
258869,62,325000.0,2000.0,32,191,86
258870,62,900000.0,1000.0,20,186,75
258895,62,975000.0,2000.0,21,190,83
258919,62,900000.0,1000.0,20,187,79
258975,62,875000.0,1000.0,20,185,73
259014,62,575000.0,500.0,25,176,67
259018,62,500000.0,2000.0,26,188,83
259038,62,850000.0,1000.0,22,178,69
259117,62,925000.0,2000.0,18,179,63
259185,62,950000.0,700.0,19,170,72
259192,62,625000.0,3000.0,23,198,85
259212,62,925000.0,600.0,20,180,75
259235,62,825000.0,3000.0,20,196,79
259237,62,950000.0,1000.0,19,179,68
259314,62,900000.0,1000.0,19,188,83
259401,62,1000000.0,900.0,18,178,73
259403,62,900000.0,2000.0,17,180,70
259524,62,825000.0,3000.0,21,186,76
259527,62,950000.0,1000.0,20,177,66
259530,62,750000.0,2000.0,20,190,80
259537,62,900000.0,2000.0,22,172,70
259581,62,900000.0,3000.0,20,186,76
259612,62,900000.0,500.0,20,185,78
259614,62,900000.0,500.0,22,170,58
259615,62,975000.0,500.0,21,180,84
259631,62,925000.0,1000.0,20,175,70
259632,62,825000.0,1000.0,20,181,72
259641,62,950000.0,500.0,19,169,67
259671,62,975000.0,8000.0,21,173,55
259680,62,,,19,188,78
259683,62,825000.0,500.0,22,180,72
259714,62,925000.0,1000.0,18,191,80
259739,62,1000000.0,650.0,18,173,64
259750,62,1000000.0,2000.0,18,194,90
259752,62,900000.0,950.0,22,190,82
259758,62,950000.0,1000.0,20,185,76
259767,62,825000.0,1000.0,20,178,67
259807,62,825000.0,500.0,20,184,74
259858,62,950000.0,1000.0,19,175,71
259908,62,550000.0,500.0,24,173,77
259913,62,925000.0,500.0,18,177,68
259918,62,400000.0,1000.0,26,194,93
259995,62,625000.0,850.0,24,186,80
260033,62,70000.0,500.0,34,193,92
260048,62,850000.0,500.0,21,173,63
260050,62,1000000.0,500.0,18,166,57
260076,62,850000.0,1000.0,21,186,79
260092,62,875000.0,500.0,20,180,77
260094,62,375000.0,2000.0,28,192,85
260141,62,1000000.0,4000.0,18,174,60
260149,62,950000.0,700.0,20,182,70
260167,62,900000.0,2000.0,20,192,83
260203,62,575000.0,500.0,24,184,80
260217,62,875000.0,2000.0,20,168,72
260244,62,600000.0,1000.0,25,175,72
260268,62,400000.0,500.0,29,176,65
260304,62,550000.0,2000.0,25,180,74
260308,62,600000.0,500.0,24,176,69
260311,62,525000.0,500.0,25,183,75
260324,62,525000.0,1000.0,26,178,70
260326,62,850000.0,3000.0,20,198,80
260332,62,400000.0,500.0,28,171,65
260352,62,525000.0,1000.0,24,173,73
260355,62,900000.0,850.0,21,176,70
260360,62,450000.0,2000.0,26,182,71
260369,62,900000.0,600.0,19,180,77
260392,62,500000.0,1000.0,25,186,83
260409,62,900000.0,850.0,19,198,86
260432,62,600000.0,2000.0,22,182,78
260444,62,450000.0,500.0,26,181,79
260485,62,1000000.0,850.0,19,175,72
260562,62,1000000.0,1000.0,18,176,70
260574,62,950000.0,5000.0,21,179,67
260587,62,825000.0,500.0,19,192,76
260591,62,1000000.0,1000.0,18,174,65
260600,62,950000.0,2000.0,19,176,65
260619,62,625000.0,1000.0,23,172,62
260716,62,625000.0,5000.0,23,183,79
260800,62,375000.0,500.0,30,170,67
260818,62,575000.0,2000.0,24,191,93
260828,62,950000.0,3000.0,20,172,68
260842,62,650000.0,2000.0,22,185,74
260866,62,325000.0,500.0,29,179,81
260867,62,1000000.0,500.0,17,173,67
260876,62,1000000.0,2000.0,18,189,70
260910,62,1200000.0,2000.0,17,175,70
260930,62,875000.0,2000.0,19,186,79
260968,62,800000.0,2000.0,21,180,76
260974,62,500000.0,500.0,24,183,80
261018,62,400000.0,500.0,26,189,84
261094,62,525000.0,500.0,25,184,81
261140,62,775000.0,1000.0,22,180,79
261173,62,500000.0,2000.0,25,185,82
261223,62,900000.0,2000.0,23,194,89
261377,62,875000.0,500.0,19,188,81
261439,62,750000.0,500.0,24,180,72
261442,62,950000.0,2000.0,19,179,77
261485,62,475000.0,500.0,26,179,75
261488,62,875000.0,500.0,20,175,70
261504,62,750000.0,500.0,24,178,71
261533,62,950000.0,500.0,20,175,74
261558,62,875000.0,500.0,20,175,72
261565,62,575000.0,1000.0,23,185,79
261580,62,900000.0,1000.0,21,176,70
261619,62,900000.0,2000.0,20,184,76
261621,62,1000000.0,700.0,17,185,78
261689,62,875000.0,550.0,18,186,75
261704,62,825000.0,500.0,20,172,68
261764,62,400000.0,500.0,28,184,78
261768,62,825000.0,1000.0,19,185,74
262021,62,425000.0,750.0,27,195,83
262109,62,1000000.0,500.0,16,187,75
262118,62,975000.0,2000.0,18,173,65
262148,62,900000.0,2000.0,21,182,76
262236,62,800000.0,850.0,19,190,77
262237,62,875000.0,850.0,19,182,75
262295,62,500000.0,1000.0,23,192,86
262305,62,775000.0,950.0,23,182,74
262314,62,875000.0,950.0,20,188,78
262320,62,900000.0,1000.0,20,171,68
262345,62,250000.0,1000.0,32,188,82
262352,62,475000.0,1000.0,26,180,74
262380,62,500000.0,2000.0,23,180,60
262388,62,475000.0,2000.0,24,188,72
262396,62,850000.0,1000.0,21,190,78
262402,62,775000.0,1000.0,21,186,76
262423,62,525000.0,1000.0,26,181,73
262487,62,550000.0,2000.0,25,182,77
262509,62,900000.0,1000.0,21,170,70
262529,62,875000.0,500.0,20,185,78
262547,62,550000.0,700.0,24,194,82
262581,62,525000.0,5000.0,24,189,83
262639,62,450000.0,2000.0,26,187,83
262647,62,825000.0,2000.0,20,180,72
262654,62,775000.0,1000.0,21,183,71
262667,62,900000.0,3000.0,22,176,71
262674,62,875000.0,650.0,19,171,65
262681,62,550000.0,800.0,23,185,76
262689,62,525000.0,1000.0,24,182,77
262709,62,825000.0,3000.0,21,180,70
262770,62,575000.0,500.0,23,186,79
262792,62,825000.0,2000.0,20,186,80
262812,62,275000.0,2000.0,30,193,85
262821,62,900000.0,7000.0,22,183,74
262838,62,625000.0,1000.0,24,194,83
262840,62,625000.0,1000.0,23,189,81
262898,62,900000.0,750.0,21,169,63
262902,62,475000.0,550.0,26,194,84
262906,62,900000.0,2000.0,20,184,77
262907,62,375000.0,2000.0,29,190,80
262918,62,850000.0,3000.0,21,176,66
262933,62,850000.0,1000.0,21,181,76
262935,62,800000.0,1000.0,21,182,80
262942,62,900000.0,2000.0,21,182,76
262954,62,1200000.0,600.0,17,179,71
262959,62,475000.0,550.0,27,184,79
262963,62,400000.0,550.0,29,185,78
262978,62,900000.0,850.0,22,180,76
263020,62,450000.0,3000.0,26,184,83
263061,62,625000.0,2000.0,23,179,69
263075,62,525000.0,3000.0,25,185,78
263079,62,600000.0,500.0,21,170,70
263082,62,650000.0,500.0,22,179,70
263084,62,750000.0,500.0,22,188,74
263094,62,600000.0,2000.0,24,184,72
263156,62,750000.0,2000.0,23,169,66
263163,62,825000.0,500.0,20,184,83
263189,62,600000.0,2000.0,23,180,70
263217,62,875000.0,550.0,18,176,70
263228,62,875000.0,2000.0,20,174,70
263242,62,575000.0,950.0,24,187,78
263258,62,550000.0,2000.0,23,186,75
263300,62,825000.0,1000.0,21,189,86
263307,62,775000.0,500.0,21,176,72
263332,62,900000.0,1000.0,22,171,73
263342,62,825000.0,1000.0,21,188,80
263343,62,950000.0,900.0,19,170,69
263378,62,625000.0,500.0,23,175,69
263555,62,900000.0,4000.0,20,192,79
263620,62,1200000.0,700.0,17,181,75
263645,62,575000.0,950.0,20,186,80
263646,62,950000.0,500.0,17,170,70
263661,62,875000.0,1000.0,23,187,73
263703,62,1000000.0,850.0,19,178,76
263715,62,900000.0,1000.0,22,180,70
263736,62,575000.0,2000.0,24,190,84
263786,62,800000.0,900.0,22,182,74
263810,62,825000.0,2000.0,20,179,66
263829,62,900000.0,2000.0,21,178,74
263839,62,525000.0,850.0,25,185,77
263891,62,825000.0,2000.0,21,175,74
263898,62,800000.0,500.0,18,180,70
263903,62,575000.0,2000.0,23,189,80
263947,62,950000.0,900.0,19,183,73
263953,62,1100000.0,7000.0,18,167,71
263954,62,925000.0,3000.0,18,176,62
263956,62,575000.0,1000.0,21,170,67
264006,62,725000.0,1000.0,25,184,74
264090,62,575000.0,2000.0,22,175,70
264092,62,1000000.0,2000.0,18,178,70
264102,62,875000.0,4000.0,23,182,67
264116,62,875000.0,500.0,17,184,70
264126,62,900000.0,1000.0,22,160,60
264127,62,900000.0,2000.0,22,180,70
264161,62,750000.0,2000.0,20,188,74
264176,62,950000.0,1000.0,20,173,67
264220,62,875000.0,750.0,18,182,73
264239,62,900000.0,10000.0,19,180,70
264241,62,875000.0,850.0,19,197,85
264248,62,825000.0,2000.0,20,178,70
264258,62,425000.0,500.0,26,178,70
264260,62,1000000.0,5000.0,18,185,73
264288,62,875000.0,900.0,19,186,79
264380,62,900000.0,2000.0,19,189,81
264392,62,900000.0,2000.0,21,182,67
264442,62,575000.0,1000.0,23,194,91
264459,62,875000.0,1000.0,20,173,65
264480,62,825000.0,2000.0,20,192,81
264481,62,900000.0,3000.0,22,185,80
264539,62,400000.0,700.0,28,172,70
264567,62,950000.0,500.0,19,178,73
264572,62,900000.0,500.0,21,175,71
264587,62,950000.0,5000.0,19,185,77
264640,62,350000.0,550.0,29,187,80
52679,61,35000.0,850.0,39,188,88
134765,61,100000.0,700.0,36,181,76
140420,61,35000.0,500.0,38,183,83
150995,61,100000.0,5000.0,35,188,84
152454,61,200000.0,4000.0,33,183,80
166736,61,130000.0,700.0,35,179,71
169481,61,210000.0,500.0,32,185,77
169619,61,90000.0,2000.0,35,185,79
170877,61,110000.0,1000.0,33,188,94
176442,61,120000.0,2000.0,34,179,72
176839,61,90000.0,550.0,35,181,75
177971,61,60000.0,1000.0,36,183,77
185388,61,100000.0,650.0,37,189,87
186147,61,220000.0,1000.0,30,185,78
186494,61,220000.0,2000.0,30,190,73
187338,61,275000.0,1000.0,31,184,79
187797,61,220000.0,500.0,31,188,77
190720,61,210000.0,2000.0,33,180,77
191679,61,90000.0,700.0,35,186,76
191803,61,160000.0,700.0,32,187,70
191924,61,160000.0,2000.0,32,197,93
192361,61,275000.0,1000.0,31,181,67
192651,61,275000.0,1000.0,30,185,75
192901,61,220000.0,500.0,32,176,72
192961,61,220000.0,1000.0,30,186,80
193310,61,110000.0,1000.0,34,187,82
193557,61,325000.0,3000.0,29,190,82
193906,61,220000.0,850.0,31,190,82
194076,61,210000.0,500.0,33,180,78
195057,61,60000.0,1000.0,34,183,79
195481,61,325000.0,3000.0,29,188,78
199021,61,325000.0,700.0,30,168,65
199218,61,275000.0,2000.0,28,185,79
200936,61,300000.0,500.0,29,178,83
201491,61,230000.0,550.0,32,180,76
202244,61,170000.0,1000.0,31,188,94
202583,61,110000.0,1000.0,33,188,86
202727,61,325000.0,1000.0,30,186,80
202769,61,325000.0,950.0,30,191,90
202925,61,400000.0,1000.0,26,180,75
203189,61,275000.0,850.0,30,185,80
203428,61,325000.0,3000.0,27,180,75
203512,61,300000.0,2000.0,29,180,75
203548,61,325000.0,500.0,29,192,90
204348,61,325000.0,950.0,28,175,69
204853,61,325000.0,2000.0,29,193,77
205139,61,350000.0,650.0,27,182,75
205311,61,350000.0,2000.0,27,188,79
205704,61,300000.0,2000.0,28,181,73
206073,61,350000.0,1000.0,26,191,84
206142,61,325000.0,3000.0,29,189,79
206500,61,350000.0,3000.0,27,183,90
207459,61,275000.0,900.0,31,181,77
207463,61,400000.0,2000.0,26,183,80
207513,61,325000.0,3000.0,29,180,75
207606,61,250000.0,2000.0,28,182,82
208771,61,350000.0,500.0,27,185,75
208813,61,450000.0,2000.0,25,172,73
208929,61,230000.0,3000.0,31,175,68
208953,61,230000.0,3000.0,31,180,66
209254,61,275000.0,2000.0,31,175,77
209750,61,350000.0,1000.0,26,193,80
209895,61,275000.0,1000.0,29,184,85
209965,61,325000.0,2000.0,29,188,86
210149,61,325000.0,7000.0,30,182,72
210244,61,375000.0,4000.0,26,187,75
210901,61,325000.0,4000.0,29,176,67
211095,61,325000.0,3000.0,28,191,88
211604,61,325000.0,3000.0,26,183,82
212392,61,350000.0,1000.0,26,188,71
212664,61,325000.0,950.0,28,191,79
212816,61,275000.0,1000.0,30,170,65
213094,61,,,28,181,71
213344,61,400000.0,2000.0,25,193,78
213502,61,400000.0,600.0,26,183,86
213667,61,375000.0,3000.0,25,181,78
213894,61,350000.0,3000.0,26,185,68
214525,61,325000.0,1000.0,27,181,78
215084,61,325000.0,700.0,29,175,72
215561,61,375000.0,2000.0,26,183,76
215685,61,325000.0,2000.0,28,178,70
216226,61,300000.0,3000.0,28,182,76
219392,61,425000.0,900.0,25,184,75
219795,61,350000.0,1000.0,25,198,82
219865,61,375000.0,700.0,26,174,74
220041,61,400000.0,2000.0,26,174,68
220057,61,350000.0,500.0,26,190,77
220167,61,400000.0,500.0,25,181,75
220819,61,325000.0,900.0,26,180,76
221206,61,230000.0,1000.0,32,178,77
221277,61,375000.0,1000.0,26,176,70
221293,61,425000.0,2000.0,26,190,75
221346,61,525000.0,850.0,24,189,72
221525,61,400000.0,3000.0,25,185,75
222180,61,300000.0,3000.0,28,183,79
222188,61,275000.0,3000.0,31,171,66
222279,61,325000.0,3000.0,28,177,74
222394,61,450000.0,2000.0,25,180,75
222621,61,230000.0,3000.0,28,186,70
222624,61,120000.0,2000.0,34,180,74
222822,61,450000.0,2000.0,23,181,72
223011,61,325000.0,950.0,27,181,75
223467,61,450000.0,3000.0,24,181,64
223941,61,400000.0,2000.0,25,180,70
224016,61,350000.0,850.0,26,182,69
224088,61,275000.0,2000.0,31,187,72
224307,61,475000.0,2000.0,24,183,73
224322,61,625000.0,650.0,23,187,85
224546,61,400000.0,3000.0,25,175,70
224602,61,300000.0,4000.0,28,176,73
224731,61,200000.0,3000.0,33,181,74
224902,61,475000.0,850.0,25,187,81
224936,61,400000.0,850.0,25,180,73
225467,61,475000.0,2000.0,25,186,80
225716,61,120000.0,2000.0,34,178,68
225739,61,275000.0,3000.0,28,189,91
226006,61,350000.0,500.0,26,172,72
226264,61,475000.0,950.0,25,169,68
226429,61,725000.0,600.0,23,170,65
226504,61,450000.0,750.0,23,187,94
226650,61,300000.0,1000.0,29,186,77
226800,61,750000.0,3000.0,22,188,91
226832,61,750000.0,2000.0,22,184,79
227653,61,250000.0,1000.0,29,191,93
227767,61,210000.0,800.0,32,191,83
227997,61,500000.0,2000.0,24,185,72
228072,61,300000.0,3000.0,28,182,80
228267,61,275000.0,1000.0,30,183,80
228362,61,400000.0,2000.0,25,181,75
228461,61,325000.0,2000.0,27,184,72
228767,61,725000.0,2000.0,23,172,61
228918,61,400000.0,2000.0,25,180,73
229005,61,400000.0,750.0,23,186,81
229184,61,700000.0,2000.0,22,183,79
229185,61,600000.0,500.0,24,190,80
229393,61,350000.0,3000.0,26,185,80
229678,61,625000.0,700.0,24,182,78
229731,61,525000.0,3000.0,23,180,74
229783,61,425000.0,2000.0,24,197,91
230409,61,350000.0,3000.0,21,188,80
230653,61,425000.0,2000.0,24,190,80
230737,61,675000.0,1000.0,23,192,85
230765,61,425000.0,4000.0,24,184,87
230893,61,550000.0,1000.0,24,188,70
230895,61,500000.0,550.0,24,183,72
231033,61,375000.0,2000.0,25,178,75
231046,61,625000.0,3000.0,24,190,81
231120,61,275000.0,3000.0,30,179,77
231310,61,450000.0,1000.0,24,180,70
231580,61,725000.0,2000.0,22,186,80
231615,61,475000.0,3000.0,23,179,76
231697,61,775000.0,9000.0,21,176,71
231932,61,525000.0,500.0,24,167,61
232418,61,60000.0,950.0,34,190,82
232583,61,350000.0,850.0,27,179,74
232633,61,400000.0,1000.0,24,182,74
232675,61,600000.0,5000.0,24,182,70
232677,61,375000.0,3000.0,27,168,67
232680,61,325000.0,4000.0,28,173,71
232682,61,400000.0,3000.0,26,166,65
232816,61,550000.0,1000.0,23,189,74
232959,61,350000.0,2000.0,27,175,72
233006,61,240000.0,850.0,31,183,77
233054,61,220000.0,2000.0,31,187,79
233284,61,325000.0,1000.0,27,190,77
233492,61,675000.0,2000.0,23,190,73
233687,61,625000.0,2000.0,21,186,74
233691,61,425000.0,5000.0,24,191,80
233814,61,700000.0,1000.0,22,185,79
233950,61,475000.0,650.0,24,180,76
233953,61,725000.0,2000.0,22,175,65
234295,61,450000.0,2000.0,25,171,82
234297,61,650000.0,500.0,24,181,84
234804,61,700000.0,750.0,22,187,76
234858,61,350000.0,3000.0,25,187,88
234912,61,325000.0,3000.0,28,187,81
235247,61,725000.0,2000.0,23,185,73
235597,61,170000.0,2000.0,31,178,80
235918,61,325000.0,500.0,28,184,83
235939,61,675000.0,1000.0,23,185,77
236197,61,325000.0,5000.0,29,187,82
236234,61,800000.0,1000.0,20,184,70
236588,61,475000.0,1000.0,23,185,79
236662,61,775000.0,950.0,21,188,80
236689,61,500000.0,6000.0,24,168,58
236785,61,750000.0,2000.0,22,185,84
237027,61,525000.0,1000.0,23,183,73
237089,61,350000.0,1000.0,27,175,70
237095,61,325000.0,1000.0,27,176,69
237185,61,525000.0,500.0,22,168,64
237201,61,275000.0,1000.0,27,183,79
237204,61,725000.0,2000.0,23,191,74
237208,61,400000.0,4000.0,26,186,72
237341,61,700000.0,2000.0,22,190,72
237506,61,725000.0,3000.0,23,185,80
237553,61,650000.0,1000.0,21,189,79
237657,61,750000.0,2000.0,22,182,83
237699,61,750000.0,2000.0,22,175,70
237839,61,700000.0,500.0,22,193,79
237937,61,725000.0,900.0,22,180,75
237965,61,700000.0,900.0,23,173,65
238057,61,475000.0,1000.0,25,177,73
238081,61,725000.0,500.0,23,175,70
238104,61,325000.0,3000.0,29,185,82
238117,61,700000.0,2000.0,22,180,75
238132,61,525000.0,2000.0,22,177,74
238338,61,475000.0,1000.0,25,175,72
238473,61,700000.0,3000.0,22,189,74
238780,61,425000.0,1000.0,25,194,88
238880,61,600000.0,500.0,23,188,81
239013,61,675000.0,2000.0,23,176,75
239016,61,475000.0,2000.0,23,183,72
239019,61,650000.0,500.0,21,188,87
239042,61,375000.0,5000.0,26,176,69
239051,61,300000.0,3000.0,29,185,86
239126,61,400000.0,3000.0,25,170,69
239221,61,700000.0,6000.0,22,185,78
239371,61,650000.0,700.0,21,187,96
239428,61,625000.0,2000.0,23,175,72
239480,61,700000.0,1000.0,22,177,73
239623,61,500000.0,6000.0,24,172,58
239646,61,675000.0,2000.0,22,181,72
239666,61,750000.0,4000.0,21,185,80
239750,61,110000.0,500.0,34,190,77
239783,61,750000.0,2000.0,22,180,73
239915,61,800000.0,2000.0,21,190,84
239942,61,725000.0,3000.0,23,177,65
239998,61,750000.0,2000.0,22,191,85
240186,61,450000.0,1000.0,25,189,80
240328,61,450000.0,3000.0,25,175,68
240345,61,775000.0,2000.0,21,182,75
240373,61,800000.0,10000.0,21,183,72
240420,61,750000.0,500.0,19,175,70
240472,61,475000.0,2000.0,24,185,73
240473,61,700000.0,500.0,21,172,66
240489,61,750000.0,500.0,20,186,76
240506,61,500000.0,850.0,22,166,65
240524,61,525000.0,950.0,24,185,75
240604,61,700000.0,900.0,22,173,68
240674,61,700000.0,2000.0,22,176,65
240722,61,350000.0,3000.0,26,189,80
240725,61,700000.0,1000.0,22,182,75
240772,61,800000.0,600.0,22,178,64
240786,61,475000.0,2000.0,21,187,81
240813,61,525000.0,2000.0,23,178,80
240856,61,650000.0,2000.0,22,185,76
240882,61,700000.0,1000.0,22,174,58
240939,61,700000.0,550.0,21,180,71
240946,61,675000.0,800.0,21,183,74
241048,61,475000.0,1000.0,25,187,74
241053,61,750000.0,1000.0,22,195,88
241277,61,750000.0,1000.0,21,184,72
241312,61,500000.0,4000.0,24,183,75
241335,61,475000.0,4000.0,25,173,63
241349,61,325000.0,2000.0,30,182,72
241382,61,850000.0,6000.0,20,178,67
241397,61,700000.0,2000.0,22,181,78
241428,61,525000.0,2000.0,22,187,75
241440,61,725000.0,850.0,21,185,71
241452,61,800000.0,2000.0,21,175,60
241475,61,,,26,183,63
241552,61,775000.0,3000.0,19,177,68
241650,61,725000.0,800.0,19,174,68
241817,61,750000.0,2000.0,22,174,70
241818,61,650000.0,900.0,23,180,75
241825,61,775000.0,7000.0,20,175,60
241875,61,725000.0,6000.0,21,173,70
241953,61,725000.0,4000.0,21,173,65
242034,61,725000.0,4000.0,22,176,66
242134,61,725000.0,850.0,22,180,74
242276,61,500000.0,3000.0,24,187,81
242282,61,700000.0,500.0,22,181,70
242286,61,725000.0,3000.0,23,182,79
242370,61,800000.0,550.0,22,170,75
242609,61,375000.0,1000.0,26,163,59
242652,61,725000.0,1000.0,21,175,68
242732,61,825000.0,3000.0,20,191,88
242746,61,475000.0,1000.0,23,190,84
242804,61,375000.0,1000.0,25,196,93
242809,61,525000.0,1000.0,23,178,70
242893,61,750000.0,950.0,22,190,83
242990,61,350000.0,2000.0,26,193,82
243004,61,450000.0,500.0,25,187,86
243021,61,650000.0,2000.0,24,176,61
243056,61,775000.0,9000.0,21,175,63
243294,61,675000.0,850.0,19,188,83
243345,61,750000.0,600.0,20,186,76
243464,61,450000.0,1000.0,24,178,73
243468,61,775000.0,500.0,21,178,72
243603,61,700000.0,850.0,22,176,65
243767,61,800000.0,4000.0,21,173,64
243827,61,750000.0,4000.0,21,186,74
243831,61,675000.0,1000.0,21,192,80
243866,61,675000.0,1000.0,19,180,68
243971,61,625000.0,600.0,21,178,76
244010,61,725000.0,2000.0,23,173,69
244048,61,800000.0,3000.0,22,180,74
244178,61,650000.0,500.0,22,185,81
244179,61,800000.0,3000.0,21,171,60
244191,61,700000.0,5000.0,21,183,78
244501,61,325000.0,850.0,27,179,74
244510,61,725000.0,500.0,21,177,68
244563,61,725000.0,1000.0,22,177,71
244567,61,325000.0,1000.0,26,187,81
244600,61,725000.0,1000.0,22,177,67
244671,61,725000.0,2000.0,21,183,73
244715,61,850000.0,1000.0,19,180,72
244765,61,725000.0,2000.0,21,168,60
244818,61,525000.0,850.0,22,170,65
244929,61,800000.0,2000.0,21,178,70
244942,61,725000.0,1000.0,23,189,80
245018,61,750000.0,500.0,21,186,77
245067,61,750000.0,800.0,21,168,61
245150,61,800000.0,2000.0,21,179,70
245165,61,400000.0,650.0,25,186,78
245174,61,750000.0,1000.0,22,177,77
245276,61,625000.0,4000.0,23,191,77
245334,61,725000.0,2000.0,22,178,70
245453,61,625000.0,800.0,21,168,63
245628,61,700000.0,3000.0,22,188,80
245716,61,725000.0,1000.0,23,192,87
245796,61,675000.0,2000.0,22,187,75
245863,61,700000.0,550.0,21,179,75
245906,61,800000.0,6000.0,19,185,80
246121,61,725000.0,6000.0,21,174,68
246123,61,875000.0,6000.0,20,176,76
246195,61,700000.0,650.0,21,175,68
246233,61,725000.0,4000.0,23,187,84
246278,61,775000.0,2000.0,20,174,65
246353,61,725000.0,2000.0,20,182,68
246399,61,750000.0,1000.0,21,184,74
246454,61,750000.0,6000.0,20,192,81
246456,61,625000.0,2000.0,22,178,82
246603,61,650000.0,3000.0,22,186,80
246604,61,850000.0,2000.0,19,175,70
246650,61,475000.0,700.0,23,179,76
246671,61,750000.0,3000.0,19,196,83
246709,61,700000.0,2000.0,21,194,77
246752,61,800000.0,950.0,21,177,71
246821,61,800000.0,6000.0,20,167,65
246829,61,400000.0,800.0,25,173,70
246954,61,525000.0,850.0,23,182,72
247001,61,700000.0,600.0,22,185,88
247042,61,675000.0,1000.0,24,193,87
247123,61,725000.0,1000.0,21,183,75
247237,61,675000.0,3000.0,20,186,76
247245,61,800000.0,3000.0,21,176,75
247286,61,475000.0,500.0,23,183,76
247309,61,625000.0,1000.0,24,183,79
247343,61,725000.0,2000.0,20,182,75
247349,61,800000.0,6000.0,19,176,70
247350,61,675000.0,2000.0,20,188,78
247376,61,375000.0,900.0,27,185,84
247388,61,825000.0,1000.0,18,188,73
247395,61,750000.0,1000.0,21,191,86
247405,61,700000.0,550.0,22,181,68
247409,61,700000.0,3000.0,21,185,71
247426,61,725000.0,1000.0,21,173,71
247444,61,675000.0,550.0,23,179,72
247447,61,775000.0,1000.0,19,175,65
247508,61,500000.0,7000.0,22,182,70
247638,61,300000.0,1000.0,28,168,61
247673,61,230000.0,500.0,32,182,75
247734,61,700000.0,500.0,21,173,67
247740,61,850000.0,500.0,19,171,68
247748,61,725000.0,1000.0,23,168,66
247836,61,675000.0,1000.0,20,178,70
247905,61,425000.0,1000.0,25,188,78
247985,61,325000.0,1000.0,28,178,73
248050,61,750000.0,1000.0,19,168,55
248073,61,650000.0,1000.0,21,197,87
248109,61,375000.0,700.0,25,172,70
248114,61,725000.0,2000.0,22,179,73
248118,61,775000.0,1000.0,19,177,71
248145,61,800000.0,2000.0,20,178,71
248228,61,800000.0,4000.0,20,191,77
248296,61,300000.0,500.0,28,174,70
248298,61,375000.0,500.0,26,167,63
248371,61,800000.0,2000.0,21,183,75
248384,61,775000.0,1000.0,21,185,76
248445,61,425000.0,2000.0,25,189,81
248477,61,700000.0,1000.0,22,183,78
248482,61,700000.0,5000.0,22,181,77
248487,61,775000.0,1000.0,21,180,70
248488,61,750000.0,1000.0,20,183,75
248559,61,475000.0,3000.0,24,188,81
248662,61,700000.0,800.0,21,180,72
248674,61,850000.0,5000.0,19,184,77
248852,61,325000.0,3000.0,30,176,74
250724,61,725000.0,1000.0,21,182,70
250758,61,400000.0,1000.0,25,183,64
250801,61,800000.0,1000.0,20,172,67
250884,61,725000.0,500.0,23,182,75
250948,61,725000.0,900.0,22,184,70
250949,61,725000.0,1000.0,21,178,71
251028,61,700000.0,1000.0,19,179,67
251054,61,500000.0,1000.0,22,181,77
251167,61,700000.0,2000.0,22,196,87
251176,61,850000.0,1000.0,20,173,69
251192,61,800000.0,4000.0,20,186,80
251201,61,825000.0,500.0,17,168,60
251264,61,700000.0,1000.0,21,186,72
251312,61,675000.0,2000.0,20,185,71
251349,61,775000.0,1000.0,19,185,79
251352,61,725000.0,1000.0,21,178,68
251417,61,750000.0,1000.0,21,187,82
251427,61,750000.0,5000.0,20,184,75
251539,61,700000.0,1000.0,21,187,75
251574,61,700000.0,6000.0,23,175,71
251603,61,725000.0,7000.0,23,181,78
251628,61,775000.0,2000.0,20,174,68
251646,61,425000.0,800.0,25,179,80
251689,61,800000.0,500.0,19,185,77
251772,61,60000.0,500.0,34,178,78
251830,61,825000.0,1000.0,20,180,74
251848,61,475000.0,1000.0,22,177,74
251856,61,725000.0,1000.0,22,175,68
251889,61,675000.0,2000.0,20,170,69
251895,61,700000.0,900.0,21,181,81
251918,61,425000.0,500.0,25,183,77
251926,61,800000.0,650.0,19,179,70
252016,61,750000.0,1000.0,20,174,68
252059,61,700000.0,2000.0,21,180,61
252098,61,130000.0,500.0,35,174,72
252148,61,750000.0,800.0,18,179,64
252165,61,775000.0,1000.0,19,169,60
252241,61,700000.0,2000.0,21,194,90
252255,61,650000.0,500.0,17,177,65
252260,61,675000.0,1000.0,22,176,71
252301,61,500000.0,2000.0,22,178,70
252302,61,825000.0,2000.0,20,175,68
252421,61,700000.0,2000.0,21,168,67
252547,61,675000.0,1000.0,20,175,67
252599,61,700000.0,1000.0,22,170,64
252794,61,800000.0,4000.0,20,175,68
252796,61,800000.0,4000.0,20,183,69
252916,61,750000.0,3000.0,22,186,80
252975,61,775000.0,2000.0,19,183,67
253121,61,725000.0,2000.0,20,182,78
253161,61,600000.0,1000.0,20,183,85
253179,61,725000.0,500.0,21,176,68
253235,61,725000.0,500.0,21,176,68
253607,61,700000.0,500.0,22,178,66
253627,61,300000.0,500.0,28,181,72
253774,61,800000.0,500.0,20,165,60
253779,61,350000.0,500.0,27,176,75
253799,61,450000.0,500.0,24,178,78
253814,61,90000.0,500.0,35,176,72
253828,61,725000.0,500.0,23,179,72
253840,61,350000.0,500.0,27,184,80
253875,61,230000.0,500.0,32,176,74
253898,61,800000.0,1000.0,20,169,60
253921,61,425000.0,500.0,25,180,65
253996,61,875000.0,2000.0,20,187,74
254172,61,750000.0,1000.0,22,190,78
254188,61,725000.0,500.0,21,164,68
254191,61,35000.0,500.0,36,186,80
254194,61,220000.0,500.0,29,185,73
254222,61,725000.0,2000.0,23,180,70
254246,61,750000.0,650.0,18,178,73
254262,61,850000.0,500.0,17,191,83
254303,61,725000.0,4000.0,21,172,69
254315,61,750000.0,6000.0,20,188,73
254396,61,550000.0,500.0,23,184,88
254469,61,425000.0,700.0,26,176,73
254509,61,475000.0,750.0,23,185,80
254513,61,375000.0,550.0,26,191,81
254646,61,625000.0,500.0,22,172,70
254694,61,725000.0,1000.0,22,178,72
254702,61,675000.0,2000.0,24,186,80
254722,61,725000.0,500.0,22,173,70
254776,61,625000.0,500.0,23,173,67
254838,61,750000.0,1000.0,21,188,79
254851,61,800000.0,1000.0,19,184,70
254905,61,800000.0,8000.0,20,175,65
254959,61,700000.0,2000.0,22,179,66
254989,61,675000.0,1000.0,23,182,77
254992,61,775000.0,1000.0,19,178,64
255081,61,450000.0,1000.0,25,179,76
255160,61,800000.0,2000.0,21,183,78
255176,61,325000.0,1000.0,27,180,77
255183,61,450000.0,800.0,25,177,73
255206,61,900000.0,4000.0,18,180,71
255213,61,700000.0,2000.0,22,188,73
255225,61,110000.0,2000.0,34,184,79
255255,61,700000.0,1000.0,22,171,66
255305,61,850000.0,1000.0,19,183,79
255339,61,750000.0,550.0,18,170,66
255374,61,700000.0,1000.0,21,180,75
255394,61,750000.0,1000.0,18,181,66
255434,61,900000.0,500.0,17,178,70
255436,61,725000.0,500.0,21,175,72
255577,61,725000.0,3000.0,22,179,72
255636,61,725000.0,500.0,20,182,69
255729,61,350000.0,500.0,27,175,69
255812,61,650000.0,500.0,22,188,82
255828,61,725000.0,2000.0,20,178,72
255829,61,800000.0,1000.0,20,168,66
256002,61,700000.0,500.0,22,180,72
256004,61,625000.0,500.0,23,188,98
256058,61,750000.0,2000.0,19,170,65
256172,61,575000.0,3000.0,22,190,83
256196,61,875000.0,500.0,19,186,81
256367,61,700000.0,750.0,22,193,80
256442,61,725000.0,1000.0,20,170,60
256510,61,750000.0,3000.0,19,193,70
256746,61,775000.0,1000.0,19,189,77
256801,61,725000.0,3000.0,19,183,72
256819,61,775000.0,900.0,19,176,70
256832,61,825000.0,500.0,17,176,67
256853,61,925000.0,7000.0,19,186,71
256889,61,700000.0,950.0,22,183,78
256931,61,800000.0,850.0,19,190,75
257010,61,575000.0,750.0,22,200,90
257013,61,525000.0,800.0,22,179,71
257031,61,700000.0,700.0,21,173,66
257060,61,800000.0,1000.0,20,190,79
257080,61,725000.0,3000.0,20,183,82
257112,61,725000.0,2000.0,21,178,73
257171,61,850000.0,3000.0,19,167,62
257194,61,725000.0,1000.0,20,180,79
257235,61,700000.0,2000.0,20,185,82
257237,61,625000.0,5000.0,23,186,75
257245,61,800000.0,4000.0,20,175,70
257253,61,750000.0,4000.0,20,186,77
257255,61,700000.0,500.0,22,188,76
257289,61,850000.0,3000.0,19,189,70
257611,61,725000.0,2000.0,20,172,70
257707,61,775000.0,6000.0,20,175,68
257722,61,425000.0,1000.0,25,181,76
257753,61,60000.0,1000.0,36,176,72
257758,61,375000.0,1000.0,26,176,73
257764,61,675000.0,1000.0,23,180,75
257796,61,170000.0,1000.0,31,189,80
257819,61,300000.0,2000.0,29,188,83
257862,61,220000.0,2000.0,30,191,77
257871,61,725000.0,2000.0,22,176,69
257962,61,625000.0,1000.0,22,183,78
258031,61,700000.0,3000.0,20,185,78
258071,61,700000.0,2000.0,21,181,74
258102,61,675000.0,1000.0,22,178,70
258103,61,750000.0,500.0,17,178,68
258184,61,700000.0,500.0,21,180,76
258230,61,725000.0,500.0,18,184,83
258284,61,725000.0,2000.0,20,168,68
258303,61,725000.0,600.0,20,174,66
258355,61,800000.0,800.0,21,188,70
258393,61,775000.0,700.0,19,176,68
258447,61,700000.0,2000.0,21,185,80
258456,61,800000.0,2000.0,20,175,68
258468,61,825000.0,5000.0,20,170,66
258533,61,725000.0,3000.0,21,177,68
258627,61,800000.0,4000.0,20,173,67
258642,61,750000.0,1000.0,20,184,76
258644,61,700000.0,1000.0,19,179,71
258687,61,700000.0,1000.0,21,189,75
258751,61,775000.0,1000.0,21,175,65
258787,61,725000.0,500.0,22,176,65
258821,61,775000.0,1000.0,19,179,71
258822,61,700000.0,3000.0,21,171,63
258880,61,475000.0,1000.0,22,173,64
258934,61,750000.0,2000.0,22,178,72
258945,61,750000.0,1000.0,21,182,75
258976,61,825000.0,5000.0,20,178,72
258983,61,625000.0,900.0,20,198,88
258988,61,325000.0,3000.0,30,190,91
259085,61,700000.0,3000.0,20,185,79
259096,61,825000.0,7000.0,20,177,73
259114,61,750000.0,2000.0,21,185,81
259153,61,650000.0,1000.0,21,185,75
259176,61,625000.0,3000.0,24,172,64
259178,61,800000.0,2000.0,21,184,75
259193,61,700000.0,2000.0,21,181,73
259194,61,725000.0,1000.0,19,187,81
259204,61,500000.0,3000.0,24,178,69
259255,61,300000.0,2000.0,26,191,81
259264,61,675000.0,850.0,24,175,73
259280,61,725000.0,500.0,18,175,78
259325,61,650000.0,2000.0,24,176,70
259419,61,1000000.0,2000.0,17,178,68
259528,61,750000.0,900.0,19,175,71
259531,61,800000.0,2000.0,21,185,76
259534,61,750000.0,1000.0,22,195,80
259563,61,775000.0,1000.0,19,179,67
259579,61,750000.0,500.0,21,187,81
259600,61,775000.0,1000.0,21,175,67
259620,61,750000.0,650.0,21,190,82
259634,61,700000.0,4000.0,21,173,75
259695,61,220000.0,500.0,29,182,85
259780,61,400000.0,500.0,23,181,78
259810,61,850000.0,1000.0,19,177,69
259864,61,450000.0,500.0,24,179,71
259877,61,800000.0,500.0,20,172,68
259899,61,625000.0,2000.0,23,183,78
259907,61,425000.0,500.0,26,186,78
259919,61,300000.0,750.0,29,187,80
259970,61,725000.0,500.0,23,182,74
260014,61,850000.0,2000.0,19,180,73
260061,61,725000.0,500.0,20,180,75
260087,61,725000.0,500.0,19,182,78
260143,61,625000.0,500.0,17,185,75
260177,61,425000.0,500.0,25,180,83
260206,61,90000.0,600.0,35,180,70
260216,61,650000.0,800.0,23,167,68
260235,61,800000.0,1000.0,18,176,60
260252,61,450000.0,2000.0,24,171,66
260255,61,800000.0,500.0,20,165,61
260264,61,825000.0,1000.0,18,183,85
260335,61,170000.0,500.0,33,180,78
260351,61,450000.0,1000.0,25,168,72
260420,61,725000.0,2000.0,20,176,73
260433,61,525000.0,2000.0,22,170,62
260436,61,725000.0,850.0,19,185,80
260442,61,450000.0,500.0,24,177,71
260508,61,350000.0,500.0,26,178,64
260527,61,350000.0,700.0,26,184,80
260561,61,725000.0,1000.0,19,192,80
260577,61,825000.0,550.0,17,183,76
260648,61,600000.0,1000.0,24,188,77
260705,61,500000.0,2000.0,22,177,68
260723,61,775000.0,6000.0,19,188,70
260728,61,775000.0,5000.0,19,189,75
260735,61,300000.0,500.0,27,192,86
260918,61,625000.0,700.0,20,185,79
260919,61,725000.0,700.0,20,170,63
260923,61,800000.0,900.0,20,170,65
260925,61,725000.0,3000.0,20,183,77
260990,61,825000.0,700.0,17,180,67
261040,61,700000.0,1000.0,21,185,80
261083,61,750000.0,1000.0,19,175,67
261133,61,825000.0,4000.0,18,180,70
261167,61,600000.0,1000.0,25,193,86
261169,61,700000.0,3000.0,21,180,78
261265,61,775000.0,2000.0,18,179,70
261299,61,825000.0,750.0,17,178,68
261323,61,750000.0,500.0,21,190,85
261334,61,400000.0,600.0,26,182,74
261349,61,800000.0,2000.0,20,172,67
261352,61,725000.0,2000.0,22,178,69
261380,61,725000.0,500.0,20,175,72
261452,61,375000.0,700.0,26,187,81
261456,61,475000.0,850.0,25,177,72
261476,61,750000.0,500.0,19,169,67
261482,61,500000.0,500.0,22,172,62
261483,61,725000.0,500.0,20,173,67
261495,61,850000.0,500.0,17,190,82
261554,61,675000.0,500.0,19,175,72
261555,61,800000.0,500.0,18,175,72
261563,61,750000.0,500.0,18,175,68
261571,61,675000.0,500.0,19,175,67
261595,61,700000.0,1000.0,21,177,68
261690,61,775000.0,500.0,17,164,59
261691,61,775000.0,2000.0,19,175,68
261765,61,725000.0,500.0,21,174,68
261971,61,825000.0,500.0,18,175,70
262057,61,900000.0,500.0,17,170,67
262062,61,800000.0,850.0,18,178,69
262082,61,750000.0,500.0,18,179,69
262098,61,700000.0,850.0,22,180,78
262154,61,800000.0,1000.0,21,181,75
262168,61,675000.0,2000.0,22,178,69
262171,61,775000.0,4000.0,19,174,65
262212,61,700000.0,1000.0,21,185,78
262226,61,725000.0,900.0,21,183,70
262254,61,375000.0,950.0,24,193,78
262268,61,675000.0,2000.0,20,186,80
262283,61,825000.0,500.0,17,169,62
262284,61,650000.0,650.0,18,171,68
262287,61,350000.0,3000.0,26,175,60
262347,61,325000.0,1000.0,29,179,66
262356,61,450000.0,1000.0,24,169,68
262399,61,750000.0,1000.0,21,194,80
262467,61,300000.0,2000.0,29,178,75
262477,61,800000.0,1000.0,21,178,71
262488,61,675000.0,1000.0,22,184,80
262511,61,800000.0,1000.0,21,183,78
262548,61,325000.0,800.0,30,180,67
262561,61,625000.0,500.0,20,190,83
262573,61,775000.0,500.0,19,178,72
262633,61,475000.0,850.0,23,194,81
262659,61,675000.0,1000.0,19,190,96
262664,61,700000.0,600.0,21,187,80
262673,61,725000.0,800.0,20,182,79
262710,61,725000.0,2000.0,20,181,72
262751,61,450000.0,2000.0,25,191,90
262772,61,425000.0,500.0,25,180,72
262787,61,725000.0,4000.0,21,180,73
262793,61,700000.0,2000.0,22,171,72
262804,61,375000.0,1000.0,26,184,77
262831,61,475000.0,2000.0,25,188,73
262899,61,475000.0,500.0,22,202,88
262903,61,625000.0,2000.0,21,189,78
262910,61,525000.0,1000.0,22,180,70
262926,61,625000.0,750.0,22,186,78
262940,61,775000.0,600.0,18,191,77
262950,61,425000.0,750.0,24,175,77
263016,61,800000.0,4000.0,20,192,83
263046,61,800000.0,4000.0,21,185,74
263059,61,725000.0,1000.0,20,180,69
263081,61,725000.0,500.0,22,188,78
263132,61,775000.0,2000.0,19,180,77
263135,61,775000.0,3000.0,19,183,76
263149,61,825000.0,4000.0,18,173,64
263154,61,625000.0,900.0,23,181,73
263158,61,500000.0,1000.0,20,166,60
263170,61,600000.0,2000.0,23,181,75
263177,61,450000.0,1000.0,25,189,80
263178,61,475000.0,1000.0,23,185,82
263190,61,375000.0,1000.0,26,175,64
263234,61,675000.0,600.0,19,190,76
263270,61,375000.0,800.0,26,175,70
263279,61,725000.0,700.0,20,183,80
263296,61,800000.0,2000.0,20,189,84
263311,61,700000.0,900.0,21,176,70
263319,61,525000.0,2000.0,22,175,69
263323,61,700000.0,2000.0,22,169,62
263337,61,350000.0,500.0,26,192,81
263355,61,825000.0,4000.0,18,173,60
263398,61,700000.0,500.0,17,177,70
263404,61,825000.0,1000.0,18,178,76
263418,61,775000.0,2000.0,19,176,69
263435,61,1000000.0,1000.0,17,187,71
263448,61,775000.0,2000.0,19,180,68
263449,61,525000.0,2000.0,22,178,76
263480,61,800000.0,500.0,19,190,80
263498,61,600000.0,800.0,19,188,85
263500,61,775000.0,2000.0,21,177,70
263550,61,700000.0,7000.0,21,185,74
263551,61,725000.0,3000.0,19,185,70
263570,61,675000.0,950.0,20,186,75
263571,61,750000.0,900.0,18,176,80
263574,61,525000.0,1000.0,22,178,73
263594,61,775000.0,1000.0,19,179,70
263604,61,750000.0,3000.0,18,174,57
263628,61,700000.0,500.0,17,186,81
263631,61,750000.0,2000.0,21,181,83
263663,61,750000.0,3000.0,22,185,79
263718,61,525000.0,2000.0,22,178,74
263724,61,750000.0,800.0,18,164,62
263732,61,725000.0,1000.0,22,176,70
263760,61,700000.0,3000.0,20,184,79
263921,61,775000.0,2000.0,19,178,68
263965,61,650000.0,7000.0,23,168,65
263973,61,675000.0,500.0,17,183,76
264026,61,800000.0,3000.0,18,178,68
264035,61,825000.0,4000.0,18,178,73
264048,61,550000.0,500.0,20,185,79
264066,61,775000.0,2000.0,18,190,90
264085,61,700000.0,850.0,22,186,88
264088,61,350000.0,750.0,25,190,87
264096,61,875000.0,1000.0,19,183,72
264104,61,775000.0,3000.0,19,193,90
264128,61,675000.0,950.0,20,178,72
264132,61,750000.0,950.0,20,175,72
264147,61,750000.0,800.0,18,186,77
264160,61,725000.0,4000.0,22,179,74
264219,61,1000000.0,500.0,17,173,63
264221,61,825000.0,600.0,17,180,63
264238,61,850000.0,3000.0,19,172,63
264249,61,725000.0,2000.0,20,175,75
264265,61,725000.0,500.0,18,190,75
264290,61,900000.0,500.0,17,184,76
264324,61,675000.0,550.0,22,170,70
264349,61,825000.0,6000.0,18,187,78
264401,61,675000.0,2000.0,20,183,75
264452,61,825000.0,600.0,18,177,74
264476,61,650000.0,900.0,21,187,79
264482,61,350000.0,3000.0,27,175,70
264502,61,700000.0,2000.0,22,191,74
264524,61,675000.0,500.0,19,175,72
264531,61,425000.0,500.0,23,175,72
264535,61,350000.0,500.0,24,190,83
264546,61,675000.0,500.0,20,174,70
264589,61,775000.0,500.0,17,187,80
264629,61,725000.0,500.0,20,170,63
139475,60,50000.0,500.0,36,193,81
139476,60,25000.0,1000.0,36,183,77
149825,60,80000.0,500.0,38,191,88
152523,60,25000.0,900.0,35,193,87
158305,60,45000.0,2000.0,36,180,70
162899,60,45000.0,2000.0,36,180,74
165441,60,110000.0,2000.0,34,185,71
166847,60,150000.0,700.0,33,185,75
171620,60,190000.0,550.0,32,185,76
183533,60,170000.0,1000.0,29,191,76
184282,60,130000.0,500.0,31,193,79
184980,60,170000.0,600.0,32,177,73
187031,60,210000.0,500.0,31,185,84
187144,60,40000.0,1000.0,34,188,83
191336,60,160000.0,2000.0,30,185,81
191437,60,25000.0,1000.0,35,190,86
191528,60,120000.0,2000.0,32,188,81
194894,60,160000.0,5000.0,30,193,83
202295,60,200000.0,2000.0,32,191,83
202795,60,230000.0,2000.0,27,175,66
202824,60,250000.0,3000.0,28,171,65
202881,60,210000.0,600.0,29,180,71
204383,60,240000.0,500.0,29,175,78
204870,60,230000.0,2000.0,28,190,70
205255,60,300000.0,2000.0,26,181,74
205727,60,230000.0,6000.0,28,189,75
207491,60,210000.0,800.0,31,184,76
207886,60,275000.0,2000.0,27,182,71
208559,60,375000.0,500.0,25,190,76
208774,60,300000.0,1000.0,26,178,70
208988,60,120000.0,4000.0,32,184,70
209169,60,160000.0,3000.0,32,185,77
209188,60,200000.0,2000.0,32,176,67
209784,60,220000.0,3000.0,28,178,71
210206,60,220000.0,3000.0,29,162,58
210790,60,220000.0,3000.0,28,178,81
210791,60,130000.0,3000.0,31,179,77
210999,60,210000.0,950.0,29,182,84
211217,60,275000.0,3000.0,27,191,78
212763,60,275000.0,500.0,26,184,76
213157,60,300000.0,850.0,26,170,62
213696,60,375000.0,3000.0,24,183,72
213712,60,275000.0,550.0,26,178,74
214278,60,240000.0,700.0,29,175,72
214666,60,275000.0,2000.0,27,183,76
214747,60,250000.0,850.0,28,173,73
215088,60,325000.0,2000.0,26,195,84
215408,60,130000.0,1000.0,31,203,92
216111,60,250000.0,2000.0,27,179,69
216578,60,220000.0,1000.0,28,182,77
218585,60,240000.0,600.0,26,180,74
219272,60,325000.0,2000.0,26,180,72
219657,60,300000.0,2000.0,25,186,80
220023,60,250000.0,3000.0,27,186,74
220481,60,325000.0,2000.0,26,185,75
220985,60,300000.0,650.0,24,200,93
221423,60,240000.0,900.0,30,187,85
221798,60,210000.0,2000.0,28,188,76
221974,60,210000.0,2000.0,28,185,76
222177,60,170000.0,1000.0,28,188,70
222179,60,170000.0,3000.0,31,187,77
222190,60,170000.0,2000.0,31,182,76
222216,60,210000.0,1000.0,31,189,87
222422,60,375000.0,1000.0,24,177,66
223167,60,400000.0,2000.0,24,180,70
223719,60,300000.0,2000.0,25,175,67
223821,60,120000.0,900.0,33,186,81
223918,60,275000.0,2000.0,25,180,72
223982,60,300000.0,2000.0,25,190,85
224231,60,275000.0,2000.0,27,182,75
224638,60,275000.0,1000.0,26,174,65
224675,60,300000.0,2000.0,26,181,69
224693,60,220000.0,2000.0,28,182,80
224844,60,275000.0,750.0,27,184,73
225051,60,300000.0,1000.0,24,185,82
225198,60,210000.0,2000.0,28,187,84
225237,60,500000.0,750.0,23,176,77
225251,60,300000.0,850.0,25,188,75
225338,60,400000.0,1000.0,24,172,62
225654,60,325000.0,500.0,25,188,80
225873,60,350000.0,500.0,24,191,76
225935,60,325000.0,1000.0,25,181,73
226140,60,325000.0,4000.0,26,185,65
226186,60,170000.0,2000.0,31,182,70
226352,60,325000.0,3000.0,26,175,78
226387,60,325000.0,750.0,25,188,80
226496,60,240000.0,2000.0,30,175,70
226563,60,400000.0,2000.0,24,174,65
226844,60,170000.0,2000.0,31,191,88
228053,60,500000.0,1000.0,23,183,68
228061,60,210000.0,3000.0,31,175,72
228073,60,300000.0,3000.0,27,183,78
228194,60,220000.0,600.0,29,171,64
228195,60,250000.0,650.0,27,172,67
228226,60,500000.0,3000.0,24,180,73
228250,60,275000.0,4000.0,26,171,62
228382,60,500000.0,2000.0,24,183,77
228498,60,190000.0,800.0,29,194,90
228526,60,220000.0,1000.0,27,193,93
228611,60,160000.0,2000.0,30,180,87
229008,60,425000.0,1000.0,23,189,76
229243,60,425000.0,650.0,24,192,87
229263,60,550000.0,750.0,23,169,73
229274,60,475000.0,2000.0,23,185,70
229328,60,475000.0,650.0,24,180,73
229397,60,300000.0,500.0,25,183,81
229450,60,300000.0,2000.0,26,185,76
229718,60,400000.0,600.0,22,185,70
229914,60,325000.0,2000.0,24,188,71
230014,60,475000.0,2000.0,23,186,71
230698,60,400000.0,950.0,24,182,74
230749,60,475000.0,4000.0,24,194,78
230980,60,250000.0,800.0,26,190,85
231171,60,220000.0,3000.0,28,175,70
231379,60,350000.0,1000.0,24,194,78
231421,60,425000.0,1000.0,23,188,76
231486,60,250000.0,3000.0,27,165,60
231510,60,325000.0,600.0,25,186,82
231617,60,375000.0,1000.0,21,180,70
231634,60,200000.0,800.0,30,196,83
231674,60,220000.0,550.0,29,178,64
231923,60,375000.0,2000.0,24,176,73
231929,60,500000.0,6000.0,23,178,64
232565,60,160000.0,1000.0,30,192,84
232566,60,275000.0,1000.0,24,190,83
232904,60,450000.0,2000.0,23,177,75
233288,60,350000.0,500.0,24,180,78
233394,60,500000.0,2000.0,24,178,75
233440,60,375000.0,2000.0,23,179,73
233446,60,250000.0,800.0,27,180,72
233506,60,350000.0,750.0,24,173,72
233665,60,400000.0,1000.0,24,185,78
233782,60,525000.0,2000.0,22,190,73
233946,60,325000.0,2000.0,23,178,66
234040,60,525000.0,2000.0,23,183,64
234099,60,600000.0,5000.0,21,180,69
234638,60,500000.0,950.0,24,185,78
234692,60,220000.0,3000.0,29,182,83
235054,60,300000.0,500.0,24,180,83
235086,60,475000.0,500.0,22,191,85
235162,60,300000.0,5000.0,26,182,84
235304,60,475000.0,850.0,21,192,82
235579,60,240000.0,2000.0,27,183,75
235606,60,475000.0,550.0,24,200,90
235656,60,325000.0,3000.0,26,165,64
235661,60,550000.0,2000.0,21,177,75
236292,60,500000.0,2000.0,23,190,79
236359,60,550000.0,750.0,21,180,75
236370,60,240000.0,3000.0,30,193,87
236485,60,350000.0,2000.0,23,191,88
236601,60,550000.0,1000.0,23,179,76
236622,60,375000.0,3000.0,22,186,77
236634,60,600000.0,750.0,21,185,70
236733,60,275000.0,3000.0,26,175,67
236762,60,325000.0,2000.0,25,183,75
236771,60,210000.0,500.0,31,177,69
236818,60,550000.0,1000.0,21,178,64
236849,60,550000.0,5000.0,23,189,81
236946,60,400000.0,1000.0,24,178,72
237140,60,300000.0,900.0,25,184,77
237705,60,550000.0,500.0,21,175,72
237825,60,600000.0,6000.0,21,174,66
237842,60,500000.0,500.0,23,171,73
237885,60,450000.0,500.0,23,185,70
238061,60,550000.0,500.0,21,185,78
238197,60,350000.0,550.0,22,183,85
238357,60,450000.0,3000.0,25,173,65
238567,60,250000.0,800.0,28,187,75
238575,60,450000.0,1000.0,23,195,88
238716,60,300000.0,2000.0,27,185,77
238846,60,350000.0,2000.0,23,180,70
239203,60,475000.0,2000.0,22,191,83
239354,60,425000.0,1000.0,23,184,75
239460,60,350000.0,1000.0,25,176,65
239540,60,575000.0,500.0,22,191,80
239573,60,240000.0,550.0,25,184,84
239672,60,650000.0,750.0,20,177,73
239676,60,550000.0,2000.0,22,178,70
239858,60,180000.0,3000.0,31,180,72
239893,60,525000.0,2000.0,22,185,70
239906,60,550000.0,2000.0,22,185,75
239947,60,550000.0,2000.0,21,180,78
240187,60,575000.0,600.0,22,194,85
240208,60,240000.0,2000.0,30,193,90
240322,60,475000.0,2000.0,22,180,73
240463,60,325000.0,5000.0,24,176,75
240599,60,550000.0,1000.0,23,182,70
240608,60,525000.0,2000.0,22,185,72
240650,60,600000.0,1000.0,21,176,71
240672,60,550000.0,3000.0,22,178,70
240736,60,400000.0,2000.0,22,167,60
240775,60,550000.0,2000.0,22,178,67
240835,60,525000.0,500.0,21,179,78
240863,60,600000.0,7000.0,21,175,65
240955,60,475000.0,2000.0,22,185,80
241035,60,575000.0,1000.0,21,183,83
241099,60,475000.0,1000.0,24,182,81
241160,60,600000.0,10000.0,20,172,65
241239,60,375000.0,2000.0,24,180,73
241263,60,550000.0,1000.0,21,178,70
241299,60,300000.0,2000.0,25,186,84
241558,60,550000.0,600.0,20,170,69
241582,60,400000.0,500.0,22,187,73
241891,60,525000.0,1000.0,22,192,80
241977,60,275000.0,800.0,27,185,76
241979,60,575000.0,1000.0,21,173,66
242062,60,600000.0,1000.0,21,177,74
242114,60,575000.0,3000.0,21,173,75
242149,60,525000.0,500.0,22,185,74
242221,60,240000.0,4000.0,29,168,60
242225,60,525000.0,2000.0,24,189,74
242454,60,400000.0,6000.0,23,175,65
242507,60,500000.0,5000.0,23,174,66
242823,60,550000.0,6000.0,22,178,72
242854,60,650000.0,3000.0,20,181,72
242917,60,600000.0,2000.0,20,170,65
242984,60,550000.0,2000.0,23,178,67
243045,60,275000.0,4000.0,26,183,74
243047,60,600000.0,8000.0,20,182,69
243135,60,550000.0,500.0,21,170,62
243157,60,550000.0,2000.0,23,173,70
243159,60,250000.0,1000.0,29,182,74
243168,60,525000.0,2000.0,21,183,67
243211,60,600000.0,700.0,21,180,71
243221,60,550000.0,1000.0,21,180,77
243278,60,550000.0,6000.0,20,173,69
243302,60,350000.0,1000.0,25,182,72
243428,60,550000.0,500.0,19,183,75
243513,60,575000.0,3000.0,21,185,76
243615,60,275000.0,1000.0,26,189,70
243720,60,475000.0,650.0,21,193,86
243737,60,325000.0,500.0,22,187,80
243766,60,525000.0,1000.0,21,173,64
243789,60,600000.0,700.0,22,172,70
243898,60,600000.0,3000.0,21,178,77
243960,60,600000.0,750.0,20,190,77
243980,60,375000.0,900.0,21,179,70
244012,60,350000.0,500.0,24,185,78
244066,60,475000.0,500.0,23,185,78
244073,60,475000.0,800.0,23,192,84
244082,60,375000.0,1000.0,22,173,68
244087,60,550000.0,3000.0,22,182,75
244091,60,525000.0,500.0,22,182,73
244128,60,375000.0,500.0,22,183,72
244170,60,450000.0,2000.0,25,190,79
244172,60,475000.0,500.0,21,190,80
244289,60,600000.0,500.0,19,192,87
244322,60,300000.0,3000.0,26,183,74
244370,60,550000.0,1000.0,21,180,85
244592,60,650000.0,2000.0,20,178,71
244835,60,350000.0,5000.0,24,172,66
244904,60,475000.0,2000.0,24,179,72
245001,60,550000.0,500.0,21,190,78
245020,60,600000.0,6000.0,21,180,70
245057,60,525000.0,1000.0,21,186,76
245255,60,550000.0,2000.0,23,176,70
245270,60,525000.0,550.0,21,181,77
245332,60,550000.0,650.0,21,187,67
245481,60,475000.0,3000.0,23,170,62
245501,60,550000.0,2000.0,21,178,82
245521,60,220000.0,3000.0,29,167,61
245689,60,575000.0,1000.0,22,180,74
245698,60,575000.0,5000.0,21,177,72
245729,60,600000.0,900.0,20,188,79
245769,60,550000.0,1000.0,21,185,80
245780,60,525000.0,2000.0,21,181,75
245907,60,575000.0,6000.0,19,183,78
245994,60,600000.0,4000.0,20,176,64
246180,60,600000.0,2000.0,20,173,64
246246,60,475000.0,2000.0,22,195,85
246292,60,550000.0,2000.0,22,173,68
246299,60,450000.0,2000.0,23,193,77
246305,60,525000.0,1000.0,21,171,66
246401,60,600000.0,8000.0,20,178,66
246467,60,550000.0,800.0,20,182,74
246552,60,220000.0,1000.0,28,184,80
246558,60,325000.0,850.0,24,179,74
246663,60,400000.0,2000.0,22,185,80
246695,60,550000.0,4000.0,19,190,80
246713,60,575000.0,1000.0,19,173,70
246773,60,500000.0,1000.0,23,173,69
246789,60,500000.0,2000.0,22,187,73
246843,60,300000.0,1000.0,25,193,88
246860,60,675000.0,500.0,18,175,63
246877,60,600000.0,6000.0,21,175,70
246920,60,525000.0,550.0,19,178,70
247025,60,600000.0,500.0,17,177,60
247063,60,550000.0,500.0,22,168,65
247067,60,275000.0,500.0,26,181,71
247105,60,500000.0,800.0,19,183,73
247125,60,475000.0,1000.0,22,178,78
247166,60,600000.0,8000.0,20,175,70
247173,60,550000.0,900.0,20,187,85
247277,60,550000.0,1000.0,22,184,73
247295,60,325000.0,1000.0,23,186,88
247308,60,525000.0,1000.0,22,177,73
247369,60,550000.0,3000.0,21,176,62
247507,60,600000.0,11000.0,20,174,67
247533,60,350000.0,2000.0,23,176,74
247630,60,500000.0,500.0,24,179,70
247636,60,325000.0,1000.0,25,183,77
247820,60,550000.0,600.0,20,186,75
247863,60,500000.0,550.0,20,175,70
247871,60,550000.0,2000.0,20,188,72
247897,60,400000.0,900.0,21,176,69
247908,60,525000.0,1000.0,22,176,67
247931,60,525000.0,2000.0,22,187,77
247955,60,625000.0,1000.0,18,180,68
247999,60,200000.0,1000.0,32,182,74
248178,60,300000.0,600.0,26,172,65
248265,60,210000.0,550.0,30,179,75
248306,60,160000.0,500.0,32,178,75
248337,60,525000.0,600.0,21,186,70
248401,60,525000.0,500.0,18,174,70
248408,60,600000.0,6000.0,20,187,74
248508,60,550000.0,1000.0,20,186,77
248547,60,500000.0,700.0,22,175,70
248577,60,325000.0,650.0,24,190,83
248766,60,475000.0,5000.0,22,197,83
248803,60,575000.0,1000.0,19,180,71
250812,60,600000.0,2000.0,20,180,71
250823,60,550000.0,5000.0,20,179,70
250855,60,550000.0,1000.0,21,178,68
250966,60,220000.0,850.0,28,181,74
250998,60,600000.0,2000.0,21,187,82
251049,60,550000.0,1000.0,20,174,65
251107,60,550000.0,600.0,21,175,69
251157,60,475000.0,700.0,21,185,86
251169,60,550000.0,1000.0,22,184,80
251170,60,600000.0,1000.0,21,186,81
251184,60,90000.0,2000.0,34,168,64
251235,60,550000.0,3000.0,22,184,76
251272,60,600000.0,3000.0,20,180,70
251273,60,550000.0,3000.0,22,182,70
251275,60,600000.0,3000.0,19,185,73
251285,60,475000.0,3000.0,22,186,85
251306,60,600000.0,2000.0,20,175,65
251369,60,475000.0,2000.0,23,188,90
251372,60,375000.0,2000.0,24,185,75
251411,60,550000.0,1000.0,20,172,66
251454,60,600000.0,500.0,20,174,65
251506,60,275000.0,3000.0,27,182,69
251554,60,550000.0,1000.0,21,185,76
251569,60,600000.0,5000.0,19,179,75
251594,60,550000.0,700.0,23,190,76
251631,60,575000.0,900.0,20,183,79
251645,60,550000.0,2000.0,20,176,69
251685,60,525000.0,1000.0,22,175,74
251837,60,475000.0,500.0,24,185,80
251855,60,575000.0,2000.0,19,184,70
251906,60,300000.0,3000.0,26,174,65
252006,60,500000.0,2000.0,23,181,78
252007,60,525000.0,2000.0,22,175,79
252194,60,550000.0,1000.0,20,183,73
252229,60,550000.0,2000.0,20,175,67
252370,60,500000.0,1000.0,22,167,66
252386,60,650000.0,2000.0,20,178,71
252440,60,525000.0,5000.0,22,175,70
252459,60,575000.0,900.0,19,176,66
252468,60,550000.0,750.0,21,182,84
252476,60,550000.0,1000.0,20,182,76
252498,60,600000.0,1000.0,21,175,67
252557,60,300000.0,8000.0,26,173,73
252849,60,575000.0,550.0,20,168,63
252861,60,525000.0,550.0,21,183,75
252868,60,550000.0,700.0,20,189,66
252883,60,500000.0,2000.0,20,189,76
252897,60,600000.0,500.0,17,177,68
252911,60,575000.0,3000.0,19,190,87
252912,60,650000.0,1000.0,20,165,67
252918,60,650000.0,2000.0,19,185,70
252959,60,625000.0,4000.0,19,183,69
252960,60,600000.0,500.0,19,176,77
253013,60,325000.0,800.0,26,195,95
253216,60,575000.0,2000.0,20,195,83
253233,60,600000.0,500.0,20,171,63
253337,60,250000.0,500.0,28,180,70
253441,60,600000.0,650.0,19,182,84
253474,60,625000.0,2000.0,20,183,72
253579,60,550000.0,500.0,23,174,69
253612,60,500000.0,500.0,20,180,75
253688,60,525000.0,500.0,20,190,82
253820,60,525000.0,500.0,21,161,65
253837,60,325000.0,500.0,23,185,85
253843,60,180000.0,500.0,30,185,70
253859,60,475000.0,500.0,22,178,66
253860,60,475000.0,500.0,22,181,70
253919,60,525000.0,2000.0,19,190,83
253969,60,575000.0,500.0,17,188,75
254084,60,550000.0,2000.0,21,187,70
254207,60,400000.0,500.0,21,175,71
254280,60,600000.0,550.0,21,171,62
254282,60,325000.0,950.0,25,187,75
254321,60,550000.0,800.0,21,165,62
254480,60,675000.0,1000.0,18,182,81
254482,60,675000.0,1000.0,18,182,70
254496,60,525000.0,1000.0,19,178,72
254615,60,475000.0,500.0,22,190,78
254680,60,600000.0,950.0,20,184,75
254700,60,375000.0,500.0,23,172,70
254807,60,675000.0,3000.0,18,183,75
254817,60,600000.0,1000.0,21,177,70
254844,60,375000.0,2000.0,23,161,59
254845,60,575000.0,850.0,19,180,70
254872,60,210000.0,500.0,29,182,80
254882,60,575000.0,2000.0,19,172,68
254906,60,300000.0,500.0,25,184,85
254915,60,550000.0,1000.0,22,165,68
254934,60,650000.0,850.0,20,173,67
255042,60,240000.0,2000.0,30,178,75
255065,60,550000.0,500.0,20,177,75
255074,60,600000.0,500.0,20,188,73
255092,60,600000.0,2000.0,21,155,66
255125,60,575000.0,2000.0,21,182,62
255177,60,350000.0,1000.0,24,180,81
255272,60,625000.0,500.0,18,168,55
255290,60,475000.0,600.0,20,186,80
255293,60,600000.0,2000.0,21,177,74
255384,60,450000.0,3000.0,25,185,80
255391,60,650000.0,2000.0,19,179,69
255401,60,550000.0,550.0,20,190,85
255407,60,525000.0,1000.0,20,189,83
255481,60,500000.0,600.0,23,175,68
255484,60,325000.0,500.0,24,189,75
255488,60,350000.0,500.0,22,175,69
255494,60,525000.0,500.0,20,195,80
255507,60,550000.0,5000.0,20,176,74
255534,60,220000.0,700.0,28,178,77
255564,60,600000.0,650.0,20,174,70
255633,60,475000.0,500.0,21,190,74
255674,60,525000.0,500.0,20,178,70
255693,60,525000.0,2000.0,22,176,79
255737,60,300000.0,650.0,26,183,80
255772,60,400000.0,1000.0,22,170,64
255793,60,550000.0,500.0,22,167,65
255803,60,525000.0,500.0,23,183,67
255810,60,500000.0,1000.0,20,171,59
255834,60,525000.0,2000.0,21,183,75
255837,60,325000.0,5000.0,25,184,75
255853,60,240000.0,950.0,30,167,60
255896,60,500000.0,500.0,19,172,69
255898,60,525000.0,500.0,21,165,64
255932,60,600000.0,800.0,18,186,72
255981,60,500000.0,500.0,18,189,91
255998,60,550000.0,500.0,20,181,78
256036,60,575000.0,3000.0,19,180,76
256047,60,600000.0,2000.0,20,182,74
256088,60,375000.0,500.0,24,189,80
256148,60,500000.0,500.0,20,169,63
256236,60,475000.0,800.0,23,175,70
256264,60,550000.0,1000.0,21,183,73
256267,60,375000.0,2000.0,22,181,77
256296,60,350000.0,850.0,24,187,82
256358,60,600000.0,2000.0,18,177,65
256383,60,575000.0,500.0,18,183,68
256426,60,625000.0,800.0,19,176,66
256500,60,725000.0,500.0,17,188,81
256542,60,525000.0,1000.0,20,188,72
256610,60,625000.0,5000.0,18,165,60
256669,60,550000.0,700.0,21,183,77
256685,60,600000.0,850.0,20,173,68
256693,60,350000.0,750.0,24,189,70
256742,60,475000.0,950.0,21,195,81
257014,60,450000.0,550.0,19,185,79
257017,60,325000.0,1000.0,25,180,74
257035,60,240000.0,2000.0,27,180,71
257036,60,550000.0,600.0,18,188,80
257042,60,550000.0,700.0,17,168,62
257152,60,625000.0,800.0,18,172,69
257176,60,500000.0,1000.0,19,190,83
257184,60,550000.0,3000.0,20,175,74
257212,60,400000.0,800.0,24,183,73
257231,60,600000.0,500.0,17,167,63
257244,60,625000.0,2000.0,19,185,80
257247,60,625000.0,4000.0,19,178,73
257254,60,600000.0,4000.0,19,177,75
257259,60,550000.0,1000.0,20,174,70
257306,60,575000.0,2000.0,18,170,61
257426,60,550000.0,3000.0,22,180,68
257478,60,300000.0,1000.0,26,173,70
257482,60,550000.0,5000.0,20,194,84
257492,60,575000.0,550.0,19,186,85
257511,60,625000.0,1000.0,19,184,72
257518,60,500000.0,1000.0,21,182,80
257538,60,475000.0,1000.0,21,191,72
257548,60,550000.0,550.0,22,186,71
257630,60,625000.0,4000.0,19,172,70
257638,60,525000.0,2000.0,20,192,83
257715,60,400000.0,1000.0,23,171,67
257790,60,550000.0,2000.0,19,178,71
257803,60,550000.0,1000.0,20,189,83
257807,60,300000.0,2000.0,26,175,68
257811,60,500000.0,1000.0,20,180,70
257847,60,525000.0,2000.0,20,172,62
257927,60,650000.0,5000.0,20,166,64
257985,60,475000.0,1000.0,21,193,87
258041,60,625000.0,4000.0,18,182,68
258042,60,500000.0,1000.0,20,190,82
258080,60,625000.0,1000.0,19,173,62
258084,60,525000.0,500.0,17,175,70
258087,60,575000.0,750.0,18,181,77
258089,60,575000.0,500.0,17,183,76
258098,60,275000.0,1000.0,27,192,85
258104,60,625000.0,950.0,18,179,74
258139,60,675000.0,3000.0,18,168,60
258176,60,625000.0,1000.0,18,183,71
258181,60,475000.0,650.0,21,188,82
258239,60,525000.0,850.0,20,189,88
258243,60,500000.0,500.0,20,183,75
258288,60,475000.0,1000.0,23,196,87
258317,60,200000.0,2000.0,30,193,84
258330,60,625000.0,1000.0,18,178,64
258348,60,575000.0,650.0,19,181,72
258383,60,300000.0,800.0,23,196,84
258439,60,550000.0,500.0,18,197,90
258450,60,550000.0,850.0,19,175,72
258492,60,575000.0,500.0,19,185,72
258503,60,550000.0,2000.0,19,177,74
258509,60,550000.0,3000.0,21,178,70
258511,60,475000.0,500.0,17,188,85
258515,60,625000.0,4000.0,18,182,72
258529,60,575000.0,8000.0,20,177,74
258566,60,325000.0,2000.0,24,178,70
258612,60,575000.0,800.0,19,182,69
258641,60,575000.0,4000.0,19,180,75
258667,60,550000.0,2000.0,19,188,68
258715,60,475000.0,1000.0,20,181,78
258750,60,600000.0,1000.0,21,180,75
258801,60,240000.0,3000.0,29,167,67
258878,60,325000.0,1000.0,23,182,80
258892,60,525000.0,650.0,21,177,71
258897,60,525000.0,1000.0,18,175,70
258905,60,575000.0,500.0,17,184,75
258907,60,600000.0,1000.0,19,185,74
258911,60,550000.0,950.0,20,197,97
258933,60,550000.0,2000.0,22,175,70
258977,60,600000.0,1000.0,20,177,68
258984,60,550000.0,2000.0,21,185,75
259025,60,600000.0,2000.0,21,170,64
259026,60,550000.0,500.0,20,175,67
259099,60,600000.0,850.0,20,182,78
259103,60,350000.0,4000.0,24,188,81
259116,60,525000.0,2000.0,20,176,69
259145,60,500000.0,600.0,19,186,78
259172,60,525000.0,750.0,21,189,81
259198,60,550000.0,2000.0,22,170,64
259268,60,650000.0,2000.0,20,180,72
259270,60,300000.0,2000.0,25,178,79
259271,60,450000.0,2000.0,23,184,75
259299,60,550000.0,2000.0,19,193,86
259324,60,600000.0,9000.0,21,167,56
259327,60,600000.0,1000.0,19,192,81
259335,60,625000.0,3000.0,18,187,84
259359,60,250000.0,4000.0,27,178,75
259424,60,675000.0,8000.0,18,177,71
259444,60,575000.0,950.0,20,191,81
259466,60,500000.0,550.0,19,192,75
259493,60,600000.0,2000.0,20,175,70
259594,60,525000.0,500.0,21,180,75
259598,60,550000.0,2000.0,20,183,75
259721,60,550000.0,3000.0,19,185,69
259754,60,525000.0,2000.0,20,180,69
259783,60,300000.0,500.0,21,185,78
259828,60,500000.0,500.0,20,188,78
259854,60,550000.0,2000.0,21,177,71
259889,60,550000.0,500.0,19,179,67
259916,60,450000.0,550.0,24,191,82
259971,60,550000.0,500.0,21,171,66
259976,60,600000.0,2000.0,19,183,69
260059,60,575000.0,500.0,19,170,65
260083,60,550000.0,2000.0,20,183,77
260084,60,650000.0,3000.0,19,188,75
260098,60,600000.0,850.0,19,185,72
260133,60,550000.0,500.0,21,173,69
260134,60,550000.0,500.0,20,187,78
260212,60,575000.0,500.0,18,180,65
260241,60,600000.0,2000.0,18,188,82
260254,60,500000.0,500.0,19,181,70
260274,60,425000.0,500.0,21,184,80
260277,60,550000.0,2000.0,20,192,75
260296,60,325000.0,700.0,24,181,67
260320,60,350000.0,700.0,23,174,67
260378,60,500000.0,2000.0,19,179,62
260382,60,325000.0,7000.0,26,184,82
260402,60,625000.0,5000.0,19,183,64
260403,60,550000.0,3000.0,20,175,68
260419,60,375000.0,2000.0,23,178,64
260445,60,525000.0,500.0,19,168,64
260449,60,525000.0,500.0,21,178,71
260450,60,525000.0,500.0,21,181,72
260454,60,550000.0,500.0,21,170,67
260473,60,625000.0,6000.0,19,179,72
260482,60,625000.0,500.0,18,175,68
260492,60,625000.0,650.0,19,178,70
260547,60,550000.0,500.0,17,180,68
260551,60,350000.0,900.0,25,177,73
260575,60,375000.0,700.0,23,176,70
260586,60,600000.0,1000.0,18,188,81
260614,60,475000.0,950.0,21,183,75
260617,60,600000.0,500.0,18,188,70
260667,60,575000.0,600.0,18,181,74
260706,60,400000.0,2000.0,23,170,64
260778,60,575000.0,3000.0,19,181,75
260825,60,500000.0,2000.0,22,186,82
260872,60,525000.0,550.0,21,174,70
260890,60,475000.0,2000.0,21,183,77
260939,60,575000.0,3000.0,21,170,70
260941,60,600000.0,500.0,19,191,80
260959,60,625000.0,2000.0,18,170,65
260969,60,475000.0,2000.0,21,185,79
260975,60,250000.0,500.0,27,175,77
261010,60,450000.0,1000.0,20,180,72
261014,60,130000.0,2000.0,31,183,79
261034,60,400000.0,500.0,23,184,73
261096,60,550000.0,2000.0,22,181,72
261155,60,550000.0,2000.0,22,166,67
261157,60,400000.0,2000.0,23,180,74
261170,60,575000.0,900.0,19,185,72
261181,60,600000.0,2000.0,19,170,60
261183,60,625000.0,500.0,17,169,66
261184,60,210000.0,500.0,31,184,85
261187,60,500000.0,500.0,22,175,70
261202,60,575000.0,2000.0,19,181,70
261220,60,500000.0,550.0,20,183,75
261277,60,350000.0,500.0,23,180,77
261320,60,475000.0,500.0,21,190,85
261324,60,550000.0,500.0,20,180,75
261326,60,600000.0,500.0,20,175,70
261336,60,700000.0,6000.0,19,179,67
261359,60,525000.0,900.0,21,178,69
261409,60,475000.0,500.0,24,183,81
261417,60,525000.0,500.0,21,190,73
261422,60,525000.0,550.0,18,185,75
261435,60,550000.0,500.0,17,172,64
261466,60,475000.0,500.0,20,182,79
261470,60,550000.0,500.0,23,183,84
261503,60,240000.0,500.0,29,174,69
261510,60,575000.0,500.0,17,175,72
261539,60,550000.0,1000.0,19,180,70
261552,60,550000.0,500.0,21,174,65
261553,60,550000.0,500.0,21,190,90
261576,60,525000.0,500.0,20,171,60
261584,60,300000.0,1000.0,24,180,70
261614,60,575000.0,700.0,18,178,76
261616,60,625000.0,2000.0,19,173,67
261675,60,575000.0,500.0,17,190,80
261682,60,275000.0,500.0,26,175,70
261694,60,325000.0,1000.0,25,173,70
261695,60,325000.0,500.0,26,176,76
261761,60,400000.0,800.0,21,179,70
261766,60,625000.0,500.0,18,175,64
261772,60,625000.0,500.0,17,181,76
261777,60,550000.0,950.0,21,173,68
261821,60,250000.0,500.0,27,186,80
261826,60,550000.0,600.0,22,167,63
261883,60,500000.0,1000.0,22,177,75
261884,60,550000.0,1000.0,19,189,79
261970,60,525000.0,500.0,19,175,70
262096,60,625000.0,4000.0,18,174,70
262119,60,525000.0,800.0,22,193,87
262214,60,550000.0,2000.0,19,180,74
262215,60,525000.0,2000.0,19,189,82
262227,60,625000.0,950.0,17,190,78
262241,60,350000.0,2000.0,23,180,73
262307,60,575000.0,1000.0,19,180,75
262401,60,500000.0,1000.0,20,181,71
262440,60,500000.0,1000.0,22,170,66
262480,60,525000.0,550.0,18,183,73
262493,60,240000.0,1000.0,27,178,74
262534,60,350000.0,600.0,22,194,82
262538,60,500000.0,2000.0,22,186,76
262577,60,525000.0,500.0,20,193,82
262591,60,475000.0,500.0,21,189,79
262592,60,400000.0,600.0,21,175,69
262609,60,350000.0,2000.0,24,173,70
262613,60,300000.0,800.0,27,185,79
262616,60,475000.0,900.0,21,175,67
262628,60,375000.0,2000.0,24,180,76
262634,60,550000.0,500.0,19,185,84
262641,60,775000.0,3000.0,18,175,65
262677,60,170000.0,800.0,31,182,79
262704,60,275000.0,1000.0,27,192,86
262732,60,600000.0,650.0,19,194,77
262745,60,575000.0,750.0,19,186,78
262768,60,375000.0,500.0,22,185,75
262788,60,475000.0,1000.0,23,180,79
262811,60,500000.0,700.0,20,182,71
262865,60,525000.0,1000.0,20,184,71
262904,60,550000.0,2000.0,21,186,77
262905,60,550000.0,1000.0,21,180,80
262937,60,550000.0,2000.0,20,180,70
262958,60,250000.0,750.0,27,175,65
262973,60,550000.0,1000.0,20,191,83
262975,60,525000.0,500.0,20,187,82
262981,60,625000.0,1000.0,19,178,68
263008,60,575000.0,500.0,19,183,77
263021,60,250000.0,3000.0,27,190,82
263048,60,550000.0,2000.0,23,175,65
263112,60,575000.0,2000.0,20,179,75
263150,60,550000.0,2000.0,19,181,73
263151,60,525000.0,2000.0,20,174,65
263166,60,400000.0,550.0,23,183,77
263168,60,775000.0,4000.0,18,196,75
263223,60,500000.0,500.0,18,166,60
263250,60,550000.0,5000.0,19,182,68
263252,60,575000.0,4000.0,19,193,78
263254,60,475000.0,3000.0,21,193,94
263275,60,625000.0,3000.0,18,185,79
263289,60,375000.0,500.0,23,183,78
263310,60,550000.0,2000.0,21,170,70
263318,60,525000.0,2000.0,22,184,75
263330,60,625000.0,1000.0,18,173,58
263361,60,575000.0,500.0,18,181,70
263367,60,600000.0,1000.0,21,170,68
263379,60,525000.0,800.0,18,176,70
263393,60,575000.0,1000.0,21,186,72
263421,60,625000.0,750.0,18,175,70
263442,60,500000.0,3000.0,20,195,75
263474,60,500000.0,3000.0,22,180,70
263483,60,350000.0,1000.0,24,178,73
263486,60,575000.0,3000.0,18,196,93
263501,60,550000.0,1000.0,20,180,78
263502,60,600000.0,2000.0,20,176,70
263509,60,550000.0,500.0,19,182,76
263547,60,300000.0,1000.0,24,191,85
263585,60,300000.0,2000.0,25,185,78
263602,60,550000.0,700.0,17,179,62
263603,60,625000.0,3000.0,19,183,71
263623,60,550000.0,500.0,19,174,71
263634,60,625000.0,1000.0,19,183,71
263647,60,475000.0,4000.0,22,190,84
263673,60,525000.0,850.0,20,189,76
263678,60,600000.0,3000.0,19,178,72
263708,60,250000.0,2000.0,27,183,67
263756,60,575000.0,1000.0,18,179,70
263771,60,600000.0,1000.0,20,175,75
263801,60,525000.0,2000.0,21,167,71
263807,60,525000.0,5000.0,21,172,70
263826,60,550000.0,5000.0,21,162,51
263862,60,525000.0,1000.0,21,185,83
263868,60,500000.0,1000.0,20,180,75
263869,60,500000.0,1000.0,20,180,75
263908,60,550000.0,2000.0,19,180,65
263920,60,450000.0,500.0,19,202,80
263928,60,325000.0,2000.0,25,175,74
263932,60,625000.0,1000.0,18,172,74
263955,60,575000.0,1000.0,19,176,72
264001,60,550000.0,2000.0,20,183,76
264027,60,575000.0,2000.0,19,171,60
264031,60,550000.0,1000.0,22,181,72
264094,60,600000.0,3000.0,21,185,77
264121,60,600000.0,2000.0,18,185,87
264130,60,500000.0,900.0,20,179,73
264148,60,550000.0,2000.0,20,175,72
264149,60,475000.0,1000.0,22,192,88
264157,60,550000.0,1000.0,20,180,69
264172,60,550000.0,2000.0,19,183,80
264173,60,550000.0,3000.0,20,172,72
264175,60,600000.0,3000.0,20,184,76
264178,60,525000.0,1000.0,21,173,66
264179,60,600000.0,500.0,16,175,71
264189,60,650000.0,3000.0,18,182,76
264237,60,600000.0,2000.0,19,181,72
264245,60,550000.0,3000.0,21,182,71
264257,60,400000.0,2000.0,21,180,75
264262,60,425000.0,800.0,22,187,70
264283,60,350000.0,2000.0,24,185,78
264351,60,500000.0,550.0,19,190,81
264416,60,625000.0,500.0,17,178,66
264418,60,475000.0,600.0,18,181,65
264420,60,550000.0,1000.0,20,180,75
264467,60,525000.0,2000.0,19,188,80
264487,60,180000.0,500.0,31,176,72
264515,60,550000.0,2000.0,22,181,74
264523,60,550000.0,500.0,19,177,72
264532,60,550000.0,500.0,20,177,72
264548,60,550000.0,500.0,19,175,72
264561,60,600000.0,3000.0,18,178,73
264571,60,500000.0,500.0,20,175,72
264590,60,600000.0,3000.0,19,183,74
264592,60,525000.0,1000.0,21,177,69
264596,60,550000.0,1000.0,20,178,72
264638,60,525000.0,500.0,19,170,68
111328,59,25000.0,1000.0,37,183,88
165502,59,40000.0,1000.0,34,183,79
181725,59,110000.0,500.0,33,176,75
188815,59,150000.0,800.0,30,182,81
190031,59,110000.0,500.0,33,183,74
190033,59,150000.0,500.0,31,187,77
190061,59,120000.0,2000.0,31,190,85
191857,59,150000.0,1000.0,32,185,75
193713,59,220000.0,3000.0,29,178,70
198109,59,230000.0,950.0,28,189,90
198825,59,220000.0,3000.0,29,175,75
198909,59,190000.0,500.0,30,176,77
202180,59,240000.0,500.0,27,186,74
203430,59,230000.0,2000.0,27,193,71
203504,59,230000.0,2000.0,28,188,83
203863,59,220000.0,500.0,30,177,72
204515,59,210000.0,1000.0,28,189,87
206144,59,230000.0,550.0,28,173,74
207589,59,220000.0,650.0,27,193,89
207951,59,275000.0,2000.0,26,183,75
208067,59,70000.0,750.0,33,189,85
208987,59,120000.0,2000.0,31,190,87
209324,59,250000.0,700.0,27,180,68
209548,59,200000.0,2000.0,29,175,69
210684,59,240000.0,1000.0,26,180,75
210987,59,275000.0,1000.0,26,173,68
211476,59,80000.0,600.0,34,182,64
212759,59,190000.0,1000.0,31,182,71
213672,59,275000.0,550.0,26,182,85
215491,59,240000.0,1000.0,26,191,88
216647,59,300000.0,1000.0,25,184,73
216794,59,325000.0,2000.0,25,188,76
217232,59,160000.0,500.0,32,176,73
218593,59,230000.0,2000.0,26,187,72
220454,59,200000.0,1000.0,28,184,70
220893,59,325000.0,2000.0,25,188,73
221285,59,275000.0,850.0,25,175,71
222181,59,150000.0,2000.0,32,187,82
222191,59,220000.0,3000.0,30,177,73
222199,59,220000.0,2000.0,29,186,80
223404,59,190000.0,2000.0,31,191,80
223894,59,220000.0,2000.0,29,188,80
224400,59,400000.0,750.0,25,191,88
224618,59,220000.0,2000.0,28,178,72
224631,59,250000.0,3000.0,27,173,68
224853,59,275000.0,1000.0,24,187,78
225756,59,350000.0,850.0,24,188,81
225766,59,425000.0,500.0,23,192,79
226021,59,220000.0,2000.0,28,173,67
226658,59,240000.0,1000.0,27,178,76
227182,59,425000.0,500.0,24,173,73
227529,59,300000.0,3000.0,22,193,75
227679,59,350000.0,500.0,24,174,72
227854,59,475000.0,3000.0,23,178,75
227870,59,350000.0,800.0,24,185,76
228047,59,350000.0,3000.0,24,180,73
228075,59,250000.0,2000.0,26,184,78
228292,59,300000.0,500.0,25,180,75
228610,59,200000.0,3000.0,28,173,64
228794,59,230000.0,5000.0,28,173,72
228795,59,220000.0,4000.0,30,176,76
229192,59,350000.0,2000.0,23,175,65
229368,59,275000.0,1000.0,24,193,95
230081,59,500000.0,3000.0,22,188,82
230762,59,300000.0,2000.0,25,172,64
230950,59,450000.0,2000.0,23,180,76
231396,59,475000.0,500.0,22,191,79
231646,59,450000.0,1000.0,23,177,70
231735,59,250000.0,5000.0,27,181,75
233030,59,275000.0,1000.0,25,183,84
233289,59,350000.0,2000.0,23,180,80
233408,59,500000.0,3000.0,22,192,80
233441,59,475000.0,2000.0,22,188,80
233745,59,500000.0,1000.0,21,179,67
233915,59,450000.0,500.0,22,180,70
234070,59,220000.0,5000.0,28,170,70
234508,59,475000.0,500.0,24,185,80
234997,59,325000.0,1000.0,22,181,73
235155,59,275000.0,1000.0,25,186,90
235184,59,300000.0,2000.0,26,184,84
235479,59,240000.0,3000.0,27,189,75
235534,59,475000.0,5000.0,21,180,72
235808,59,525000.0,4000.0,21,182,78
235915,59,350000.0,2000.0,23,180,69
235994,59,475000.0,1000.0,21,180,68
236012,59,425000.0,500.0,23,175,74
236465,59,475000.0,500.0,22,180,67
236742,59,450000.0,500.0,22,183,70
236748,59,190000.0,750.0,30,179,82
236794,59,250000.0,1000.0,24,191,76
236845,59,300000.0,500.0,22,173,61
236901,59,450000.0,2000.0,24,172,69
237171,59,300000.0,500.0,24,184,78
237175,59,525000.0,1000.0,21,187,74
237612,59,525000.0,8000.0,22,189,80
237677,59,325000.0,500.0,23,178,66
237714,59,350000.0,500.0,22,186,73
238073,59,325000.0,2000.0,22,183,79
238105,59,180000.0,2000.0,30,187,80
238904,59,350000.0,1000.0,21,177,69
239006,59,550000.0,600.0,21,183,68
239222,59,475000.0,1000.0,22,188,74
239248,59,475000.0,900.0,22,187,78
239735,59,475000.0,1000.0,22,184,83
239857,59,250000.0,1000.0,24,189,83
240486,59,250000.0,2000.0,27,176,75
240534,59,300000.0,3000.0,25,184,68
240544,59,500000.0,2000.0,22,181,80
240562,59,525000.0,3000.0,19,178,70
240570,59,475000.0,3000.0,22,186,73
240715,59,550000.0,2000.0,21,173,63
240747,59,525000.0,2000.0,21,186,81
241298,59,160000.0,3000.0,32,182,75
241320,59,200000.0,2000.0,29,178,72
241396,59,500000.0,5000.0,22,185,73
241414,59,500000.0,650.0,21,176,73
241434,59,475000.0,2000.0,21,174,65
241577,59,550000.0,700.0,21,175,67
241642,59,425000.0,500.0,22,183,68
241694,59,500000.0,500.0,23,178,70
241963,59,500000.0,4000.0,22,163,60
241964,59,275000.0,500.0,27,185,83
242007,59,425000.0,2000.0,23,180,65
242145,59,450000.0,550.0,21,194,91
242258,59,325000.0,2000.0,25,175,68
242435,59,500000.0,1000.0,20,194,75
242436,59,500000.0,10000.0,20,188,81
242464,59,550000.0,6000.0,20,183,65
242585,59,240000.0,850.0,26,189,89
242661,59,500000.0,6000.0,23,184,81
242875,59,180000.0,2000.0,31,181,73
242906,59,325000.0,1000.0,24,173,77
242911,59,250000.0,2000.0,27,190,78
242913,59,300000.0,2000.0,26,188,74
242961,59,550000.0,2000.0,20,170,65
242976,59,475000.0,2000.0,20,191,79
243042,59,475000.0,700.0,22,185,75
243088,59,300000.0,4000.0,25,178,75
243092,59,475000.0,1000.0,23,185,75
243153,59,475000.0,3000.0,22,170,68
243173,59,500000.0,850.0,23,176,72
243371,59,550000.0,1000.0,20,185,70
243410,59,350000.0,700.0,24,178,70
243427,59,600000.0,9000.0,20,188,78
243539,59,500000.0,800.0,20,184,77
243594,59,450000.0,1000.0,21,186,75
243595,59,475000.0,1000.0,23,186,77
243824,59,300000.0,950.0,25,174,70
243910,59,500000.0,2000.0,20,179,80
243923,59,500000.0,900.0,20,188,87
244000,59,425000.0,1000.0,22,190,81
244001,59,450000.0,2000.0,22,191,76
244014,59,550000.0,650.0,21,183,72
244093,59,350000.0,650.0,24,179,76
244494,59,550000.0,800.0,20,180,81
244498,59,180000.0,1000.0,28,192,92
244550,59,525000.0,1000.0,19,174,71
244551,59,450000.0,500.0,21,194,99
244643,59,350000.0,2000.0,23,166,63
244673,59,600000.0,1000.0,20,176,73
244733,59,475000.0,2000.0,21,177,68
244965,59,450000.0,2000.0,22,179,75
245045,59,475000.0,500.0,21,191,78
245164,59,300000.0,500.0,24,187,78
245284,59,450000.0,500.0,21,188,83
245359,59,425000.0,2000.0,23,190,88
245397,59,550000.0,1000.0,20,181,74
245509,59,425000.0,600.0,21,176,71
245737,59,350000.0,2000.0,22,176,65
246008,59,350000.0,500.0,21,178,73
246100,59,600000.0,2000.0,20,190,77
246154,59,575000.0,7000.0,20,176,61
246300,59,475000.0,650.0,22,180,74
246328,59,450000.0,3000.0,20,181,76
246592,59,500000.0,4000.0,22,180,78
246704,59,475000.0,2000.0,21,201,85
246711,59,300000.0,2000.0,25,164,65
246757,59,525000.0,500.0,19,177,72
246838,59,500000.0,2000.0,22,175,72
246841,59,450000.0,1000.0,22,182,81
247057,59,525000.0,900.0,20,193,77
247177,59,220000.0,600.0,30,192,88
247202,59,450000.0,650.0,21,183,75
247248,59,525000.0,3000.0,21,192,74
247359,59,325000.0,2000.0,24,195,85
247659,59,550000.0,5000.0,20,180,82
247677,59,350000.0,3000.0,23,180,74
247753,59,500000.0,1000.0,23,183,75
247804,59,475000.0,700.0,20,180,75
247866,59,525000.0,550.0,19,193,80
248019,59,425000.0,500.0,20,192,82
248264,59,325000.0,500.0,23,169,68
248315,59,350000.0,500.0,24,168,62
248339,59,300000.0,3000.0,26,173,70
248356,59,625000.0,3000.0,19,172,60
248545,59,425000.0,800.0,20,188,78
248548,59,500000.0,1000.0,23,178,73
250764,59,500000.0,2000.0,20,181,73
250831,59,650000.0,500.0,18,191,79
250846,59,275000.0,4000.0,27,182,79
250931,59,550000.0,3000.0,21,183,73
250996,59,500000.0,650.0,21,193,82
251043,59,425000.0,950.0,21,178,61
251056,59,300000.0,750.0,22,185,83
251091,59,550000.0,2000.0,20,165,60
251093,59,250000.0,1000.0,26,183,68
251219,59,525000.0,500.0,18,177,62
251439,59,575000.0,5000.0,19,183,74
251477,59,525000.0,1000.0,19,187,76
251525,59,450000.0,650.0,20,182,70
251537,59,475000.0,1000.0,21,173,65
251540,59,500000.0,4000.0,22,179,78
251625,59,500000.0,6000.0,20,184,75
251780,59,190000.0,1000.0,31,180,70
251919,59,525000.0,500.0,20,178,72
251978,59,550000.0,2000.0,21,181,70
252078,59,525000.0,2000.0,20,183,73
252125,59,575000.0,2000.0,19,174,62
252191,59,500000.0,5000.0,21,165,62
252264,59,500000.0,2000.0,20,175,72
252320,59,525000.0,1000.0,20,182,75
252342,59,425000.0,800.0,20,185,74
252387,59,475000.0,650.0,22,182,73
252439,59,500000.0,2000.0,21,173,70
252522,59,525000.0,1000.0,19,183,70
252535,59,220000.0,4000.0,29,178,63
252540,59,500000.0,750.0,20,177,74
252544,59,550000.0,2000.0,20,176,69
252572,59,500000.0,3000.0,19,172,70
252700,59,500000.0,700.0,20,178,72
252707,59,525000.0,2000.0,20,178,70
252736,59,475000.0,500.0,19,180,65
252749,59,475000.0,1000.0,21,182,76
252797,59,500000.0,2000.0,21,177,68
253055,59,500000.0,4000.0,22,176,71
253088,59,500000.0,1000.0,21,185,70
253099,59,550000.0,1000.0,19,170,77
253153,59,500000.0,500.0,19,175,71
253168,59,475000.0,1000.0,19,185,85
253171,59,475000.0,750.0,19,191,82
253390,59,450000.0,1000.0,24,183,63
253440,59,600000.0,4000.0,20,171,60
253482,59,575000.0,7000.0,19,176,62
253521,59,350000.0,500.0,23,176,70
253656,59,500000.0,500.0,21,175,72
253712,59,525000.0,500.0,20,177,68
253713,59,475000.0,500.0,19,177,74
253729,59,575000.0,5000.0,19,186,72
253793,59,450000.0,500.0,20,190,82
253800,59,475000.0,500.0,22,178,69
253870,59,240000.0,500.0,27,175,74
253943,59,525000.0,500.0,20,180,74
254011,59,550000.0,550.0,18,186,80
254260,59,475000.0,650.0,21,177,73
254279,59,450000.0,1000.0,19,183,76
254558,59,475000.0,2000.0,22,176,69
254567,59,475000.0,650.0,21,180,75
254704,59,,700.0,54,177,72
254995,59,525000.0,3000.0,20,178,68
255033,59,425000.0,1000.0,22,181,79
255205,59,525000.0,900.0,20,175,70
255275,59,500000.0,1000.0,21,178,70
255312,59,575000.0,4000.0,19,183,72
255363,59,500000.0,6000.0,21,178,69
255419,59,500000.0,5000.0,22,188,80
255440,59,525000.0,950.0,19,179,67
255460,59,475000.0,500.0,18,180,70
255483,59,300000.0,700.0,25,189,80
255531,59,250000.0,3000.0,26,175,67
255611,59,575000.0,3000.0,19,186,70
255642,59,450000.0,2000.0,22,173,65
255720,59,475000.0,500.0,21,178,73
255725,59,525000.0,500.0,19,175,83
255738,59,525000.0,550.0,19,170,65
255776,59,575000.0,550.0,18,172,64
255778,59,575000.0,700.0,19,180,75
255789,59,525000.0,3000.0,19,182,80
255850,59,525000.0,500.0,19,176,70
255888,59,475000.0,1000.0,21,180,70
255893,59,450000.0,500.0,22,178,71
255940,59,500000.0,600.0,20,185,78
255941,59,475000.0,500.0,20,182,80
255976,59,500000.0,500.0,18,187,75
256033,59,525000.0,2000.0,20,188,80
256037,59,500000.0,3000.0,22,181,68
256127,59,525000.0,1000.0,18,180,70
256156,59,400000.0,500.0,22,185,82
256320,59,475000.0,1000.0,23,185,88
256329,59,190000.0,3000.0,29,184,73
256331,59,475000.0,3000.0,21,177,61
256384,59,525000.0,650.0,21,185,75
256390,59,575000.0,500.0,18,175,60
256672,59,550000.0,2000.0,19,183,76
256728,59,500000.0,3000.0,20,183,65
256743,59,475000.0,3000.0,21,180,75
256782,59,575000.0,800.0,19,178,71
256799,59,550000.0,2000.0,19,182,75
256886,59,350000.0,750.0,21,177,82
256965,59,475000.0,2000.0,19,181,65
257071,59,525000.0,4000.0,20,180,70
257081,59,550000.0,2000.0,19,192,78
257166,59,525000.0,2000.0,21,187,80
257181,59,475000.0,2000.0,20,184,79
257183,59,500000.0,3000.0,20,183,73
257217,59,575000.0,3000.0,19,170,67
257238,59,700000.0,2000.0,18,173,64
257239,59,575000.0,3000.0,18,185,70
257298,59,325000.0,2000.0,24,181,77
257342,59,425000.0,900.0,23,197,80
257348,59,500000.0,1000.0,19,183,78
257437,59,575000.0,3000.0,19,189,75
257480,59,450000.0,650.0,22,186,78
257489,59,550000.0,2000.0,19,168,62
257516,59,475000.0,2000.0,23,179,73
257532,59,475000.0,1000.0,21,181,69
257624,59,275000.0,500.0,25,173,65
257637,59,475000.0,2000.0,20,192,89
257672,59,325000.0,1000.0,24,184,78
257714,59,425000.0,850.0,21,179,74
257725,59,325000.0,850.0,24,175,70
257745,59,220000.0,1000.0,29,187,81
257822,59,575000.0,850.0,18,180,72
257865,59,300000.0,1000.0,24,193,77
257958,59,150000.0,2000.0,29,196,88
257959,59,500000.0,1000.0,22,194,78
258053,59,475000.0,6000.0,24,179,75
258179,59,500000.0,2000.0,19,186,80
258203,59,575000.0,500.0,18,170,65
258261,59,240000.0,500.0,27,172,66
258457,59,550000.0,950.0,18,187,73
258474,59,190000.0,500.0,31,186,78
258477,59,475000.0,1000.0,20,185,75
258489,59,525000.0,500.0,18,181,70
258500,59,575000.0,850.0,19,178,68
258505,59,575000.0,2000.0,19,172,67
258518,59,325000.0,2000.0,23,185,71
258555,59,550000.0,900.0,18,184,72
258618,59,500000.0,850.0,21,172,64
258709,59,550000.0,1000.0,20,192,82
258758,59,575000.0,800.0,19,188,77
258805,59,500000.0,4000.0,19,180,75
258947,59,550000.0,2000.0,19,184,80
258972,59,500000.0,500.0,18,190,75
258974,59,450000.0,700.0,20,171,73
258978,59,525000.0,700.0,18,174,67
259080,59,220000.0,1000.0,29,172,70
259144,59,475000.0,1000.0,19,184,78
259165,59,575000.0,3000.0,18,173,57
259177,59,220000.0,1000.0,28,182,79
259224,59,475000.0,1000.0,21,188,75
259341,59,500000.0,500.0,17,173,69
259442,59,675000.0,500.0,16,190,80
259459,59,475000.0,700.0,23,183,76
259474,59,525000.0,1000.0,18,181,76
259606,59,475000.0,500.0,19,188,78
259626,59,550000.0,1000.0,21,191,84
259639,59,525000.0,500.0,20,177,70
259640,59,525000.0,2000.0,19,172,65
259705,59,450000.0,500.0,22,183,73
259726,59,500000.0,800.0,22,170,65
259766,59,550000.0,2000.0,18,173,73
259866,59,475000.0,5000.0,21,184,91
259900,59,275000.0,2000.0,23,194,86
259926,59,575000.0,4000.0,19,180,58
259996,59,200000.0,800.0,28,172,74
259999,59,220000.0,950.0,29,181,80
260038,59,500000.0,500.0,21,173,69
260095,59,475000.0,500.0,19,180,78
260104,59,475000.0,500.0,18,181,76
260115,59,575000.0,2000.0,18,186,75
260135,59,500000.0,500.0,19,182,72
260157,59,575000.0,5000.0,19,176,64
260182,59,500000.0,500.0,21,183,76
260191,59,575000.0,3000.0,19,190,77
260192,59,700000.0,950.0,17,177,68
260195,59,550000.0,550.0,17,193,80
260431,59,500000.0,900.0,22,175,72
260443,59,575000.0,600.0,18,168,78
260451,59,500000.0,500.0,18,177,65
260452,59,525000.0,500.0,19,175,66
260477,59,525000.0,900.0,20,180,79
260479,59,500000.0,500.0,17,180,73
260501,59,475000.0,1000.0,20,181,79
260506,59,275000.0,1000.0,27,180,75
260533,59,500000.0,500.0,17,181,73
260549,59,500000.0,500.0,20,182,70
260554,59,625000.0,2000.0,18,180,76
260558,59,525000.0,4000.0,19,180,72
260570,59,525000.0,1000.0,19,175,70
260649,59,190000.0,500.0,30,175,68
260651,59,475000.0,500.0,18,172,64
260739,59,525000.0,500.0,18,175,65
260772,59,575000.0,500.0,18,168,72
260810,59,500000.0,500.0,18,180,71
260822,59,475000.0,1000.0,19,188,92
260870,59,550000.0,2000.0,20,176,67
260888,59,500000.0,2000.0,21,182,71
260892,59,500000.0,1000.0,19,178,70
260893,59,475000.0,2000.0,21,194,84
260897,59,525000.0,1000.0,19,170,65
260922,59,500000.0,950.0,20,183,75
260933,59,425000.0,1000.0,23,187,82
260943,59,550000.0,1000.0,19,178,74
260966,59,575000.0,500.0,19,170,60
261026,59,525000.0,500.0,19,175,69
261112,59,475000.0,2000.0,21,185,76
261196,59,325000.0,1000.0,23,173,72
261221,59,525000.0,500.0,19,184,72
261224,59,700000.0,3000.0,18,180,73
261225,59,550000.0,550.0,18,188,74
261241,59,575000.0,4000.0,18,181,70
261283,59,575000.0,2000.0,18,178,68
261294,59,475000.0,750.0,19,188,81
261321,59,475000.0,500.0,19,170,65
261335,59,550000.0,2000.0,18,175,62
261362,59,500000.0,1000.0,22,175,77
261369,59,450000.0,1000.0,20,179,72
261376,59,400000.0,500.0,22,185,80
261411,59,550000.0,500.0,21,182,73
261418,59,600000.0,500.0,17,173,67
261428,59,600000.0,5000.0,20,180,62
261437,59,475000.0,1000.0,21,186,80
261479,59,500000.0,500.0,20,184,79
261496,59,500000.0,2000.0,19,185,75
261508,59,525000.0,500.0,18,173,68
261513,59,575000.0,5000.0,19,174,69
261517,59,500000.0,3000.0,19,183,77
261523,59,240000.0,500.0,26,164,59
261528,59,575000.0,2000.0,19,182,75
261551,59,500000.0,500.0,20,175,63
261562,59,400000.0,500.0,21,180,77
261568,59,450000.0,500.0,22,170,67
261569,59,525000.0,500.0,19,175,67
261653,59,500000.0,4000.0,22,192,85
261672,59,450000.0,1000.0,22,175,75
261745,59,575000.0,2000.0,19,183,75
261755,59,425000.0,1000.0,20,187,76
261760,59,275000.0,500.0,26,175,76
261813,59,525000.0,5000.0,21,175,74
261823,59,525000.0,500.0,19,175,72
261874,59,325000.0,1000.0,22,185,86
261969,59,425000.0,500.0,20,180,73
262024,59,525000.0,1000.0,18,162,49
262083,59,500000.0,2000.0,21,183,74
262157,59,150000.0,2000.0,30,184,80
262219,59,550000.0,500.0,18,183,74
262261,59,475000.0,2000.0,22,181,75
262339,59,450000.0,2000.0,20,182,82
262363,59,500000.0,1000.0,20,167,70
262367,59,200000.0,2000.0,28,180,79
262382,59,475000.0,1000.0,19,180,69
262398,59,500000.0,1000.0,21,187,74
262537,59,525000.0,850.0,18,175,65
262551,59,500000.0,2000.0,22,189,76
262554,59,300000.0,3000.0,24,176,65
262597,59,500000.0,500.0,19,185,75
262662,59,475000.0,550.0,20,181,75
262669,59,500000.0,650.0,20,174,74
262695,59,500000.0,1000.0,21,185,75
262702,59,250000.0,1000.0,26,181,81
262706,59,325000.0,950.0,25,182,76
262718,59,275000.0,1000.0,23,188,83
262728,59,375000.0,3000.0,22,180,76
262739,59,500000.0,750.0,20,184,83
262769,59,200000.0,500.0,28,178,75
262773,59,240000.0,500.0,26,187,79
262776,59,500000.0,500.0,21,188,75
262824,59,500000.0,1000.0,20,178,70
262922,59,425000.0,1000.0,19,186,84
262923,59,500000.0,2000.0,19,185,71
262947,59,525000.0,2000.0,19,180,73
262957,59,450000.0,700.0,23,180,70
262974,59,550000.0,1000.0,20,185,79
262976,59,525000.0,500.0,18,176,70
262980,59,475000.0,500.0,18,181,79
263047,59,500000.0,2000.0,22,175,63
263054,59,575000.0,500.0,18,184,76
263063,59,500000.0,500.0,18,191,78
263064,59,575000.0,1000.0,18,188,82
263068,59,525000.0,3000.0,19,171,64
263114,59,550000.0,950.0,18,186,75
263116,59,525000.0,1000.0,19,191,88
263165,59,500000.0,6000.0,20,178,77
263208,59,500000.0,1000.0,20,176,72
263241,59,450000.0,650.0,21,171,70
263257,59,475000.0,1000.0,21,175,69
263262,59,475000.0,1000.0,20,181,74
263268,59,525000.0,550.0,18,176,68
263273,59,550000.0,750.0,18,187,80
263298,59,575000.0,750.0,18,182,75
263344,59,450000.0,1000.0,20,185,75
263353,59,550000.0,2000.0,18,176,64
263354,59,550000.0,2000.0,18,181,74
263380,59,350000.0,1000.0,22,177,70
263386,59,200000.0,2000.0,28,188,80
263416,59,475000.0,1000.0,19,180,70
263441,59,450000.0,500.0,18,191,76
263451,59,500000.0,2000.0,21,190,83
263465,59,500000.0,1000.0,21,180,71
263469,59,475000.0,650.0,19,180,71
263488,59,550000.0,1000.0,20,181,72
263522,59,525000.0,5000.0,19,182,72
263568,59,475000.0,550.0,21,187,85
263584,59,240000.0,2000.0,27,180,74
263596,59,550000.0,1000.0,21,182,73
263600,59,475000.0,500.0,18,178,68
263608,59,210000.0,500.0,28,191,83
263615,59,475000.0,2000.0,21,188,81
263649,59,300000.0,3000.0,24,186,81
263654,59,550000.0,2000.0,20,175,55
263662,59,500000.0,2000.0,21,173,63
263686,59,500000.0,1000.0,19,189,74
263707,59,525000.0,500.0,17,185,70
263719,59,475000.0,550.0,21,173,66
263772,59,550000.0,6000.0,20,181,68
263872,59,425000.0,750.0,19,192,78
263935,59,525000.0,2000.0,18,172,64
263949,59,550000.0,2000.0,18,192,80
264007,59,475000.0,550.0,21,178,76
264033,59,475000.0,2000.0,22,180,71
264059,59,525000.0,1000.0,18,186,74
264076,59,525000.0,1000.0,19,185,74
264129,59,450000.0,500.0,18,182,75
264141,59,575000.0,2000.0,18,180,81
264153,59,300000.0,2000.0,24,193,85
264156,59,350000.0,1000.0,24,175,70
264165,59,525000.0,900.0,19,175,65
264184,59,475000.0,900.0,22,181,70
264187,59,550000.0,1000.0,21,180,75
264196,59,500000.0,2000.0,19,183,78
264222,59,500000.0,2000.0,19,187,83
264223,59,550000.0,1000.0,18,188,86
264231,59,500000.0,1000.0,20,178,74
264235,59,475000.0,1000.0,20,181,78
264246,59,575000.0,1000.0,18,171,65
264247,59,575000.0,2000.0,18,175,71
264285,59,450000.0,1000.0,21,195,85
264353,59,550000.0,500.0,20,182,72
264364,59,575000.0,3000.0,19,179,70
264404,59,500000.0,1000.0,22,182,75
264405,59,500000.0,1000.0,22,180,75
264445,59,575000.0,3000.0,18,180,77
264485,59,475000.0,2000.0,23,178,73
264506,59,500000.0,1000.0,18,188,79
264522,59,450000.0,500.0,19,175,70
264525,59,475000.0,500.0,19,177,77
264533,59,525000.0,500.0,19,181,77
264544,59,450000.0,500.0,19,189,82
264545,59,475000.0,500.0,19,177,75
264549,59,500000.0,500.0,18,185,82
264550,59,475000.0,500.0,19,182,80
264562,59,550000.0,500.0,18,179,75
264593,59,575000.0,800.0,18,174,64
2702,58,,2000.0,42,185,76
29118,58,,800.0,41,175,76
182076,58,25000.0,1000.0,36,194,97
182362,58,60000.0,2000.0,35,180,70
182428,58,45000.0,2000.0,36,186,75
191337,58,35000.0,650.0,34,184,76
191685,58,35000.0,750.0,34,187,80
193912,58,35000.0,500.0,34,183,80
195013,58,180000.0,500.0,29,183,71
198485,58,170000.0,500.0,30,190,98
199007,58,110000.0,500.0,31,185,86
200263,58,200000.0,550.0,29,178,76
200393,58,150000.0,500.0,31,179,77
207595,58,130000.0,650.0,32,182,88
208842,58,190000.0,500.0,27,193,88
209528,58,210000.0,500.0,26,179,69
209757,58,70000.0,1000.0,33,187,84
213148,58,275000.0,2000.0,25,173,64
220188,58,210000.0,1000.0,26,196,91
221790,58,170000.0,600.0,29,191,86
221826,58,170000.0,3000.0,31,183,71
221867,58,275000.0,2000.0,24,180,85
221978,58,170000.0,2000.0,30,175,74
222003,58,240000.0,500.0,25,179,71
222294,58,160000.0,3000.0,32,178,72
222348,58,220000.0,2000.0,27,185,73
223298,58,220000.0,2000.0,27,183,78
223764,58,210000.0,500.0,27,176,70
224673,58,170000.0,2000.0,31,172,71
224947,58,400000.0,1000.0,23,185,77
225061,58,230000.0,2000.0,26,189,88
225195,58,240000.0,3000.0,26,171,57
225981,58,250000.0,500.0,24,198,90
226191,58,70000.0,1000.0,39,173,70
226423,58,400000.0,500.0,23,182,69
226837,58,100000.0,2000.0,33,178,75
226859,58,375000.0,500.0,24,178,68
227082,58,275000.0,500.0,24,172,68
227836,58,275000.0,700.0,25,181,71
228009,58,230000.0,1000.0,27,174,68
228198,58,200000.0,650.0,29,163,60
228199,58,220000.0,500.0,27,179,66
228859,58,450000.0,2000.0,22,186,82
229046,58,400000.0,1000.0,22,185,74
229779,58,275000.0,2000.0,24,190,80
229985,58,375000.0,2000.0,25,184,78
230703,58,375000.0,500.0,24,190,83
231091,58,180000.0,2000.0,28,168,63
231461,58,200000.0,650.0,28,180,76
232314,58,300000.0,500.0,23,181,81
232838,58,400000.0,6000.0,23,187,72
233011,58,400000.0,1000.0,23,182,71
233166,58,425000.0,3000.0,22,187,65
233368,58,450000.0,5000.0,21,181,80
233882,58,450000.0,3000.0,22,178,71
234322,58,210000.0,1000.0,28,184,83
234641,58,400000.0,650.0,24,180,80
235975,58,275000.0,6000.0,25,170,75
236252,58,250000.0,2000.0,23,185,84
236546,58,400000.0,500.0,23,182,78
236589,58,500000.0,500.0,21,176,70
236702,58,425000.0,2000.0,22,183,77
236774,58,300000.0,500.0,24,179,70
237020,58,400000.0,5000.0,23,171,64
237233,58,230000.0,500.0,25,184,78
237309,58,300000.0,500.0,24,188,75
237402,58,425000.0,500.0,22,174,63
237722,58,400000.0,2000.0,23,169,60
237731,58,450000.0,2000.0,22,180,70
237736,58,220000.0,850.0,26,188,77
238545,58,500000.0,4000.0,21,181,74
238571,58,400000.0,850.0,23,188,77
238844,58,425000.0,4000.0,22,178,70
238983,58,450000.0,3000.0,21,182,84
239196,58,400000.0,800.0,22,180,77
239621,58,450000.0,1000.0,22,168,62
239689,58,375000.0,500.0,20,192,79
239853,58,275000.0,2000.0,24,196,96
239859,58,250000.0,2000.0,24,180,75
240041,58,450000.0,6000.0,21,174,70
240340,58,300000.0,1000.0,24,179,85
240355,58,425000.0,1000.0,23,185,79
240580,58,450000.0,2000.0,22,180,80
240684,58,325000.0,5000.0,24,171,68
240794,58,450000.0,2000.0,21,193,78
240814,58,450000.0,500.0,23,185,80
240857,58,425000.0,2000.0,23,174,70
240981,58,400000.0,2000.0,22,176,80
241039,58,425000.0,2000.0,22,173,70
241200,58,450000.0,950.0,22,184,70
241318,58,425000.0,1000.0,24,187,88
241687,58,300000.0,500.0,23,175,66
241862,58,425000.0,3000.0,22,195,75
241905,58,450000.0,700.0,23,185,76
241954,58,300000.0,3000.0,23,178,65
241980,58,475000.0,2000.0,21,172,64
242047,58,400000.0,4000.0,23,170,60
242199,58,300000.0,800.0,24,184,75
242243,58,350000.0,1000.0,22,190,79
242297,58,475000.0,1000.0,20,188,75
242715,58,140000.0,1000.0,29,188,77
242721,58,220000.0,1000.0,26,196,93
242759,58,425000.0,2000.0,22,183,78
242801,58,425000.0,1000.0,21,195,81
243189,58,220000.0,1000.0,25,191,86
243279,58,425000.0,5000.0,20,170,64
243281,58,425000.0,1000.0,21,183,70
243292,58,425000.0,2000.0,21,183,70
243441,58,250000.0,950.0,25,174,70
243540,58,425000.0,2000.0,22,186,78
243566,58,375000.0,1000.0,20,185,70
243813,58,500000.0,2000.0,21,186,75
243818,58,450000.0,5000.0,22,191,83
243917,58,375000.0,500.0,20,194,81
243949,58,500000.0,750.0,19,185,82
244090,58,400000.0,2000.0,22,186,82
244397,58,525000.0,550.0,19,175,68
244615,58,450000.0,2000.0,23,168,62
244937,58,450000.0,2000.0,20,175,65
244961,58,475000.0,1000.0,20,180,70
245074,58,240000.0,1000.0,25,189,78
245088,58,240000.0,3000.0,25,186,87
245127,58,450000.0,700.0,22,175,66
245281,58,325000.0,500.0,24,177,73
245458,58,450000.0,2000.0,22,181,75
245475,58,450000.0,1000.0,22,174,66
245503,58,500000.0,5000.0,21,184,69
245506,58,425000.0,5000.0,22,175,70
246052,58,450000.0,700.0,20,183,85
246054,58,475000.0,900.0,19,178,70
246092,58,500000.0,10000.0,21,180,72
246168,58,525000.0,2000.0,20,173,68
246240,58,375000.0,1000.0,20,192,88
246259,58,450000.0,5000.0,20,177,78
246296,58,575000.0,7000.0,19,194,70
246345,58,475000.0,950.0,21,189,81
246349,58,525000.0,6000.0,19,175,70
246452,58,425000.0,900.0,21,184,79
246647,58,450000.0,1000.0,21,170,67
246758,58,500000.0,650.0,20,173,70
247022,58,400000.0,850.0,22,197,82
247289,58,350000.0,2000.0,23,194,79
247421,58,425000.0,750.0,20,187,79
247528,58,475000.0,1000.0,21,188,82
247561,58,110000.0,1000.0,31,190,77
247894,58,375000.0,500.0,20,189,77
247913,58,425000.0,500.0,20,187,83
248183,58,230000.0,650.0,26,182,78
248300,58,275000.0,650.0,25,188,78
248302,58,180000.0,600.0,30,178,73
248317,58,250000.0,600.0,26,174,64
248328,58,450000.0,3000.0,21,178,72
248340,58,425000.0,3000.0,22,178,72
248472,58,525000.0,7000.0,20,180,70
248668,58,525000.0,1000.0,20,178,69
248680,58,500000.0,500.0,18,178,72
248688,58,500000.0,3000.0,21,174,65
248814,58,525000.0,1000.0,19,172,70
248826,58,250000.0,600.0,24,185,75
248836,58,425000.0,2000.0,22,189,78
250865,58,425000.0,2000.0,20,191,77
250878,58,425000.0,500.0,22,186,78
251018,58,500000.0,3000.0,20,175,70
251298,58,350000.0,2000.0,23,190,80
251332,58,450000.0,1000.0,21,190,75
251345,58,475000.0,3000.0,20,198,86
251407,58,525000.0,5000.0,20,171,64
251433,58,375000.0,950.0,20,195,85
251453,58,475000.0,3000.0,20,201,83
251796,58,325000.0,2000.0,23,181,73
251879,58,425000.0,950.0,20,176,69
251881,58,475000.0,1000.0,19,178,71
251897,58,500000.0,1000.0,19,175,69
251924,58,500000.0,800.0,20,188,75
252046,58,450000.0,750.0,21,188,84
252252,58,450000.0,950.0,19,186,77
252305,58,450000.0,3000.0,20,182,78
252500,58,400000.0,500.0,18,192,82
252534,58,425000.0,1000.0,21,172,68
252592,58,450000.0,750.0,21,180,71
252772,58,300000.0,700.0,22,174,69
252862,58,300000.0,2000.0,24,178,74
252923,58,500000.0,2000.0,20,179,72
253069,58,100000.0,2000.0,32,186,79
253120,58,500000.0,5000.0,21,180,75
253165,58,500000.0,3000.0,19,182,72
253309,58,475000.0,500.0,18,172,65
253351,58,275000.0,500.0,24,179,72
253383,58,450000.0,850.0,22,189,90
253406,58,400000.0,550.0,24,188,92
253410,58,450000.0,550.0,21,200,93
253412,58,450000.0,2000.0,21,182,71
253475,58,500000.0,3000.0,20,174,70
253585,58,275000.0,500.0,25,183,76
254113,58,550000.0,4000.0,18,180,72
254552,58,525000.0,1000.0,19,179,68
254643,58,375000.0,900.0,20,170,60
254736,58,275000.0,500.0,25,178,72
254858,58,525000.0,4000.0,19,181,78
254870,58,475000.0,750.0,21,189,83
254925,58,400000.0,3000.0,24,175,71
254999,58,500000.0,1000.0,20,180,68
255003,58,450000.0,1000.0,19,164,61
255091,58,450000.0,500.0,23,168,67
255157,58,475000.0,1000.0,19,181,70
255212,58,500000.0,500.0,17,171,72
255224,58,450000.0,1000.0,20,180,68
255247,58,475000.0,1000.0,20,178,70
255332,58,375000.0,700.0,23,177,77
255335,58,650000.0,500.0,17,175,63
255367,58,325000.0,600.0,22,169,69
255403,58,650000.0,900.0,19,181,68
255411,58,500000.0,1000.0,20,170,66
255430,58,525000.0,500.0,19,173,65
255439,58,500000.0,1000.0,20,173,63
255474,58,475000.0,3000.0,19,178,70
255582,58,350000.0,550.0,22,190,86
255639,58,450000.0,500.0,19,178,63
255644,58,450000.0,750.0,22,188,71
255675,58,475000.0,500.0,19,173,67
255717,58,210000.0,500.0,26,188,83
255722,58,475000.0,500.0,19,173,63
255755,58,475000.0,800.0,19,183,75
255767,58,500000.0,500.0,17,186,89
255831,58,425000.0,1000.0,20,176,67
255868,58,550000.0,850.0,20,193,87
255930,58,400000.0,2000.0,24,182,74
255964,58,425000.0,500.0,20,192,89
255980,58,500000.0,1000.0,20,175,65
255989,58,375000.0,500.0,19,180,80
256028,58,325000.0,1000.0,23,178,73
256152,58,525000.0,500.0,19,175,65
256164,58,475000.0,1000.0,19,186,81
256173,58,425000.0,500.0,20,174,70
256179,58,475000.0,500.0,19,181,65
256321,58,450000.0,3000.0,21,172,74
256401,58,500000.0,2000.0,20,174,73
256449,58,625000.0,3000.0,18,187,75
256473,58,450000.0,4000.0,20,186,75
256530,58,475000.0,900.0,18,175,70
256696,58,450000.0,850.0,19,181,77
256750,58,300000.0,2000.0,22,183,77
256778,58,525000.0,1000.0,19,186,85
256813,58,450000.0,2000.0,19,183,72
256877,58,500000.0,2000.0,20,177,70
256954,58,475000.0,2000.0,19,180,70
257082,58,350000.0,2000.0,21,189,83
257099,58,375000.0,2000.0,23,168,65
257149,58,425000.0,1000.0,20,190,85
257299,58,600000.0,500.0,17,183,73
257337,58,275000.0,1000.0,25,183,72
257392,58,400000.0,500.0,18,184,75
257473,58,475000.0,550.0,18,177,70
257503,58,400000.0,950.0,21,186,79
257716,58,450000.0,2000.0,21,177,70
257738,58,160000.0,1000.0,32,181,78
257792,58,475000.0,2000.0,19,183,73
257837,58,450000.0,650.0,18,180,80
258000,58,525000.0,500.0,18,179,74
258047,58,475000.0,650.0,19,168,71
258220,58,475000.0,2000.0,20,179,75
258313,58,475000.0,2000.0,18,184,73
258362,58,400000.0,850.0,22,185,82
258377,58,650000.0,1000.0,18,187,78
258445,58,475000.0,750.0,20,182,70
258460,58,450000.0,850.0,18,184,74
258462,58,475000.0,2000.0,19,179,67
258470,58,450000.0,1000.0,23,185,74
258605,58,425000.0,1000.0,20,192,83
258617,58,475000.0,500.0,18,197,83
258689,58,525000.0,1000.0,18,172,65
258717,58,475000.0,950.0,19,185,74
258772,58,425000.0,1000.0,20,182,71
258776,58,500000.0,500.0,18,180,70
258825,58,425000.0,1000.0,20,182,83
258890,58,500000.0,950.0,20,176,76
258906,58,650000.0,650.0,17,170,72
258913,58,450000.0,1000.0,19,195,80
258930,58,525000.0,6000.0,19,186,71
258931,58,500000.0,4000.0,19,180,70
258973,58,450000.0,850.0,20,177,70
258982,58,450000.0,550.0,19,188,72
259032,58,525000.0,850.0,19,192,80
259081,58,475000.0,500.0,17,165,62
259083,58,525000.0,1000.0,19,166,56
259111,58,525000.0,500.0,19,187,81
259115,58,450000.0,2000.0,22,172,65
259163,58,450000.0,1000.0,20,186,78
259167,58,425000.0,750.0,20,188,72
259187,58,450000.0,950.0,20,187,77
259215,58,425000.0,750.0,20,191,79
259257,58,425000.0,900.0,20,189,86
259292,58,425000.0,900.0,21,190,80
259353,58,450000.0,950.0,23,175,68
259354,58,375000.0,3000.0,24,178,68
259389,58,475000.0,500.0,19,176,72
259398,58,425000.0,5000.0,21,182,73
259624,58,525000.0,500.0,19,179,69
259627,58,475000.0,650.0,18,187,72
259673,58,525000.0,650.0,18,183,67
259677,58,650000.0,500.0,18,176,66
259716,58,475000.0,1000.0,19,178,72
259724,58,450000.0,800.0,23,164,67
259869,58,450000.0,500.0,17,180,72
259915,58,190000.0,550.0,28,187,80
259922,58,325000.0,700.0,24,186,81
260012,58,425000.0,650.0,20,193,80
260016,58,525000.0,1000.0,18,181,72
260018,58,425000.0,500.0,20,185,80
260031,58,425000.0,500.0,22,176,73
260078,58,425000.0,1000.0,20,183,79
260126,58,500000.0,900.0,17,192,78
260190,58,375000.0,650.0,22,190,87
260301,58,425000.0,1000.0,22,177,67
260330,58,375000.0,500.0,20,184,79
260349,58,25000.0,900.0,37,186,81
260362,58,250000.0,550.0,24,188,78
260418,58,375000.0,1000.0,22,180,76
260465,58,450000.0,850.0,19,186,75
260483,58,475000.0,500.0,19,179,63
260512,58,210000.0,500.0,28,169,62
260523,58,500000.0,500.0,17,170,60
260528,58,500000.0,1000.0,21,188,82
260531,58,425000.0,700.0,21,185,73
260616,58,475000.0,800.0,19,173,66
260621,58,275000.0,850.0,25,176,75
260687,58,475000.0,1000.0,19,178,70
260736,58,475000.0,500.0,20,173,68
260863,58,525000.0,500.0,18,192,85
260891,58,525000.0,1000.0,19,173,68
260924,58,500000.0,1000.0,18,188,80
260927,58,525000.0,3000.0,18,177,65
260992,58,475000.0,650.0,19,175,67
261007,58,500000.0,5000.0,20,177,72
261030,58,240000.0,800.0,27,192,87
261035,58,525000.0,750.0,19,172,67
261085,58,450000.0,800.0,23,183,79
261197,58,425000.0,1000.0,23,188,82
261245,58,500000.0,1000.0,20,175,68
261247,58,425000.0,500.0,22,179,76
261280,58,450000.0,500.0,19,186,78
261332,58,425000.0,900.0,20,188,68
261358,58,525000.0,1000.0,18,180,70
261379,58,500000.0,500.0,18,161,63
261430,58,475000.0,1000.0,19,178,88
261449,58,450000.0,500.0,18,186,90
261457,58,500000.0,700.0,20,185,72
261460,58,500000.0,500.0,17,185,81
261462,58,425000.0,2000.0,20,176,66
261469,58,450000.0,500.0,20,165,62
261480,58,450000.0,500.0,18,168,63
261505,58,500000.0,500.0,18,170,64
261520,58,525000.0,1000.0,19,185,72
261535,58,450000.0,500.0,20,175,70
261542,58,450000.0,500.0,22,165,63
261564,58,525000.0,550.0,19,180,75
261567,58,450000.0,500.0,19,177,65
261611,58,450000.0,2000.0,21,170,62
261618,58,210000.0,3000.0,28,185,73
261650,58,375000.0,800.0,20,184,78
261687,58,350000.0,3000.0,23,193,87
261697,58,325000.0,500.0,23,178,82
261705,58,425000.0,900.0,21,185,77
261732,58,475000.0,500.0,17,195,82
261815,58,525000.0,1000.0,20,170,65
261824,58,450000.0,500.0,20,175,67
261948,58,500000.0,900.0,21,180,75
261972,58,275000.0,500.0,21,178,75
262066,58,450000.0,500.0,20,183,68
262069,58,375000.0,2000.0,20,178,73
262135,58,475000.0,500.0,19,185,79
262136,58,500000.0,5000.0,20,193,75
262141,58,450000.0,700.0,18,180,66
262156,58,475000.0,800.0,19,182,75
262288,58,450000.0,3000.0,22,177,63
262349,58,450000.0,650.0,21,185,75
262368,58,130000.0,2000.0,33,172,74
262385,58,425000.0,1000.0,20,184,75
262424,58,170000.0,1000.0,28,180,77
262466,58,130000.0,1000.0,32,182,78
262497,58,450000.0,650.0,21,185,81
262536,58,500000.0,500.0,18,176,73
262593,58,450000.0,600.0,20,180,74
262599,58,400000.0,1000.0,22,190,80
262632,58,525000.0,1000.0,18,178,70
262644,58,450000.0,650.0,21,181,71
262646,58,425000.0,500.0,19,190,84
262665,58,450000.0,500.0,19,186,79
262671,58,425000.0,550.0,21,178,68
262678,58,450000.0,850.0,22,185,69
262687,58,240000.0,1000.0,25,192,81
262692,58,300000.0,1000.0,23,180,75
262694,58,450000.0,500.0,19,184,79
262708,58,375000.0,1000.0,19,187,70
262721,58,525000.0,2000.0,18,188,70
262731,58,450000.0,2000.0,19,190,86
262752,58,525000.0,500.0,19,180,70
262764,58,25000.0,500.0,38,195,90
262781,58,425000.0,900.0,21,191,79
262806,58,180000.0,850.0,28,182,73
262816,58,525000.0,2000.0,18,177,80
262818,58,375000.0,850.0,20,183,77
262825,58,450000.0,850.0,19,180,71
262845,58,450000.0,650.0,19,188,77
262885,58,500000.0,1000.0,19,191,79
262888,58,475000.0,500.0,18,174,67
262900,58,475000.0,500.0,19,175,68
262936,58,525000.0,950.0,18,178,68
262970,58,450000.0,500.0,20,172,70
262977,58,450000.0,500.0,17,179,75
263001,58,325000.0,1000.0,23,168,65
263147,58,500000.0,600.0,16,180,70
263155,58,525000.0,3000.0,18,179,67
263171,58,400000.0,500.0,18,195,80
263207,58,275000.0,1000.0,24,182,70
263210,58,450000.0,800.0,21,176,67
263227,58,500000.0,500.0,17,185,67
263272,58,450000.0,700.0,18,190,82
263278,58,210000.0,1000.0,28,186,82
263292,58,525000.0,2000.0,18,194,80
263293,58,500000.0,500.0,17,178,68
263303,58,300000.0,550.0,21,173,73
263306,58,425000.0,1000.0,21,171,65
263347,58,450000.0,1000.0,20,178,75
263352,58,475000.0,2000.0,18,178,62
263360,58,475000.0,850.0,19,183,70
263420,58,450000.0,1000.0,21,176,61
263443,58,450000.0,500.0,17,175,60
263444,58,475000.0,1000.0,18,188,75
263458,58,425000.0,2000.0,20,180,70
263466,58,475000.0,500.0,18,175,70
263506,58,450000.0,1000.0,21,187,82
263531,58,450000.0,500.0,18,191,78
263533,58,375000.0,1000.0,20,181,70
263546,58,425000.0,1000.0,22,183,82
263548,58,425000.0,500.0,21,189,79
263572,58,500000.0,800.0,17,185,72
263576,58,450000.0,500.0,17,186,74
263581,58,300000.0,500.0,20,180,75
263593,58,425000.0,1000.0,22,191,80
263644,58,450000.0,2000.0,22,176,71
263668,58,475000.0,500.0,18,185,75
263675,58,400000.0,1000.0,23,173,67
263750,58,325000.0,650.0,23,188,88
263754,58,475000.0,500.0,17,186,79
263799,58,300000.0,850.0,22,190,80
263851,58,450000.0,500.0,18,183,74
263853,58,450000.0,1000.0,21,182,74
263871,58,220000.0,900.0,26,177,75
263888,58,525000.0,950.0,18,168,67
263904,58,425000.0,900.0,20,185,69
263936,58,450000.0,5000.0,21,180,70
263971,58,425000.0,2000.0,22,190,82
263995,58,425000.0,1000.0,24,175,68
263996,58,450000.0,600.0,21,183,70
264000,58,425000.0,2000.0,21,187,80
264010,58,525000.0,500.0,18,173,65
264013,58,180000.0,3000.0,28,178,71
264049,58,525000.0,500.0,18,165,65
264091,58,450000.0,1000.0,20,178,70
264097,58,475000.0,2000.0,19,178,73
264098,58,475000.0,2000.0,19,174,70
264099,58,475000.0,1000.0,20,179,76
264115,58,475000.0,500.0,17,170,64
264118,58,425000.0,750.0,23,192,85
264120,58,650000.0,1000.0,17,177,73
264155,58,425000.0,800.0,21,186,75
264182,58,375000.0,1000.0,20,184,76
264186,58,500000.0,1000.0,22,180,75
264209,58,600000.0,500.0,17,183,70
264211,58,400000.0,500.0,18,190,74
264234,58,500000.0,500.0,17,175,70
264338,58,425000.0,2000.0,20,185,76
264361,58,525000.0,3000.0,19,175,73
264399,58,525000.0,600.0,18,171,67
264409,58,475000.0,2000.0,19,186,75
264415,58,450000.0,500.0,17,193,82
264421,58,475000.0,500.0,16,175,68
264437,58,450000.0,1000.0,19,180,75
264460,58,425000.0,850.0,19,192,80
264498,58,425000.0,1000.0,20,186,73
264512,58,475000.0,1000.0,18,168,60
264520,58,500000.0,500.0,17,178,66
264521,58,450000.0,500.0,19,171,68
264534,58,450000.0,500.0,18,176,72
264547,58,650000.0,500.0,17,187,83
264551,58,500000.0,500.0,18,163,58
264560,58,525000.0,500.0,17,185,82
264565,58,475000.0,500.0,18,172,69
264628,58,525000.0,500.0,17,182,72
264631,58,475000.0,500.0,19,176,65
140300,57,20000.0,500.0,37,188,76
174443,57,140000.0,500.0,30,178,77
181964,57,50000.0,2000.0,35,178,67
183749,57,90000.0,1000.0,31,196,80
186838,57,20000.0,500.0,39,188,86
193911,57,30000.0,500.0,34,182,74
199047,57,130000.0,500.0,32,184,82
200484,57,160000.0,500.0,29,177,76
200524,57,160000.0,750.0,29,183,79
205558,57,180000.0,2000.0,26,183,71
206077,57,140000.0,500.0,28,191,85
210925,57,160000.0,4000.0,30,170,63
211135,57,160000.0,6000.0,29,171,68
218646,57,240000.0,2000.0,25,178,70
222144,57,160000.0,1000.0,29,175,66
222176,57,130000.0,3000.0,29,197,90
222277,57,110000.0,2000.0,31,187,76
222361,57,250000.0,2000.0,24,180,65
222432,57,160000.0,2000.0,28,177,64
223091,57,200000.0,500.0,25,171,71
224554,57,170000.0,2000.0,26,184,75
224619,57,170000.0,2000.0,28,177,73
224866,57,240000.0,600.0,25,175,75
225740,57,220000.0,2000.0,25,182,75
225845,57,325000.0,500.0,22,176,73
226838,57,90000.0,2000.0,31,187,81
227570,57,130000.0,500.0,28,185,83
227970,57,160000.0,2000.0,28,185,70
228077,57,160000.0,2000.0,28,174,65
229080,57,140000.0,500.0,30,170,68
230691,57,200000.0,2000.0,26,181,75
231681,57,275000.0,1000.0,23,186,74
231861,57,325000.0,850.0,23,188,91
232216,57,170000.0,1000.0,27,183,76
232251,57,250000.0,500.0,24,178,65
232258,57,160000.0,3000.0,30,185,74
232325,57,350000.0,2000.0,23,165,66
232402,57,200000.0,1000.0,24,187,74
232473,57,20000.0,900.0,40,185,78
232642,57,375000.0,4000.0,23,176,68
232673,57,170000.0,4000.0,25,188,76
232927,57,140000.0,700.0,29,183,82
233524,57,220000.0,500.0,25,170,66
233656,57,200000.0,1000.0,26,178,61
233742,57,200000.0,1000.0,25,188,72
233948,57,250000.0,2000.0,23,175,67
234320,57,250000.0,2000.0,23,178,77
234499,57,375000.0,600.0,23,180,64
234507,57,140000.0,500.0,30,172,65
234940,57,300000.0,1000.0,24,183,70
234988,57,250000.0,5000.0,24,175,71
235058,57,230000.0,3000.0,24,183,70
235710,57,300000.0,4000.0,24,175,74
235742,57,375000.0,2000.0,22,180,75
236005,57,325000.0,850.0,24,194,91
236337,57,350000.0,4000.0,22,194,82
237874,57,375000.0,2000.0,21,172,75
237969,57,350000.0,500.0,22,191,79
238191,57,375000.0,2000.0,21,183,78
238410,57,375000.0,700.0,21,175,67
238469,57,350000.0,550.0,22,173,67
238521,57,375000.0,2000.0,21,172,63
238715,57,400000.0,650.0,21,190,80
238813,57,375000.0,2000.0,22,175,61
239146,57,400000.0,700.0,22,173,68
239278,57,325000.0,750.0,22,178,73
239594,57,350000.0,750.0,19,183,73
240535,57,400000.0,1000.0,20,188,74
240804,57,325000.0,500.0,22,186,80
240805,57,375000.0,1000.0,21,177,68
240867,57,375000.0,6000.0,20,185,70
241098,57,325000.0,3000.0,23,188,80
241332,57,350000.0,3000.0,23,176,68
241343,57,110000.0,2000.0,32,192,80
241458,57,350000.0,2000.0,22,174,60
241599,57,350000.0,900.0,21,185,70
241864,57,350000.0,1000.0,21,185,75
241921,57,375000.0,1000.0,21,184,76
242082,57,240000.0,1000.0,23,187,84
242241,57,400000.0,800.0,21,168,78
242385,57,400000.0,7000.0,20,185,78
242730,57,375000.0,2000.0,20,173,64
242786,57,300000.0,1000.0,21,170,65
242787,57,400000.0,8000.0,20,180,66
243048,57,350000.0,3000.0,20,188,79
243059,57,375000.0,500.0,22,175,64
243130,57,350000.0,1000.0,20,191,80
243347,57,375000.0,550.0,21,190,78
243391,57,375000.0,10000.0,20,178,74
243596,57,350000.0,500.0,21,178,66
243634,57,325000.0,1000.0,22,166,62
243711,57,325000.0,2000.0,22,182,81
243765,57,375000.0,4000.0,21,180,76
243845,57,400000.0,500.0,20,178,70
243848,57,400000.0,7000.0,20,185,74
244362,57,325000.0,550.0,22,180,77
244502,57,325000.0,500.0,20,186,82
244505,57,375000.0,1000.0,21,183,74
244842,57,400000.0,1000.0,19,174,64
244883,57,325000.0,6000.0,24,172,69
244925,57,325000.0,1000.0,19,183,64
245033,57,425000.0,1000.0,20,181,68
245075,57,170000.0,1000.0,28,170,70
245087,57,325000.0,1000.0,22,173,70
245169,57,350000.0,500.0,22,167,70
245239,57,375000.0,2000.0,20,177,72
245518,57,250000.0,3000.0,24,174,64
245574,57,200000.0,3000.0,25,184,72
245743,57,350000.0,500.0,22,183,72
245765,57,375000.0,550.0,20,168,64
245813,57,375000.0,5000.0,22,174,63
245866,57,325000.0,500.0,21,186,75
246090,57,375000.0,2000.0,21,182,78
246142,57,375000.0,550.0,22,185,75
246194,57,375000.0,1000.0,20,178,75
246446,57,400000.0,2000.0,20,174,64
246795,57,350000.0,3000.0,24,170,65
246837,57,375000.0,4000.0,21,177,68
246931,57,325000.0,750.0,20,186,78
247115,57,375000.0,650.0,20,180,71
247121,57,200000.0,850.0,24,187,88
247179,57,400000.0,2000.0,20,180,75
247196,57,60000.0,2000.0,34,175,64
247201,57,375000.0,650.0,19,188,77
247241,57,375000.0,2000.0,21,192,80
247259,57,400000.0,900.0,21,189,80
247272,57,300000.0,800.0,20,190,75
247323,57,300000.0,1000.0,24,185,84
247330,57,375000.0,700.0,22,185,79
247347,57,375000.0,1000.0,22,180,75
247626,57,350000.0,500.0,20,180,70
247661,57,350000.0,2000.0,20,185,73
247751,57,350000.0,600.0,22,188,79
248164,57,400000.0,1000.0,20,172,59
248180,57,220000.0,600.0,25,172,68
248227,57,375000.0,950.0,22,175,65
248238,57,350000.0,850.0,22,183,74
248284,57,170000.0,500.0,27,189,87
248319,57,250000.0,500.0,24,182,67
248325,57,150000.0,500.0,28,180,75
248464,57,400000.0,1000.0,19,170,57
248707,57,325000.0,650.0,20,188,70
248798,57,325000.0,2000.0,20,188,80
248839,57,350000.0,2000.0,19,186,77
248855,57,375000.0,650.0,21,179,72
250815,57,350000.0,1000.0,20,176,68
250866,57,375000.0,8000.0,20,179,65
250895,57,350000.0,1000.0,20,179,75
250960,57,375000.0,2000.0,20,182,72
251039,57,400000.0,1000.0,20,175,70
251224,57,375000.0,2000.0,20,184,93
251261,57,250000.0,2000.0,23,180,69
251301,57,400000.0,3000.0,19,182,78
251368,57,375000.0,1000.0,21,187,79
251375,57,350000.0,700.0,21,189,77
251386,57,350000.0,2000.0,22,183,67
251648,57,400000.0,8000.0,20,167,66
251753,57,300000.0,700.0,19,195,85
251814,57,200000.0,1000.0,25,183,74
251823,57,375000.0,750.0,20,194,89
251904,57,300000.0,1000.0,20,183,79
252213,57,400000.0,950.0,20,195,80
252244,57,190000.0,550.0,27,176,73
252262,57,375000.0,1000.0,22,174,70
252268,57,375000.0,950.0,21,183,70
252447,57,220000.0,2000.0,24,180,73
252472,57,400000.0,500.0,20,190,75
252502,57,400000.0,900.0,19,181,72
252509,57,425000.0,900.0,19,171,69
252596,57,375000.0,900.0,19,183,70
252698,57,350000.0,500.0,18,189,79
252771,57,375000.0,500.0,22,171,60
252813,57,400000.0,1000.0,21,177,66
252879,57,240000.0,2000.0,24,174,75
252933,57,350000.0,2000.0,22,193,81
253110,57,350000.0,850.0,21,199,95
253169,57,325000.0,850.0,23,185,77
253207,57,375000.0,2000.0,22,172,68
253227,57,375000.0,2000.0,18,175,72
253285,57,425000.0,500.0,20,180,76
253314,57,190000.0,500.0,25,183,80
253418,57,375000.0,2000.0,21,180,73
253429,57,400000.0,8000.0,20,183,71
253479,57,375000.0,600.0,22,177,64
253504,57,140000.0,500.0,30,163,66
253505,57,375000.0,500.0,21,167,63
253616,57,350000.0,500.0,24,170,61
253704,57,350000.0,500.0,22,174,67
253955,57,325000.0,1000.0,21,185,76
253971,57,375000.0,2000.0,18,180,73
254130,57,400000.0,1000.0,21,170,66
254588,57,500000.0,3000.0,18,195,81
254640,57,375000.0,2000.0,20,180,75
254748,57,400000.0,500.0,20,180,75
254750,57,400000.0,500.0,19,186,78
254813,57,350000.0,1000.0,20,177,71
254914,57,375000.0,850.0,21,173,70
254976,57,400000.0,950.0,22,171,62
255049,57,400000.0,1000.0,20,168,56
255070,57,425000.0,1000.0,19,180,82
255431,57,375000.0,500.0,20,175,68
255433,57,350000.0,500.0,19,190,72
255459,57,375000.0,950.0,22,185,73
255562,57,400000.0,3000.0,21,185,80
255670,57,375000.0,500.0,21,182,71
255741,57,240000.0,2000.0,24,183,76
255808,57,375000.0,500.0,22,176,75
255811,57,350000.0,500.0,19,186,81
255815,57,350000.0,500.0,22,176,74
255917,57,400000.0,800.0,19,168,69
255927,57,400000.0,800.0,19,182,72
255991,57,350000.0,500.0,19,184,67
256106,57,250000.0,1000.0,23,178,79
256141,57,375000.0,950.0,20,185,70
256215,57,400000.0,500.0,18,187,70
256220,57,300000.0,650.0,20,185,78
256316,57,350000.0,800.0,22,191,83
256506,57,425000.0,2000.0,18,169,58
256532,57,450000.0,1000.0,19,178,78
256555,57,400000.0,2000.0,19,185,74
256601,57,325000.0,500.0,21,183,82
256604,57,375000.0,500.0,18,173,60
256701,57,375000.0,1000.0,21,174,67
256738,57,275000.0,2000.0,22,192,87
256749,57,375000.0,750.0,21,183,83
256754,57,325000.0,700.0,22,184,74
256776,57,375000.0,2000.0,21,172,68
256848,57,425000.0,2000.0,20,181,81
256858,57,400000.0,1000.0,19,182,70
256874,57,325000.0,550.0,20,190,85
256884,57,375000.0,2000.0,18,176,69
256924,57,300000.0,600.0,20,191,78
256933,57,425000.0,3000.0,19,178,70
256934,57,375000.0,650.0,19,185,79
257005,57,375000.0,2000.0,20,184,80
257054,57,325000.0,700.0,20,192,83
257142,57,300000.0,1000.0,20,194,85
257173,57,375000.0,1000.0,23,182,79
257175,57,375000.0,2000.0,19,186,82
257300,57,425000.0,500.0,18,173,70
257425,57,275000.0,2000.0,24,181,67
257438,57,425000.0,4000.0,19,175,65
257496,57,325000.0,1000.0,20,184,74
257617,57,400000.0,700.0,20,175,70
257619,57,375000.0,550.0,20,170,62
257679,57,375000.0,750.0,19,184,75
257699,57,400000.0,1000.0,19,183,65
257717,57,400000.0,500.0,18,184,73
257765,57,375000.0,1000.0,21,177,71
257776,57,350000.0,2000.0,22,183,75
257888,57,400000.0,2000.0,19,170,65
257890,57,375000.0,1000.0,20,181,73
257893,57,220000.0,500.0,24,170,67
257926,57,325000.0,3000.0,21,182,81
258045,57,375000.0,1000.0,21,177,73
258214,57,400000.0,1000.0,20,180,74
258311,57,350000.0,500.0,17,190,77
258428,57,375000.0,500.0,18,181,74
258446,57,400000.0,550.0,19,183,70
258483,57,325000.0,1000.0,19,180,70
258522,57,375000.0,500.0,17,187,74
258548,57,275000.0,900.0,22,180,75
258581,57,400000.0,3000.0,20,170,64
258604,57,400000.0,800.0,19,184,79
258740,57,190000.0,2000.0,25,183,73
258748,57,425000.0,6000.0,19,190,70
258806,57,375000.0,2000.0,20,187,78
258924,57,375000.0,2000.0,21,191,81
258952,57,230000.0,3000.0,24,185,68
259027,57,375000.0,500.0,19,182,72
259039,57,400000.0,800.0,19,183,75
259052,57,375000.0,500.0,19,189,88
259106,57,170000.0,500.0,28,174,74
259128,57,300000.0,4000.0,23,169,67
259203,57,350000.0,650.0,22,180,78
259272,57,375000.0,550.0,19,182,70
259340,57,325000.0,500.0,19,179,68
259346,57,190000.0,500.0,27,180,70
259413,57,400000.0,1000.0,20,181,65
259430,57,475000.0,1000.0,18,191,78
259445,57,375000.0,1000.0,21,180,75
259543,57,375000.0,500.0,17,175,67
259670,57,375000.0,1000.0,21,171,70
259720,57,350000.0,500.0,18,182,68
259722,57,375000.0,500.0,23,189,78
259805,57,425000.0,1000.0,18,173,67
259917,57,140000.0,800.0,28,187,82
259993,57,350000.0,500.0,19,182,75
260079,57,375000.0,500.0,17,192,75
260123,57,375000.0,2000.0,20,183,67
260194,57,140000.0,800.0,28,187,82
260316,57,275000.0,550.0,22,185,80
260399,57,375000.0,1000.0,20,185,82
260401,57,400000.0,600.0,17,174,61
260425,57,350000.0,2000.0,20,171,69
260427,57,350000.0,2000.0,19,178,71
260438,57,170000.0,800.0,28,184,79
260467,57,425000.0,2000.0,20,171,68
260498,57,190000.0,850.0,25,185,83
260525,57,210000.0,600.0,23,186,79
260559,57,350000.0,2000.0,20,175,67
260572,57,425000.0,2000.0,20,178,75
260645,57,375000.0,1000.0,22,173,68
260730,57,400000.0,500.0,17,168,59
260734,57,375000.0,800.0,21,180,74
260775,57,400000.0,500.0,20,170,65
260779,57,400000.0,1000.0,19,175,68
260848,57,300000.0,1000.0,23,181,70
260883,57,400000.0,500.0,19,170,66
260911,57,400000.0,1000.0,21,175,74
260984,57,450000.0,500.0,18,178,64
261102,57,375000.0,500.0,22,169,69
261120,57,325000.0,950.0,20,185,80
261166,57,350000.0,1000.0,21,178,70
261180,57,400000.0,2000.0,20,173,69
261201,57,240000.0,1000.0,22,193,84
261234,57,350000.0,500.0,19,180,73
261235,57,350000.0,500.0,21,181,60
261239,57,350000.0,500.0,21,195,80
261248,57,140000.0,500.0,29,169,67
261282,57,425000.0,3000.0,19,168,65
261312,57,375000.0,2000.0,20,185,75
261313,57,325000.0,500.0,19,184,80
261330,57,375000.0,500.0,21,170,72
261481,57,400000.0,500.0,19,173,70
261486,57,375000.0,500.0,18,170,61
261507,57,400000.0,500.0,18,191,77
261540,57,325000.0,500.0,20,175,67
261545,57,350000.0,500.0,22,185,79
261570,57,350000.0,500.0,19,172,67
261575,57,375000.0,500.0,20,173,68
261583,57,375000.0,1000.0,22,180,73
261606,57,210000.0,550.0,24,182,77
261610,57,350000.0,550.0,21,187,80
261623,57,350000.0,750.0,22,183,73
261640,57,500000.0,500.0,17,183,75
261780,57,325000.0,1000.0,22,188,79
261822,57,375000.0,500.0,19,190,82
261912,57,425000.0,1000.0,19,174,68
261989,57,350000.0,500.0,22,179,68
261991,57,375000.0,950.0,18,174,69
262005,57,400000.0,1000.0,19,187,75
262030,57,230000.0,1000.0,23,180,77
262065,57,350000.0,500.0,21,181,70
262071,57,400000.0,700.0,18,185,75
262104,57,325000.0,500.0,19,196,85
262181,57,425000.0,750.0,19,180,76
262221,57,400000.0,500.0,17,189,78
262222,57,375000.0,650.0,18,173,69
262251,57,325000.0,500.0,18,188,79
262276,57,375000.0,700.0,19,183,74
262289,57,375000.0,500.0,18,175,66
262341,57,375000.0,500.0,19,180,80
262447,57,240000.0,2000.0,25,194,84
262463,57,110000.0,1000.0,30,192,88
262470,57,375000.0,550.0,18,177,71
262555,57,140000.0,3000.0,29,176,69
262604,57,375000.0,800.0,20,182,72
262615,57,375000.0,1000.0,19,182,71
262661,57,325000.0,550.0,20,177,70
262666,57,350000.0,550.0,20,172,70
262725,57,200000.0,1000.0,24,194,91
262774,57,325000.0,500.0,20,182,74
262789,57,300000.0,750.0,20,189,81
262794,57,350000.0,1000.0,20,184,76
262819,57,350000.0,1000.0,20,191,80
262848,57,350000.0,2000.0,20,184,74
262850,57,350000.0,900.0,21,180,78
262901,57,375000.0,500.0,19,185,80
262917,57,375000.0,500.0,19,188,76
262919,57,350000.0,500.0,18,187,80
262924,57,375000.0,550.0,19,177,70
262928,57,250000.0,1000.0,24,193,84
262951,57,240000.0,3000.0,24,182,74
262988,57,425000.0,2000.0,18,175,65
263010,57,325000.0,4000.0,21,198,81
263019,57,300000.0,2000.0,24,174,67
263022,57,350000.0,500.0,18,185,75
263035,57,375000.0,500.0,18,183,72
263038,57,375000.0,1000.0,18,175,64
263050,57,375000.0,950.0,19,187,75
263052,57,150000.0,1000.0,26,180,75
263069,57,350000.0,850.0,18,181,77
263110,57,350000.0,2000.0,18,185,75
263134,57,350000.0,1000.0,20,181,72
263162,57,325000.0,7000.0,22,180,75
263181,57,375000.0,650.0,19,184,79
263184,57,350000.0,900.0,21,188,79
263192,57,250000.0,2000.0,24,183,75
263222,57,350000.0,550.0,18,171,65
263235,57,425000.0,4000.0,19,188,85
263267,57,200000.0,3000.0,25,169,65
263313,57,325000.0,2000.0,21,178,72
263423,57,350000.0,500.0,19,188,78
263468,57,375000.0,750.0,19,175,68
263524,57,325000.0,1000.0,21,187,81
263557,57,325000.0,2000.0,20,189,81
263597,57,400000.0,1000.0,19,178,61
263612,57,400000.0,900.0,19,180,72
263619,57,375000.0,500.0,18,190,71
263658,57,300000.0,550.0,21,189,84
263674,57,275000.0,500.0,20,192,82
263684,57,400000.0,2000.0,18,176,68
263720,57,350000.0,600.0,20,173,72
263730,57,325000.0,500.0,23,173,69
263740,57,350000.0,2000.0,22,185,78
263761,57,375000.0,2000.0,18,178,70
263767,57,350000.0,2000.0,22,175,75
263798,57,325000.0,500.0,18,192,80
263885,57,375000.0,1000.0,20,188,79
263886,57,140000.0,500.0,28,180,80
263918,57,375000.0,1000.0,19,173,62
263931,57,400000.0,3000.0,20,180,77
263951,57,400000.0,2000.0,18,188,72
263963,57,325000.0,4000.0,19,178,64
264032,57,325000.0,900.0,20,186,84
264039,57,425000.0,5000.0,18,175,71
264122,57,375000.0,500.0,20,179,74
264180,57,500000.0,1000.0,16,180,70
264183,57,350000.0,800.0,21,188,70
264185,57,350000.0,900.0,20,182,77
264194,57,450000.0,550.0,17,177,68
264213,57,375000.0,3000.0,18,178,73
264250,57,400000.0,550.0,18,190,80
264275,57,425000.0,3000.0,20,190,79
264398,57,375000.0,500.0,17,186,78
264410,57,350000.0,2000.0,18,182,70
264470,57,400000.0,900.0,19,187,75
264508,57,375000.0,600.0,19,193,78
264536,57,375000.0,500.0,18,170,63
264537,57,375000.0,500.0,17,176,65
264538,57,400000.0,500.0,18,186,79
264552,57,375000.0,500.0,18,170,68
264553,57,350000.0,500.0,19,190,85
264563,57,350000.0,500.0,18,182,79
264570,57,400000.0,500.0,17,177,75
264573,57,400000.0,500.0,19,165,64
264574,57,425000.0,500.0,17,174,70
264588,57,375000.0,500.0,18,187,83
102881,56,15000.0,600.0,41,188,80
166713,56,15000.0,500.0,36,178,75
182037,56,45000.0,1000.0,36,175,60
183031,56,15000.0,750.0,37,188,80
194791,56,140000.0,550.0,29,170,70
198469,56,100000.0,550.0,32,176,73
203023,56,130000.0,550.0,29,189,80
212719,56,160000.0,1000.0,26,188,93
213535,56,80000.0,1000.0,31,183,81
213923,56,190000.0,2000.0,25,178,66
216214,56,150000.0,550.0,26,184,75
217231,56,70000.0,500.0,32,180,72
219936,56,100000.0,5000.0,29,182,82
221815,56,150000.0,2000.0,27,176,75
222014,56,130000.0,3000.0,28,179,65
222192,56,150000.0,2000.0,27,182,73
224550,56,180000.0,2000.0,26,187,80
224620,56,150000.0,4000.0,27,181,67
226296,56,170000.0,3000.0,26,178,70
226450,56,160000.0,2000.0,26,185,75
228253,56,140000.0,2000.0,26,178,64
228784,56,250000.0,4000.0,25,178,75
229206,56,210000.0,500.0,24,188,73
229931,56,325000.0,1000.0,23,186,81
231172,56,240000.0,650.0,24,188,75
231682,56,240000.0,1000.0,24,192,80
232149,56,180000.0,500.0,24,192,82
233525,56,300000.0,500.0,23,182,74
233770,56,275000.0,1000.0,24,172,65
233945,56,190000.0,2000.0,24,182,72
234571,56,325000.0,8000.0,22,178,63
234796,56,180000.0,850.0,25,190,73
234978,56,325000.0,2000.0,22,176,70
238076,56,120000.0,1000.0,28,185,81
238205,56,45000.0,500.0,34,180,78
238250,56,140000.0,900.0,27,185,76
238487,56,325000.0,3000.0,22,174,77
239444,56,230000.0,2000.0,22,168,65
239510,56,170000.0,3000.0,24,196,90
239607,56,220000.0,2000.0,24,180,75
239798,56,275000.0,1000.0,23,198,92
239811,56,275000.0,850.0,22,190,89
240769,56,325000.0,2000.0,22,173,63
240838,56,300000.0,850.0,20,182,74
240890,56,300000.0,2000.0,22,178,70
240927,56,325000.0,2000.0,20,178,75
241342,56,160000.0,3000.0,26,179,75
241360,56,325000.0,3000.0,22,175,70
241418,56,220000.0,3000.0,23,185,81
241454,56,350000.0,2000.0,21,183,67
242245,56,230000.0,3000.0,24,175,68
242246,56,325000.0,2000.0,21,174,63
242558,56,325000.0,3000.0,23,170,66
242682,56,325000.0,500.0,21,175,70
242700,56,130000.0,2000.0,28,170,63
242994,56,350000.0,2000.0,20,176,76
243025,56,325000.0,2000.0,21,182,83
243102,56,325000.0,2000.0,21,185,71
243127,56,230000.0,500.0,22,185,70
243188,56,350000.0,500.0,21,181,74
243373,56,275000.0,3000.0,22,198,90
243387,56,300000.0,700.0,20,202,85
243546,56,325000.0,2000.0,21,176,64
243582,56,300000.0,500.0,21,174,64
243667,56,350000.0,6000.0,21,171,75
243696,56,350000.0,800.0,20,180,72
243728,56,350000.0,950.0,19,176,67
243730,56,300000.0,2000.0,22,178,62
243890,56,300000.0,1000.0,21,180,70
244056,56,325000.0,600.0,21,185,75
244129,56,300000.0,1000.0,21,180,72
244279,56,230000.0,700.0,22,181,72
244294,56,325000.0,800.0,21,183,67
244306,56,300000.0,1000.0,20,191,80
244425,56,300000.0,1000.0,20,182,67
244828,56,170000.0,1000.0,24,181,78
245034,56,325000.0,3000.0,23,176,70
245043,56,350000.0,2000.0,21,172,71
246129,56,375000.0,2000.0,20,178,66
246333,56,350000.0,1000.0,20,182,66
246681,56,350000.0,2000.0,20,185,74
246693,56,325000.0,600.0,21,174,58
247000,56,220000.0,600.0,24,175,70
247033,56,275000.0,500.0,19,189,85
247448,56,140000.0,1000.0,27,191,88
247627,56,150000.0,500.0,27,172,69
247687,56,170000.0,1000.0,25,191,82
247821,56,375000.0,650.0,20,183,65
247898,56,325000.0,950.0,21,177,67
248274,56,300000.0,500.0,22,175,68
248294,56,275000.0,500.0,24,165,59
248307,56,325000.0,500.0,23,170,68
248313,56,100000.0,500.0,31,188,80
248380,56,325000.0,2000.0,20,174,65
248469,56,350000.0,4000.0,19,187,75
248473,56,350000.0,4000.0,19,187,76
248597,56,275000.0,500.0,23,187,65
248711,56,350000.0,4000.0,19,186,78
248735,56,240000.0,1000.0,24,192,81
248770,56,325000.0,1000.0,20,194,83
248856,56,350000.0,500.0,18,178,64
250925,56,275000.0,850.0,21,183,78
250958,56,325000.0,650.0,21,183,70
251001,56,350000.0,3000.0,21,180,69
251124,56,325000.0,1000.0,20,178,72
251218,56,250000.0,1000.0,22,188,81
251371,56,275000.0,2000.0,20,175,68
251660,56,140000.0,4000.0,28,176,69
251836,56,300000.0,500.0,21,184,76
251980,56,350000.0,2000.0,20,177,71
252011,56,325000.0,550.0,18,187,78
252167,56,325000.0,500.0,23,184,80
252220,56,325000.0,1000.0,21,181,69
252257,56,275000.0,700.0,21,193,75
252480,56,375000.0,6000.0,20,182,73
252550,56,350000.0,2000.0,20,185,73
252748,56,350000.0,1000.0,20,180,73
252835,56,325000.0,900.0,19,188,78
252906,56,300000.0,700.0,20,185,70
252970,56,350000.0,500.0,21,170,64
253031,56,140000.0,500.0,28,170,68
253041,56,325000.0,850.0,22,180,70
253106,56,350000.0,1000.0,18,163,57
253371,56,275000.0,500.0,19,178,68
253374,56,325000.0,1000.0,21,188,74
253387,56,200000.0,5000.0,23,188,75
253401,56,300000.0,1000.0,21,183,77
253476,56,300000.0,550.0,22,179,69
253496,56,375000.0,4000.0,19,185,68
253508,56,325000.0,500.0,20,189,81
253672,56,275000.0,500.0,23,181,69
253726,56,275000.0,500.0,23,166,69
253736,56,375000.0,2000.0,19,175,66
253758,56,325000.0,2000.0,20,184,75
253760,56,190000.0,500.0,20,173,73
253801,56,300000.0,500.0,20,175,66
253972,56,325000.0,2000.0,18,178,65
254122,56,300000.0,700.0,19,192,82
254276,56,325000.0,850.0,20,195,81
254324,56,350000.0,3000.0,20,180,68
254467,56,300000.0,1000.0,20,184,74
254503,56,350000.0,500.0,17,179,75
254522,56,325000.0,3000.0,20,180,73
254574,56,350000.0,900.0,20,191,91
254658,56,350000.0,2000.0,21,174,66
255014,56,180000.0,2000.0,24,178,70
255130,56,300000.0,1000.0,22,178,70
255159,56,240000.0,3000.0,23,186,80
255209,56,300000.0,1000.0,20,174,69
255337,56,350000.0,3000.0,20,180,75
255347,56,275000.0,1000.0,22,183,79
255559,56,325000.0,1000.0,21,183,71
255658,56,190000.0,1000.0,25,173,72
255671,56,325000.0,500.0,18,172,63
255756,56,325000.0,650.0,19,188,79
255817,56,325000.0,500.0,21,168,61
255824,56,325000.0,900.0,20,191,79
255843,56,350000.0,650.0,19,175,72
255846,56,325000.0,1000.0,20,179,71
256135,56,275000.0,700.0,22,183,79
256234,56,325000.0,500.0,18,180,74
256263,56,375000.0,6000.0,20,180,74
256396,56,325000.0,650.0,21,187,80
256417,56,275000.0,700.0,23,181,73
256513,56,325000.0,4000.0,20,185,69
256534,56,375000.0,1000.0,19,182,77
256713,56,350000.0,500.0,18,178,67
256861,56,350000.0,550.0,19,173,65
256939,56,325000.0,1000.0,20,182,72
256951,56,190000.0,2000.0,25,183,75
257019,56,300000.0,500.0,18,186,77
257193,56,350000.0,2000.0,19,173,65
257261,56,325000.0,1000.0,19,177,68
257367,56,350000.0,2000.0,21,173,70
257427,56,190000.0,3000.0,25,181,71
257428,56,400000.0,2000.0,19,174,64
257508,56,350000.0,550.0,18,183,73
257517,56,325000.0,500.0,18,181,79
257554,56,350000.0,750.0,20,182,74
257869,56,325000.0,1000.0,20,171,70
257932,56,350000.0,1000.0,20,179,67
257944,56,300000.0,1000.0,19,193,83
258001,56,350000.0,500.0,18,178,71
258018,56,350000.0,1000.0,21,185,80
258050,56,325000.0,2000.0,20,181,72
258056,56,325000.0,500.0,18,183,76
258167,56,350000.0,600.0,18,180,76
258297,56,350000.0,500.0,18,170,61
258302,56,325000.0,1000.0,19,177,76
258364,56,325000.0,650.0,18,180,70
258410,56,170000.0,500.0,26,175,73
258421,56,350000.0,500.0,17,170,64
258606,56,300000.0,1000.0,19,180,70
258668,56,325000.0,2000.0,18,175,69
258688,56,275000.0,1000.0,21,189,77
258696,56,150000.0,3000.0,27,168,62
258721,56,325000.0,1000.0,18,173,67
258745,56,350000.0,1000.0,21,183,66
258873,56,300000.0,2000.0,20,186,75
259078,56,350000.0,500.0,18,175,70
259168,56,300000.0,500.0,19,183,75
259250,56,350000.0,500.0,18,180,62
259266,56,325000.0,2000.0,21,167,63
259288,56,300000.0,900.0,19,165,70
259399,56,325000.0,1000.0,18,192,85
259508,56,230000.0,1000.0,24,179,70
259549,56,300000.0,650.0,19,192,87
259577,56,325000.0,2000.0,21,168,61
259619,56,375000.0,500.0,19,175,70
259645,56,140000.0,500.0,28,179,68
259678,56,325000.0,500.0,18,194,85
259723,56,325000.0,500.0,22,175,80
259753,56,450000.0,850.0,18,170,65
259792,56,300000.0,500.0,19,172,69
259870,56,325000.0,900.0,20,176,68
259924,56,350000.0,1000.0,19,175,66
259988,56,180000.0,500.0,22,183,80
259989,56,300000.0,550.0,21,185,75
260228,56,350000.0,2000.0,19,181,70
260272,56,350000.0,900.0,18,178,63
260350,56,300000.0,500.0,18,180,79
260383,56,325000.0,500.0,19,191,82
260395,56,300000.0,1000.0,20,179,78
260484,56,350000.0,500.0,19,175,66
260486,56,350000.0,500.0,18,175,65
260496,56,170000.0,1000.0,26,181,74
260507,56,180000.0,500.0,23,176,68
260584,56,325000.0,500.0,19,178,73
260710,56,300000.0,2000.0,21,178,66
260743,56,325000.0,500.0,19,201,88
260802,56,210000.0,550.0,24,187,73
260805,56,325000.0,2000.0,22,178,70
260829,56,180000.0,500.0,24,195,89
260845,56,350000.0,550.0,18,186,73
260847,56,250000.0,1000.0,22,187,81
260855,56,350000.0,600.0,18,169,63
260859,56,325000.0,1000.0,19,175,73
260881,56,200000.0,500.0,22,175,70
260913,56,300000.0,500.0,19,193,84
260979,56,350000.0,500.0,18,184,74
261001,56,325000.0,650.0,20,168,67
261027,56,140000.0,600.0,26,191,91
261029,56,200000.0,600.0,25,184,79
261114,56,325000.0,1000.0,21,185,79
261158,56,425000.0,500.0,17,192,80
261209,56,450000.0,500.0,18,185,71
261276,56,350000.0,500.0,20,175,70
261288,56,325000.0,500.0,21,170,70
261298,56,220000.0,750.0,23,183,70
261300,56,300000.0,500.0,19,190,85
261315,56,325000.0,500.0,21,182,68
261331,56,350000.0,2000.0,19,170,65
261344,56,325000.0,500.0,20,194,80
261407,56,350000.0,500.0,18,180,70
261410,56,375000.0,500.0,19,176,69
261454,56,325000.0,800.0,21,185,74
261471,56,325000.0,500.0,18,170,64
261477,56,325000.0,500.0,19,172,65
261487,56,325000.0,500.0,20,169,60
261490,56,450000.0,500.0,18,190,83
261509,56,425000.0,500.0,18,171,70
261525,56,375000.0,500.0,18,182,77
261526,56,375000.0,500.0,18,187,71
261574,56,350000.0,500.0,18,174,62
261612,56,325000.0,1000.0,21,164,64
261656,56,120000.0,1000.0,29,185,85
261679,56,325000.0,500.0,18,192,84
261693,56,325000.0,900.0,20,180,74
261698,56,350000.0,500.0,19,191,77
261700,56,300000.0,1000.0,22,180,75
261775,56,300000.0,950.0,19,194,87
261867,56,190000.0,500.0,21,174,79
261994,56,300000.0,1000.0,24,180,75
262002,56,450000.0,500.0,17,173,68
262045,56,375000.0,500.0,17,175,65
262080,56,275000.0,1000.0,22,184,78
262101,56,325000.0,800.0,18,171,63
262179,56,350000.0,3000.0,19,182,74
262206,56,325000.0,950.0,18,188,79
262223,56,325000.0,650.0,19,174,65
262246,56,300000.0,650.0,19,174,70
262266,56,275000.0,500.0,19,192,80
262342,56,300000.0,700.0,21,180,70
262354,56,210000.0,950.0,24,177,64
262364,56,180000.0,2000.0,25,194,86
262371,56,,1000.0,40,188,89
262420,56,325000.0,500.0,18,190,83
262444,56,230000.0,2000.0,24,175,67
262530,56,250000.0,850.0,22,188,88
262606,56,325000.0,2000.0,20,185,73
262668,56,325000.0,500.0,19,183,75
262697,56,350000.0,1000.0,20,182,71
262719,56,325000.0,950.0,21,175,70
262722,56,300000.0,3000.0,20,190,87
262830,56,240000.0,850.0,23,196,97
262921,56,350000.0,500.0,19,175,67
262939,56,325000.0,500.0,18,190,80
262941,56,325000.0,700.0,18,180,72
263023,56,300000.0,500.0,18,190,80
263024,56,325000.0,1000.0,20,175,69
263025,56,350000.0,550.0,19,178,73
263033,56,300000.0,550.0,20,190,85
263076,56,325000.0,500.0,17,182,75
263095,56,300000.0,2000.0,23,175,65
263142,56,325000.0,750.0,20,187,75
263160,56,160000.0,3000.0,26,175,64
263315,56,300000.0,500.0,18,198,80
263334,56,300000.0,650.0,19,179,65
263351,56,300000.0,1000.0,21,176,67
263356,56,350000.0,500.0,18,178,76
263357,56,325000.0,500.0,18,182,77
263381,56,375000.0,700.0,18,173,65
263382,56,400000.0,550.0,18,174,66
263392,56,325000.0,550.0,21,178,71
263402,56,275000.0,600.0,20,185,81
263419,56,300000.0,550.0,18,183,70
263426,56,350000.0,700.0,19,178,64
263445,56,325000.0,2000.0,20,180,70
263460,56,300000.0,2000.0,22,183,77
263461,56,300000.0,500.0,19,186,77
263463,56,325000.0,3000.0,21,180,71
263476,56,300000.0,500.0,21,187,82
263569,56,250000.0,500.0,18,182,70
263580,56,350000.0,750.0,19,176,65
263599,56,300000.0,800.0,20,176,63
263610,56,325000.0,500.0,18,180,69
263611,56,350000.0,500.0,18,173,67
263626,56,325000.0,1000.0,21,180,68
263629,56,300000.0,850.0,19,194,83
263667,56,250000.0,1000.0,22,185,82
263685,56,300000.0,2000.0,18,192,70
263713,56,375000.0,2000.0,19,182,68
263778,56,375000.0,700.0,18,190,80
263809,56,350000.0,500.0,17,177,70
263836,56,325000.0,3000.0,19,189,76
263870,56,300000.0,3000.0,22,183,78
263889,56,300000.0,850.0,20,184,70
263890,56,325000.0,1000.0,20,191,84
263892,56,325000.0,500.0,17,185,69
263914,56,325000.0,1000.0,19,180,72
263922,56,300000.0,500.0,19,186,78
263983,56,350000.0,1000.0,19,180,70
263984,56,375000.0,1000.0,19,175,65
263987,56,325000.0,850.0,21,177,70
264051,56,350000.0,950.0,17,191,80
264117,56,350000.0,950.0,18,175,70
264143,56,350000.0,850.0,21,183,75
264212,56,300000.0,1000.0,20,176,70
264284,56,300000.0,2000.0,22,192,84
264286,56,300000.0,2000.0,20,181,73
264293,56,425000.0,500.0,17,179,74
264342,56,325000.0,1000.0,18,178,71
264343,56,350000.0,1000.0,18,182,74
264375,56,325000.0,500.0,18,178,77
264396,56,350000.0,500.0,21,180,70
264411,56,375000.0,500.0,17,190,78
264441,56,325000.0,2000.0,20,178,70
264443,56,325000.0,750.0,21,185,80
264458,56,325000.0,2000.0,18,172,77
264461,56,350000.0,1000.0,20,182,75
264505,56,325000.0,1000.0,18,178,70
264564,56,375000.0,500.0,17,178,72
138431,55,15000.0,500.0,36,185,86
208932,55,90000.0,2000.0,29,186,83
211258,55,40000.0,2000.0,33,179,67
217992,55,160000.0,500.0,26,175,64
221980,55,120000.0,2000.0,30,180,80
228989,55,120000.0,550.0,29,178,65
229193,55,70000.0,1000.0,31,183,83
230759,55,275000.0,500.0,23,165,68
231146,55,160000.0,3000.0,24,191,69
231567,55,120000.0,500.0,30,163,58
233451,55,130000.0,2000.0,28,183,77
233505,55,250000.0,1000.0,22,188,75
233689,55,240000.0,700.0,23,184,80
234393,55,275000.0,3000.0,23,187,74
235806,55,250000.0,3000.0,22,188,75
235897,55,170000.0,3000.0,25,166,59
236328,55,275000.0,2000.0,22,183,79
236453,55,230000.0,500.0,25,175,65
237975,55,275000.0,500.0,22,175,68
239320,55,250000.0,1000.0,22,185,70
239803,55,275000.0,600.0,22,187,72
240104,55,300000.0,1000.0,21,179,74
240400,55,275000.0,2000.0,23,183,76
240518,55,170000.0,4000.0,25,162,57
240609,55,275000.0,2000.0,22,172,63
241033,55,275000.0,850.0,21,192,75
241307,55,90000.0,2000.0,31,176,73
241471,55,190000.0,2000.0,24,181,73
241983,55,325000.0,1000.0,20,178,69
242056,55,275000.0,750.0,21,182,72
242872,55,90000.0,1000.0,32,183,76
242874,55,230000.0,3000.0,25,185,72
243117,55,180000.0,2000.0,23,188,70
243166,55,300000.0,900.0,21,175,67
243273,55,275000.0,3000.0,22,171,64
243506,55,240000.0,1000.0,23,183,73
244553,55,250000.0,550.0,19,186,78
244583,55,250000.0,700.0,19,191,87
244809,55,300000.0,2000.0,20,189,70
244966,55,250000.0,3000.0,23,169,61
245040,55,275000.0,1000.0,20,193,80
245090,55,250000.0,500.0,21,182,75
245160,55,325000.0,2000.0,20,180,73
245167,55,150000.0,500.0,26,180,76
245420,55,275000.0,2000.0,23,179,67
245531,55,300000.0,2000.0,20,178,75
245847,55,300000.0,1000.0,21,184,72
246291,55,325000.0,850.0,20,178,64
246417,55,250000.0,1000.0,21,189,77
246654,55,275000.0,1000.0,20,186,73
246715,55,250000.0,500.0,23,180,69
246849,55,250000.0,1000.0,22,183,72
247058,55,300000.0,600.0,19,186,76
247371,55,300000.0,500.0,18,191,69
247434,55,140000.0,500.0,24,186,80
247622,55,300000.0,6000.0,20,177,74
247656,55,275000.0,2000.0,20,193,93
247715,55,275000.0,1000.0,21,175,70
247719,55,180000.0,3000.0,25,183,73
247766,55,250000.0,500.0,19,173,70
247874,55,400000.0,500.0,18,173,66
247889,55,325000.0,500.0,18,176,71
247899,55,325000.0,800.0,21,181,74
248187,55,300000.0,550.0,18,194,87
248197,55,275000.0,500.0,23,181,73
248203,55,300000.0,4000.0,21,168,63
248246,55,40000.0,500.0,33,175,72
248250,55,110000.0,500.0,29,175,70
248251,55,275000.0,500.0,23,173,65
248252,55,130000.0,500.0,28,173,72
248289,55,170000.0,500.0,25,173,65
248310,55,150000.0,500.0,25,178,64
248327,55,240000.0,500.0,23,170,66
248334,55,150000.0,500.0,26,166,65
248399,55,300000.0,650.0,19,177,71
248406,55,325000.0,550.0,19,166,60
248592,55,300000.0,750.0,20,171,69
248596,55,350000.0,600.0,18,176,74
248673,55,275000.0,850.0,19,173,73
248694,55,275000.0,4000.0,20,187,79
248741,55,300000.0,2000.0,20,195,79
248830,55,275000.0,850.0,20,192,85
250804,55,300000.0,800.0,19,185,74
250811,55,275000.0,1000.0,19,183,73
250829,55,300000.0,2000.0,21,183,68
250853,55,300000.0,1000.0,19,181,74
250897,55,240000.0,1000.0,20,190,80
250988,55,130000.0,2000.0,28,177,64
251283,55,300000.0,2000.0,20,177,73
251390,55,300000.0,2000.0,19,183,70
251465,55,250000.0,650.0,21,188,87
251771,55,240000.0,500.0,20,192,80
251819,55,325000.0,2000.0,21,183,74
252061,55,300000.0,500.0,21,172,72
252160,55,250000.0,700.0,19,194,82
252198,55,275000.0,1000.0,20,186,83
252253,55,275000.0,1000.0,19,184,73
252306,55,300000.0,500.0,20,169,68
252435,55,350000.0,950.0,19,179,68
252505,55,275000.0,500.0,20,190,83
252549,55,300000.0,1000.0,20,186,70
252659,55,240000.0,550.0,24,186,87
252709,55,275000.0,500.0,19,184,74
252850,55,325000.0,500.0,18,172,61
252867,55,300000.0,800.0,20,185,76
252990,55,275000.0,500.0,22,172,69
253064,55,275000.0,500.0,20,166,65
253066,55,190000.0,2000.0,24,175,66
253078,55,275000.0,2000.0,22,172,68
253483,55,300000.0,6000.0,19,190,78
253700,55,130000.0,500.0,28,163,65
253722,55,275000.0,500.0,22,171,58
254002,55,300000.0,1000.0,19,182,78
254275,55,325000.0,550.0,20,181,73
254518,55,300000.0,500.0,20,175,70
254713,55,350000.0,500.0,19,175,72
254740,55,300000.0,500.0,19,172,70
254792,55,240000.0,2000.0,24,178,70
254811,55,275000.0,500.0,18,180,74
254830,55,240000.0,1000.0,20,179,71
254884,55,325000.0,3000.0,20,178,76
255004,55,130000.0,550.0,27,188,78
255493,55,325000.0,500.0,19,186,77
255842,55,275000.0,500.0,19,185,71
255849,55,240000.0,500.0,20,189,80
255870,55,275000.0,1000.0,21,178,74
255921,55,250000.0,750.0,22,198,80
255990,55,200000.0,500.0,20,175,70
256048,55,325000.0,550.0,19,170,63
256060,55,130000.0,550.0,29,182,82
256070,55,275000.0,1000.0,23,178,66
256108,55,275000.0,500.0,21,184,75
256110,55,275000.0,1000.0,23,178,75
256353,55,325000.0,2000.0,16,183,71
256380,55,300000.0,500.0,19,176,71
256392,55,325000.0,2000.0,19,180,76
256514,55,325000.0,2000.0,18,175,68
256529,55,240000.0,900.0,20,181,76
256551,55,300000.0,500.0,18,172,65
256557,55,275000.0,500.0,18,178,75
256617,55,275000.0,2000.0,20,193,83
256620,55,325000.0,2000.0,18,178,65
256683,55,275000.0,1000.0,19,186,73
256786,55,300000.0,2000.0,19,191,90
256787,55,275000.0,850.0,21,174,70
256864,55,325000.0,750.0,18,182,72
257028,55,275000.0,800.0,18,186,74
257053,55,275000.0,850.0,20,185,76
257138,55,300000.0,2000.0,20,184,76
257157,55,350000.0,500.0,16,176,68
257158,55,275000.0,500.0,20,172,68
257192,55,325000.0,600.0,20,185,70
257264,55,325000.0,500.0,17,188,76
257294,55,275000.0,1000.0,22,180,73
257295,55,275000.0,900.0,19,185,72
257339,55,300000.0,500.0,18,184,81
257400,55,325000.0,500.0,17,172,69
257435,55,325000.0,3000.0,19,170,70
257475,55,250000.0,1000.0,22,185,76
257490,55,300000.0,500.0,19,181,67
257495,55,300000.0,1000.0,19,172,64
257628,55,275000.0,500.0,18,186,78
257641,55,275000.0,550.0,23,174,70
257742,55,140000.0,750.0,26,175,73
257787,55,300000.0,1000.0,19,186,83
257842,55,325000.0,4000.0,20,173,64
257892,55,275000.0,500.0,18,189,87
257991,55,300000.0,800.0,19,183,70
257996,55,275000.0,500.0,18,184,78
257997,55,275000.0,650.0,19,178,67
258004,55,300000.0,550.0,20,185,81
258023,55,275000.0,1000.0,19,185,74
258237,55,325000.0,750.0,19,182,70
258249,55,275000.0,1000.0,21,187,80
258373,55,300000.0,2000.0,19,175,68
258508,55,300000.0,1000.0,19,178,68
258530,55,275000.0,2000.0,19,180,65
258562,55,325000.0,500.0,17,177,61
258569,55,325000.0,750.0,18,182,70
258671,55,275000.0,500.0,18,174,71
258711,55,100000.0,3000.0,32,178,76
258724,55,325000.0,500.0,17,173,71
258749,55,350000.0,550.0,17,188,78
258780,55,240000.0,1000.0,20,186,74
258828,55,300000.0,1000.0,19,184,75
258928,55,250000.0,2000.0,19,196,76
258929,55,325000.0,800.0,20,188,76
259149,55,275000.0,1000.0,20,194,85
259174,55,200000.0,3000.0,23,178,65
259319,55,275000.0,500.0,21,190,83
259348,55,160000.0,2000.0,26,173,65
259379,55,240000.0,4000.0,24,169,68
259396,55,300000.0,500.0,18,183,71
259455,55,170000.0,2000.0,26,170,64
259542,55,375000.0,500.0,17,178,67
259644,55,275000.0,2000.0,20,175,68
259808,55,250000.0,500.0,20,182,70
259920,55,150000.0,1000.0,26,180,70
260130,55,300000.0,500.0,17,174,73
260169,55,300000.0,500.0,19,188,77
260175,55,325000.0,500.0,17,170,60
260373,55,275000.0,2000.0,22,179,65
260379,55,325000.0,500.0,18,175,65
260503,55,275000.0,1000.0,20,176,73
260511,55,110000.0,500.0,29,183,77
260544,55,275000.0,500.0,20,184,80
260545,55,300000.0,500.0,17,185,72
260548,55,250000.0,500.0,17,185,73
260585,55,150000.0,2000.0,25,182,81
260612,55,300000.0,500.0,20,180,75
260633,55,275000.0,1000.0,23,176,70
260846,55,300000.0,500.0,18,172,65
260852,55,300000.0,700.0,19,188,77
260878,55,275000.0,500.0,20,180,77
260882,55,275000.0,500.0,20,175,70
260885,55,275000.0,1000.0,19,180,66
260929,55,325000.0,900.0,17,178,69
261032,55,300000.0,2000.0,18,177,76
261088,55,300000.0,500.0,17,180,72
261098,55,325000.0,500.0,19,179,74
261099,55,300000.0,500.0,19,177,76
261118,55,275000.0,850.0,20,174,70
261240,55,190000.0,500.0,21,190,73
261285,55,110000.0,500.0,29,190,86
261286,55,275000.0,500.0,23,176,74
261293,55,400000.0,500.0,18,180,75
261384,55,300000.0,500.0,20,180,75
261420,55,325000.0,500.0,17,165,60
261459,55,350000.0,800.0,18,182,74
261467,55,250000.0,500.0,19,187,79
261473,55,300000.0,3000.0,20,186,75
261501,55,170000.0,500.0,24,174,68
261543,55,170000.0,500.0,25,176,73
261544,55,250000.0,500.0,22,186,70
261573,55,275000.0,1000.0,19,197,89
261577,55,275000.0,500.0,20,176,70
261683,55,275000.0,500.0,22,172,68
261684,55,300000.0,500.0,20,175,72
261688,55,275000.0,850.0,21,177,72
261727,55,275000.0,500.0,20,180,64
261731,55,250000.0,500.0,18,193,85
261819,55,325000.0,1000.0,19,178,65
261828,55,275000.0,500.0,19,177,68
261869,55,275000.0,500.0,22,179,73
261973,55,240000.0,1000.0,23,185,82
261990,55,275000.0,500.0,22,171,69
262059,55,240000.0,500.0,23,196,98
262121,55,300000.0,1000.0,19,173,75
262175,55,325000.0,500.0,18,174,60
262224,55,300000.0,500.0,18,175,70
262275,55,275000.0,1000.0,20,180,75
262310,55,300000.0,500.0,19,174,76
262322,55,275000.0,500.0,18,188,75
262450,55,300000.0,1000.0,20,180,75
262522,55,300000.0,500.0,19,188,80
262539,55,325000.0,1000.0,19,173,63
262614,55,275000.0,550.0,20,182,72
262729,55,300000.0,550.0,18,173,70
262755,55,275000.0,500.0,18,186,75
262756,55,300000.0,500.0,18,188,76
262837,55,275000.0,500.0,20,198,90
262841,55,325000.0,600.0,19,178,72
262851,55,300000.0,900.0,18,176,73
262916,55,325000.0,800.0,18,182,78
262920,55,300000.0,600.0,18,191,83
262960,55,275000.0,1000.0,19,174,70
262967,55,275000.0,900.0,21,174,69
262995,55,250000.0,500.0,19,195,87
263057,55,350000.0,500.0,17,185,71
263073,55,250000.0,500.0,19,180,71
263098,55,275000.0,2000.0,19,175,74
263130,55,325000.0,1000.0,18,180,66
263140,55,170000.0,5000.0,25,177,71
263152,55,170000.0,3000.0,25,176,76
263157,55,375000.0,600.0,18,187,80
263236,55,275000.0,500.0,18,186,74
263243,55,275000.0,700.0,19,191,80
263244,55,325000.0,700.0,19,186,72
263277,55,275000.0,3000.0,22,177,74
263301,55,275000.0,900.0,20,192,79
263302,55,300000.0,1000.0,19,178,70
263333,55,275000.0,650.0,20,168,59
263335,55,300000.0,500.0,18,185,73
263348,55,275000.0,1000.0,20,181,71
263371,55,275000.0,650.0,21,185,75
263391,55,275000.0,550.0,20,175,65
263395,55,325000.0,500.0,18,172,68
263403,55,325000.0,3000.0,21,182,71
263417,55,275000.0,750.0,21,182,75
263424,55,300000.0,500.0,18,176,68
263437,55,325000.0,500.0,17,175,67
263446,55,275000.0,550.0,18,180,70
263459,55,300000.0,1000.0,18,185,71
263464,55,300000.0,2000.0,19,180,70
263485,55,275000.0,650.0,20,177,68
263492,55,300000.0,500.0,18,187,83
263507,55,275000.0,1000.0,21,184,75
263575,55,300000.0,500.0,17,183,71
263632,55,250000.0,5000.0,20,186,76
263652,55,275000.0,2000.0,20,186,80
263702,55,275000.0,1000.0,22,196,91
263731,55,300000.0,500.0,17,180,72
263747,55,300000.0,500.0,17,180,72
263748,55,400000.0,500.0,17,185,80
263777,55,300000.0,500.0,19,191,80
263831,55,275000.0,1000.0,19,183,76
263842,55,275000.0,1000.0,19,190,75
263859,55,325000.0,1000.0,18,167,63
263887,55,300000.0,500.0,17,189,75
263895,55,300000.0,2000.0,21,182,73
263902,55,250000.0,1000.0,21,176,65
263961,55,300000.0,500.0,17,193,88
263969,55,300000.0,2000.0,20,187,83
264003,55,250000.0,1000.0,23,185,82
264009,55,275000.0,900.0,23,171,65
264069,55,275000.0,2000.0,21,188,85
264083,55,300000.0,500.0,18,174,70
264112,55,275000.0,500.0,18,186,74
264137,55,300000.0,500.0,18,180,75
264138,55,300000.0,500.0,19,185,75
264154,55,275000.0,2000.0,22,187,80
264191,55,275000.0,600.0,21,185,75
264193,55,275000.0,1000.0,18,180,70
264242,55,275000.0,500.0,17,194,79
264252,55,275000.0,500.0,18,168,68
264277,55,300000.0,500.0,17,180,70
264287,55,325000.0,750.0,18,176,71
264294,55,375000.0,500.0,17,180,75
264306,55,400000.0,500.0,17,182,76
264358,55,240000.0,2000.0,23,188,82
264371,55,325000.0,2000.0,18,181,67
264379,55,300000.0,500.0,18,170,70
264440,55,275000.0,500.0,19,178,73
264474,55,250000.0,500.0,19,174,65
264486,55,180000.0,500.0,24,167,65
264634,55,275000.0,500.0,19,172,65
198454,54,110000.0,500.0,28,178,75
208482,54,90000.0,500.0,30,180,76
212057,54,120000.0,500.0,24,183,71
213854,54,100000.0,750.0,30,188,72
217157,54,35000.0,1000.0,36,178,70
222173,54,90000.0,2000.0,31,175,75
222185,54,140000.0,2000.0,26,180,70
222200,54,90000.0,2000.0,29,190,86
224287,54,150000.0,500.0,24,175,74
224650,54,90000.0,1000.0,30,178,72
227084,54,200000.0,500.0,24,178,75
228196,54,90000.0,500.0,30,184,85
228992,54,110000.0,500.0,27,174,83
229365,54,210000.0,500.0,23,175,65
231547,54,220000.0,950.0,23,188,75
233264,54,210000.0,2000.0,22,187,74
233681,54,210000.0,2000.0,24,189,78
234477,54,240000.0,500.0,22,175,81
236919,54,230000.0,500.0,21,197,87
237325,54,240000.0,1000.0,22,170,69
240339,54,210000.0,500.0,21,188,80
240460,54,120000.0,3000.0,26,175,78
240592,54,230000.0,2000.0,21,187,79
240799,54,230000.0,5000.0,23,180,75
241303,54,100000.0,2000.0,29,183,74
241327,54,210000.0,2000.0,23,188,80
241338,54,130000.0,1000.0,26,178,74
241401,54,210000.0,800.0,21,189,76
241542,54,110000.0,500.0,24,193,82
241592,54,240000.0,2000.0,22,178,65
241593,54,140000.0,2000.0,25,178,75
242601,54,240000.0,700.0,21,182,72
242630,54,170000.0,500.0,23,187,65
242706,54,275000.0,600.0,19,180,80
242952,54,240000.0,2000.0,22,182,85
242983,54,230000.0,2000.0,21,185,71
243012,54,230000.0,750.0,21,197,85
243158,54,230000.0,500.0,21,190,80
243213,54,210000.0,3000.0,23,184,74
243299,54,120000.0,950.0,26,194,85
243342,54,275000.0,2000.0,21,182,71
243517,54,275000.0,600.0,19,177,64
244712,54,210000.0,800.0,23,183,85
244943,54,250000.0,1000.0,20,186,80
245425,54,230000.0,500.0,20,185,78
245427,54,140000.0,5000.0,25,172,63
245467,54,210000.0,500.0,22,191,84
245493,54,200000.0,2000.0,23,185,72
247077,54,230000.0,850.0,20,194,84
247304,54,275000.0,1000.0,21,178,73
248067,54,240000.0,500.0,19,178,64
248172,54,90000.0,500.0,29,178,74
248177,54,90000.0,500.0,29,172,71
248182,54,200000.0,500.0,19,186,84
248242,54,230000.0,4000.0,22,176,75
248280,54,150000.0,500.0,24,169,65
248290,54,210000.0,500.0,21,179,68
248291,54,60000.0,500.0,31,183,80
248293,54,100000.0,500.0,28,180,70
248301,54,130000.0,500.0,25,185,80
248304,54,150000.0,500.0,25,179,73
248331,54,220000.0,500.0,23,165,69
248379,54,240000.0,500.0,21,176,77
248494,54,275000.0,3000.0,19,169,70
248569,54,275000.0,4000.0,19,178,71
248752,54,230000.0,2000.0,23,169,72
248809,54,275000.0,500.0,18,171,70
250792,54,230000.0,650.0,22,181,65
250856,54,250000.0,500.0,20,171,62
250957,54,230000.0,500.0,20,187,86
251546,54,275000.0,2000.0,19,185,70
251590,54,275000.0,5000.0,19,182,72
251789,54,130000.0,500.0,22,188,84
251815,54,220000.0,500.0,19,185,75
251832,54,240000.0,500.0,22,184,78
252161,54,230000.0,500.0,21,185,81
252180,54,275000.0,800.0,19,160,60
252246,54,230000.0,500.0,20,184,79
252418,54,240000.0,1000.0,20,186,77
252538,54,230000.0,500.0,20,189,83
252597,54,275000.0,600.0,18,173,67
252733,54,220000.0,500.0,19,191,73
252888,54,250000.0,1000.0,19,185,75
253038,54,275000.0,2000.0,19,178,65
253054,54,275000.0,2000.0,19,178,70
253068,54,240000.0,500.0,20,173,70
253395,54,240000.0,1000.0,20,187,80
253447,54,250000.0,500.0,19,182,71
253461,54,300000.0,6000.0,19,170,62
253478,54,240000.0,500.0,21,184,75
253518,54,220000.0,1000.0,23,186,85
253749,54,220000.0,2000.0,24,176,77
253962,54,230000.0,1000.0,21,171,68
254475,54,275000.0,500.0,19,176,70
254819,54,350000.0,550.0,16,178,58
254962,54,210000.0,800.0,23,191,93
254978,54,210000.0,1000.0,22,191,79
255178,54,210000.0,800.0,22,183,75
255260,54,170000.0,500.0,24,186,81
255499,54,230000.0,1000.0,22,185,80
255501,54,250000.0,850.0,21,176,68
255659,54,220000.0,600.0,20,184,75
255809,54,250000.0,500.0,20,176,72
255814,54,275000.0,500.0,19,167,59
256029,54,300000.0,550.0,18,167,59
256034,54,275000.0,500.0,18,175,75
256039,54,300000.0,500.0,18,167,61
256043,54,250000.0,500.0,19,177,69
256054,54,275000.0,850.0,19,186,82
256200,54,275000.0,500.0,19,178,70
256221,54,250000.0,800.0,21,171,64
256482,54,240000.0,1000.0,19,186,78
256497,54,210000.0,2000.0,20,185,73
256553,54,275000.0,900.0,21,173,71
256563,54,275000.0,500.0,19,170,57
256681,54,250000.0,2000.0,18,183,70
256774,54,275000.0,500.0,19,192,78
256866,54,275000.0,1000.0,19,182,75
256935,54,250000.0,500.0,18,175,64
257065,54,275000.0,950.0,21,173,64
257100,54,250000.0,500.0,17,189,84
257221,54,250000.0,1000.0,19,181,72
257249,54,240000.0,1000.0,20,186,76
257326,54,250000.0,500.0,19,185,76
257529,54,275000.0,4000.0,21,165,61
257741,54,180000.0,600.0,23,190,83
257788,54,250000.0,600.0,18,181,69
257793,54,350000.0,1000.0,17,178,68
257894,54,110000.0,500.0,27,175,65
257953,54,250000.0,500.0,18,180,76
257965,54,250000.0,4000.0,20,182,82
257972,54,275000.0,2000.0,19,187,78
257984,54,275000.0,550.0,19,175,71
258248,54,230000.0,700.0,21,190,77
258342,54,240000.0,1000.0,19,183,76
258363,54,230000.0,500.0,18,182,68
258411,54,210000.0,500.0,24,174,65
258440,54,220000.0,550.0,20,182,74
258449,54,240000.0,500.0,21,168,69
258532,54,250000.0,6000.0,19,184,73
258622,54,250000.0,850.0,18,175,67
258623,54,250000.0,2000.0,19,185,74
258703,54,275000.0,900.0,19,180,75
258761,54,275000.0,900.0,18,183,66
258793,54,240000.0,900.0,20,182,66
258813,54,275000.0,550.0,18,174,70
258820,54,300000.0,500.0,17,181,70
258835,54,250000.0,500.0,20,173,65
258839,54,240000.0,550.0,21,193,81
258879,54,220000.0,500.0,19,182,71
258969,54,275000.0,2000.0,20,175,65
259089,54,210000.0,650.0,21,198,87
259279,54,220000.0,500.0,18,185,77
259343,54,275000.0,1000.0,19,173,60
259465,54,250000.0,500.0,17,185,71
259483,54,230000.0,800.0,18,178,70
259518,54,230000.0,500.0,17,170,65
259713,54,300000.0,850.0,19,175,70
259741,54,130000.0,500.0,26,176,79
259834,54,250000.0,500.0,20,175,64
259895,54,250000.0,550.0,20,175,70
259973,54,275000.0,2000.0,19,193,80
259997,54,240000.0,650.0,21,183,75
260003,54,275000.0,750.0,19,190,68
260103,54,250000.0,2000.0,20,185,70
260106,54,230000.0,500.0,21,182,81
260108,54,240000.0,500.0,23,176,61
260154,54,250000.0,500.0,19,189,75
260164,54,250000.0,1000.0,18,172,70
260269,54,250000.0,500.0,19,182,71
260305,54,200000.0,500.0,19,185,87
260380,54,230000.0,500.0,18,188,72
260390,54,250000.0,500.0,17,178,72
260394,54,230000.0,850.0,21,178,74
260396,54,275000.0,850.0,19,182,75
260510,54,250000.0,500.0,20,175,67
260539,54,230000.0,500.0,18,193,84
260714,54,200000.0,500.0,19,185,81
260780,54,325000.0,500.0,18,180,70
260809,54,240000.0,1000.0,20,185,75
260851,54,240000.0,900.0,19,180,70
260853,54,250000.0,500.0,18,178,68
260856,54,250000.0,500.0,18,175,67
260967,54,250000.0,550.0,20,181,80
260980,54,140000.0,850.0,25,173,72
261028,54,170000.0,650.0,23,190,82
261038,54,250000.0,500.0,20,187,78
261108,54,325000.0,500.0,16,176,68
261159,54,240000.0,500.0,18,188,76
261236,54,240000.0,1000.0,21,178,71
261242,54,220000.0,500.0,18,186,70
261314,54,275000.0,500.0,19,165,62
261342,54,275000.0,500.0,19,170,68
261353,54,275000.0,500.0,17,186,71
261375,54,275000.0,1000.0,18,200,84
261448,54,250000.0,600.0,20,168,57
261450,54,240000.0,1000.0,20,180,74
261572,54,230000.0,650.0,22,164,65
261585,54,275000.0,500.0,17,167,67
261604,54,240000.0,1000.0,21,183,73
261646,54,275000.0,550.0,18,180,63
261658,54,200000.0,1000.0,20,187,80
261915,54,140000.0,1000.0,24,186,82
261931,54,140000.0,1000.0,22,193,78
261951,54,110000.0,3000.0,30,190,83
261968,54,220000.0,500.0,19,190,82
262032,54,240000.0,1000.0,22,175,68
262048,54,220000.0,500.0,20,180,75
262163,54,220000.0,1000.0,19,183,78
262174,54,250000.0,500.0,17,175,70
262182,54,230000.0,600.0,22,179,64
262207,54,250000.0,500.0,17,183,71
262244,54,275000.0,900.0,19,175,66
262248,54,240000.0,1000.0,20,184,76
262327,54,275000.0,500.0,18,175,70
262328,54,200000.0,500.0,23,175,70
262379,54,250000.0,500.0,18,183,72
262521,54,230000.0,500.0,18,192,83
262523,54,230000.0,500.0,18,191,87
262576,54,250000.0,500.0,17,180,74
262640,54,275000.0,550.0,18,185,71
262700,54,220000.0,900.0,20,184,73
262707,54,240000.0,500.0,18,187,84
262720,54,220000.0,750.0,20,183,73
262733,54,325000.0,500.0,17,178,60
262761,54,250000.0,500.0,17,185,74
262802,54,140000.0,500.0,22,195,91
262807,54,220000.0,500.0,19,185,75
262860,54,275000.0,500.0,18,176,73
262931,54,300000.0,500.0,18,193,84
262948,54,240000.0,1000.0,19,175,70
262968,54,300000.0,1000.0,19,190,87
262999,54,220000.0,500.0,19,193,73
263030,54,250000.0,500.0,19,176,71
263077,54,250000.0,500.0,17,187,76
263080,54,250000.0,500.0,19,190,80
263093,54,250000.0,2000.0,20,175,65
263101,54,275000.0,2000.0,18,191,74
263137,54,220000.0,800.0,19,188,80
263186,54,250000.0,650.0,20,179,70
263245,54,275000.0,500.0,17,185,76
263266,54,220000.0,2000.0,20,180,75
263276,54,230000.0,750.0,19,183,73
263317,54,240000.0,500.0,18,181,81
263338,54,275000.0,500.0,18,175,65
263345,54,250000.0,500.0,18,184,77
263364,54,300000.0,650.0,18,178,70
263397,54,300000.0,500.0,18,180,68
263425,54,250000.0,500.0,18,178,68
263453,54,250000.0,4000.0,20,177,72
263490,54,140000.0,550.0,25,183,77
263508,54,300000.0,500.0,18,173,69
263577,54,250000.0,1000.0,18,185,74
263621,54,350000.0,500.0,17,173,60
263622,54,230000.0,650.0,18,185,73
263656,54,250000.0,500.0,17,175,69
263666,54,240000.0,1000.0,21,165,67
263679,54,350000.0,500.0,17,188,73
263706,54,250000.0,500.0,17,185,70
263714,54,300000.0,500.0,17,177,66
263716,54,250000.0,2000.0,20,172,65
263770,54,275000.0,500.0,18,183,73
263802,54,250000.0,550.0,18,172,72
263830,54,240000.0,1000.0,19,184,78
263832,54,240000.0,1000.0,19,186,75
263833,54,275000.0,1000.0,18,168,59
263841,54,250000.0,500.0,18,180,75
263844,54,300000.0,500.0,19,183,74
263849,54,275000.0,550.0,18,176,70
263854,54,250000.0,500.0,18,177,70
263894,54,275000.0,3000.0,20,180,70
263934,54,250000.0,500.0,18,180,70
263938,54,240000.0,500.0,18,177,66
263939,54,250000.0,500.0,18,174,65
263948,54,250000.0,2000.0,20,180,70
263967,54,220000.0,1000.0,19,189,75
263968,54,325000.0,600.0,18,198,80
263974,54,250000.0,3000.0,20,174,72
264005,54,275000.0,500.0,17,175,65
264040,54,275000.0,950.0,18,177,64
264067,54,240000.0,950.0,20,175,65
264082,54,220000.0,500.0,19,184,83
264168,54,275000.0,500.0,17,177,69
264207,54,300000.0,750.0,19,188,75
264224,54,250000.0,500.0,18,178,64
264256,54,250000.0,500.0,18,188,78
264264,54,275000.0,2000.0,19,172,65
264318,54,220000.0,500.0,20,178,75
264362,54,220000.0,500.0,24,180,78
264454,54,250000.0,550.0,19,180,70
264479,54,250000.0,500.0,17,181,72
264501,54,250000.0,500.0,18,172,68
264575,54,250000.0,500.0,17,178,72
222187,53,90000.0,2000.0,28,185,80
222195,53,100000.0,2000.0,28,183,72
222203,53,70000.0,2000.0,32,178,67
222612,53,110000.0,500.0,24,196,86
223771,53,45000.0,500.0,34,180,75
224555,53,90000.0,2000.0,27,192,80
224692,53,100000.0,1000.0,27,182,75
228103,53,180000.0,4000.0,23,189,80
230722,53,210000.0,500.0,23,195,84
233645,53,190000.0,500.0,24,187,75
239727,53,100000.0,1000.0,25,178,72
240391,53,130000.0,3000.0,24,181,75
240393,53,200000.0,2000.0,22,177,65
240455,53,220000.0,1000.0,21,185,79
240531,53,160000.0,2000.0,23,180,71
240632,53,200000.0,800.0,23,178,69
240866,53,240000.0,5000.0,20,178,67
241346,53,80000.0,2000.0,28,183,78
241402,53,210000.0,4000.0,20,184,75
241622,53,200000.0,2000.0,23,178,65
241920,53,220000.0,500.0,18,184,70
241998,53,140000.0,2000.0,25,188,72
242086,53,200000.0,900.0,21,188,70
242108,53,210000.0,500.0,20,178,72
242853,53,200000.0,2000.0,20,184,74
243020,53,120000.0,1000.0,25,188,91
243116,53,230000.0,500.0,21,180,76
243485,53,210000.0,500.0,22,175,69
244465,53,230000.0,1000.0,21,184,80
244817,53,180000.0,500.0,21,196,80
244958,53,230000.0,1000.0,21,181,71
245036,53,200000.0,2000.0,22,184,80
245146,53,220000.0,500.0,20,183,77
245166,53,120000.0,500.0,25,185,76
245524,53,210000.0,3000.0,23,167,59
246043,53,150000.0,1000.0,24,175,70
246096,53,230000.0,500.0,20,188,79
247579,53,170000.0,1000.0,23,174,70
247628,53,150000.0,500.0,24,177,70
247631,53,200000.0,500.0,21,173,66
247962,53,275000.0,500.0,17,186,71
248175,53,240000.0,650.0,20,183,69
248276,53,110000.0,500.0,26,170,65
248305,53,200000.0,500.0,21,179,67
248318,53,210000.0,500.0,23,172,71
248404,53,200000.0,500.0,20,184,74
248567,53,250000.0,500.0,18,175,64
248678,53,230000.0,600.0,19,179,72
248723,53,230000.0,3000.0,21,180,65
248815,53,210000.0,1000.0,19,178,65
248857,53,230000.0,550.0,20,179,71
251262,53,220000.0,1000.0,19,170,65
251514,53,230000.0,500.0,19,181,72
251875,53,220000.0,2000.0,20,178,70
251976,53,220000.0,950.0,20,168,59
252385,53,210000.0,1000.0,19,178,68
252699,53,200000.0,600.0,22,193,76
252809,53,210000.0,1000.0,22,179,69
252844,53,210000.0,2000.0,19,188,81
252872,53,180000.0,2000.0,23,183,70
252995,53,275000.0,500.0,17,189,84
253035,53,170000.0,500.0,25,175,67
253065,53,180000.0,500.0,20,183,70
253079,53,230000.0,2000.0,20,189,84
253080,53,210000.0,2000.0,22,174,64
253398,53,210000.0,500.0,19,185,70
253509,53,170000.0,500.0,25,173,72
253670,53,200000.0,500.0,22,184,72
253708,53,220000.0,500.0,19,163,55
254239,53,220000.0,500.0,19,177,73
254317,53,220000.0,750.0,21,189,70
254699,53,240000.0,1000.0,19,176,70
255071,53,210000.0,1000.0,19,182,75
255547,53,200000.0,800.0,23,186,77
255632,53,120000.0,2000.0,26,193,82
255836,53,210000.0,4000.0,23,181,70
255918,53,210000.0,1000.0,22,175,67
256046,53,230000.0,500.0,17,179,68
256174,53,275000.0,500.0,18,180,73
256217,53,240000.0,750.0,19,188,78
256330,53,200000.0,3000.0,19,183,73
256375,53,110000.0,1000.0,26,185,77
256382,53,190000.0,500.0,19,185,77
256531,53,230000.0,1000.0,20,166,67
256556,53,275000.0,500.0,17,181,68
256606,53,240000.0,500.0,19,180,69
256609,53,275000.0,500.0,18,183,70
256798,53,210000.0,1000.0,20,193,76
256815,53,220000.0,2000.0,19,178,72
256865,53,240000.0,1000.0,19,178,65
257040,53,230000.0,500.0,19,190,83
257102,53,230000.0,500.0,17,166,58
257186,53,240000.0,800.0,18,180,80
257260,53,230000.0,1000.0,19,191,75
257469,53,200000.0,1000.0,20,183,75
257568,53,210000.0,500.0,18,185,75
257652,53,210000.0,500.0,19,189,78
257671,53,240000.0,500.0,18,172,74
257684,53,210000.0,500.0,21,165,58
257688,53,180000.0,500.0,23,172,61
257836,53,230000.0,500.0,18,185,69
257854,53,210000.0,500.0,19,188,70
258003,53,230000.0,500.0,18,183,67
258005,53,240000.0,500.0,18,183,70
258197,53,200000.0,500.0,21,176,70
258228,53,220000.0,1000.0,19,178,75
258409,53,200000.0,850.0,22,185,77
258682,53,240000.0,900.0,18,178,65
258800,53,130000.0,500.0,25,179,69
258962,53,120000.0,1000.0,24,185,83
259030,53,240000.0,650.0,18,171,65
259063,53,240000.0,550.0,19,173,65
259137,53,210000.0,500.0,22,167,63
259186,53,240000.0,750.0,20,173,75
259201,53,220000.0,800.0,20,191,83
259274,53,220000.0,500.0,17,180,70
259358,53,230000.0,2000.0,19,175,69
259370,53,210000.0,1000.0,19,185,72
259383,53,210000.0,800.0,19,195,90
259464,53,210000.0,800.0,20,190,85
259475,53,220000.0,500.0,19,170,70
259544,53,200000.0,500.0,19,175,68
259596,53,190000.0,500.0,18,191,65
259622,53,180000.0,500.0,22,187,73
259629,53,240000.0,650.0,18,178,73
259730,53,190000.0,500.0,23,180,73
259763,53,220000.0,800.0,18,183,73
259940,53,200000.0,4000.0,22,171,65
259991,53,190000.0,500.0,20,182,75
260127,53,300000.0,500.0,17,177,73
260260,53,300000.0,500.0,17,180,72
260319,53,80000.0,500.0,27,188,78
260343,53,230000.0,4000.0,20,172,67
260375,53,210000.0,650.0,20,185,79
260421,53,210000.0,950.0,21,178,68
260472,53,180000.0,700.0,22,193,87
260497,53,210000.0,800.0,22,181,76
260700,53,200000.0,500.0,21,188,82
260703,53,240000.0,3000.0,19,177,66
260717,53,210000.0,500.0,18,185,70
260732,53,240000.0,500.0,18,188,81
260737,53,190000.0,500.0,20,179,78
260854,53,210000.0,750.0,19,166,58
260951,53,300000.0,500.0,18,177,60
261031,53,300000.0,500.0,17,178,72
261056,53,240000.0,1000.0,19,177,71
261100,53,220000.0,500.0,19,182,78
261107,53,240000.0,500.0,17,187,63
261115,53,150000.0,1000.0,20,192,84
261129,53,190000.0,750.0,21,176,70
261215,53,210000.0,500.0,19,173,70
261244,53,220000.0,500.0,18,177,70
261386,53,220000.0,500.0,20,175,68
261414,53,200000.0,1000.0,18,185,78
261668,53,190000.0,500.0,19,173,70
261871,53,140000.0,500.0,24,182,78
261881,53,230000.0,4000.0,20,177,64
261910,53,240000.0,700.0,18,180,69
261975,53,90000.0,1000.0,27,172,67
262047,53,200000.0,500.0,20,166,60
262099,53,230000.0,500.0,18,178,64
262180,53,210000.0,600.0,20,168,65
262210,53,275000.0,500.0,17,183,82
262233,53,130000.0,1000.0,25,180,75
262245,53,275000.0,500.0,17,183,70
262247,53,210000.0,700.0,19,190,78
262369,53,210000.0,1000.0,22,180,77
262377,53,180000.0,500.0,22,174,70
262514,53,300000.0,800.0,18,180,78
262552,53,210000.0,850.0,19,164,56
262572,53,220000.0,1000.0,19,179,69
262636,53,180000.0,800.0,18,188,73
262846,53,180000.0,550.0,20,194,86
262914,53,210000.0,500.0,17,188,75
262915,53,230000.0,500.0,18,175,65
262962,53,220000.0,1000.0,19,202,82
262966,53,200000.0,1000.0,20,177,73
263083,53,210000.0,500.0,19,186,84
263090,53,300000.0,500.0,16,180,78
263092,53,210000.0,500.0,17,185,70
263109,53,210000.0,600.0,22,184,72
263161,53,230000.0,3000.0,20,171,70
263182,53,240000.0,3000.0,19,180,69
263220,53,230000.0,1000.0,19,179,64
263248,53,240000.0,500.0,17,176,72
263295,53,210000.0,600.0,19,188,74
263304,53,230000.0,1000.0,19,194,75
263308,53,240000.0,3000.0,18,175,65
263322,53,220000.0,750.0,18,175,72
263325,53,220000.0,950.0,18,175,72
263329,53,230000.0,550.0,18,182,78
263368,53,180000.0,850.0,21,186,80
263374,53,190000.0,3000.0,20,185,75
263407,53,230000.0,500.0,17,186,75
263482,53,230000.0,2000.0,19,183,70
263650,53,240000.0,750.0,18,178,78
263655,53,240000.0,500.0,17,194,91
263657,53,200000.0,550.0,20,187,78
263660,53,160000.0,1000.0,22,186,81
263683,53,120000.0,500.0,25,185,75
263711,53,230000.0,1000.0,17,174,69
263746,53,210000.0,2000.0,22,172,72
263758,53,240000.0,3000.0,19,170,62
263779,53,200000.0,500.0,17,187,80
263827,53,210000.0,500.0,18,187,83
263834,53,240000.0,550.0,17,184,81
263835,53,240000.0,1000.0,18,173,70
263915,53,210000.0,600.0,18,176,66
263962,53,200000.0,500.0,18,189,85
263972,53,220000.0,2000.0,20,178,70
263982,53,220000.0,550.0,19,180,70
263986,53,120000.0,800.0,23,180,77
263998,53,220000.0,2000.0,19,172,64
264071,53,220000.0,600.0,18,196,86
264074,53,200000.0,500.0,19,176,69
264080,53,210000.0,500.0,18,179,70
264131,53,240000.0,850.0,18,181,65
264133,53,190000.0,500.0,19,188,80
264203,53,230000.0,2000.0,19,176,68
264204,53,230000.0,2000.0,20,173,68
264205,53,300000.0,500.0,18,182,64
264206,53,200000.0,4000.0,20,170,63
264225,53,220000.0,500.0,18,188,66
264273,53,230000.0,500.0,16,175,70
264295,53,250000.0,500.0,17,183,75
264305,53,220000.0,500.0,18,192,87
264334,53,220000.0,500.0,17,189,68
264360,53,220000.0,700.0,19,181,70
264366,53,210000.0,500.0,18,178,73
264413,53,180000.0,1000.0,21,188,70
264499,53,200000.0,500.0,21,168,60
264599,53,240000.0,500.0,19,168,65
149697,52,15000.0,500.0,37,185,86
227969,52,70000.0,2000.0,28,187,73
231618,52,160000.0,1000.0,22,181,73
233407,52,100000.0,2000.0,22,189,78
236452,52,130000.0,500.0,23,177,74
237205,52,170000.0,900.0,22,188,76
242696,52,180000.0,2000.0,21,189,66
243073,52,50000.0,2000.0,30,186,69
243097,52,130000.0,2000.0,24,184,74
244554,52,190000.0,2000.0,20,170,65
244555,52,180000.0,1000.0,20,183,71
245435,52,90000.0,4000.0,26,189,82
245455,52,180000.0,2000.0,22,166,59
245558,52,9000.0,600.0,38,188,90
245610,52,150000.0,3000.0,23,189,80
246079,52,180000.0,500.0,21,183,75
246120,52,180000.0,3000.0,20,167,62
246313,52,190000.0,1000.0,19,171,56
246815,52,170000.0,500.0,18,192,80
247176,52,160000.0,500.0,21,191,81
247634,52,100000.0,500.0,26,184,70
247707,52,190000.0,1000.0,20,172,76
247775,52,70000.0,2000.0,30,181,76
248158,52,230000.0,500.0,17,193,89
248214,52,170000.0,3000.0,21,197,84
248247,52,110000.0,500.0,24,176,63
248253,52,210000.0,500.0,20,163,64
248256,52,180000.0,900.0,19,178,70
248308,52,170000.0,500.0,24,183,75
248324,52,40000.0,500.0,31,182,82
248683,52,180000.0,500.0,19,187,73
250777,52,170000.0,500.0,19,181,68
250935,52,190000.0,2000.0,20,181,62
251423,52,170000.0,3000.0,20,189,77
251516,52,200000.0,6000.0,21,180,82
251562,52,180000.0,1000.0,20,181,78
251586,52,170000.0,1000.0,22,178,69
251973,52,180000.0,2000.0,22,176,70
252419,52,190000.0,2000.0,20,180,75
252612,52,170000.0,1000.0,23,174,69
252644,52,180000.0,1000.0,21,173,64
252665,52,190000.0,1000.0,20,184,73
252730,52,150000.0,600.0,20,196,75
252788,52,170000.0,600.0,21,182,83
252816,52,190000.0,750.0,20,185,80
253499,52,190000.0,500.0,20,173,69
253506,52,180000.0,500.0,22,172,64
253744,52,80000.0,2000.0,28,183,80
254092,52,180000.0,500.0,21,178,69
254119,52,190000.0,650.0,19,186,74
254240,52,180000.0,500.0,19,194,71
254515,52,200000.0,550.0,21,182,73
254549,52,170000.0,550.0,18,182,74
255141,52,170000.0,500.0,21,191,75
255368,52,170000.0,2000.0,21,188,83
255369,52,210000.0,5000.0,20,175,58
255500,52,180000.0,1000.0,23,184,75
255660,52,180000.0,500.0,19,189,78
255769,52,180000.0,850.0,20,176,71
255903,52,250000.0,550.0,18,170,64
255948,52,190000.0,500.0,20,178,74
256109,52,190000.0,2000.0,20,184,70
256280,52,180000.0,2000.0,21,180,78
256304,52,150000.0,500.0,24,180,73
256323,52,180000.0,500.0,18,190,73
256377,52,180000.0,750.0,21,189,84
256379,52,170000.0,500.0,20,177,70
256387,52,150000.0,550.0,23,184,80
256435,52,200000.0,500.0,18,180,70
256463,52,160000.0,650.0,21,190,88
256552,52,180000.0,800.0,20,170,70
256811,52,200000.0,1000.0,18,176,72
256836,52,170000.0,500.0,21,170,61
256879,52,150000.0,500.0,19,188,81
256992,52,170000.0,500.0,23,169,67
256993,52,170000.0,500.0,22,178,74
256999,52,190000.0,800.0,19,185,76
257023,52,250000.0,500.0,17,167,60
257085,52,170000.0,500.0,20,188,73
257223,52,180000.0,1000.0,19,192,77
257250,52,190000.0,500.0,20,180,69
257262,52,190000.0,850.0,18,182,74
257748,52,190000.0,650.0,20,188,75
257812,52,180000.0,800.0,19,182,73
257921,52,180000.0,500.0,18,181,75
257949,52,200000.0,3000.0,20,183,75
257999,52,90000.0,500.0,26,187,90
258086,52,190000.0,850.0,19,165,62
258277,52,190000.0,500.0,18,183,70
258527,52,170000.0,700.0,20,186,77
258541,52,200000.0,1000.0,19,177,70
258662,52,200000.0,700.0,18,185,68
258732,52,180000.0,500.0,18,183,76
258736,52,190000.0,900.0,18,182,65
258837,52,210000.0,2000.0,19,175,60
259133,52,180000.0,750.0,18,178,72
259156,52,190000.0,500.0,18,182,75
259258,52,180000.0,500.0,18,178,71
259291,52,200000.0,500.0,17,178,64
259329,52,150000.0,800.0,20,181,70
259357,52,190000.0,1000.0,18,168,70
259378,52,180000.0,4000.0,22,179,72
259426,52,180000.0,2000.0,19,183,73
259428,52,200000.0,2000.0,19,176,62
259469,52,180000.0,700.0,19,185,71
259471,52,180000.0,500.0,20,182,66
259472,52,180000.0,500.0,20,183,72
259476,52,180000.0,500.0,18,180,70
259648,52,190000.0,500.0,21,160,57
259669,52,250000.0,500.0,17,178,67
259718,52,170000.0,650.0,19,188,83
259729,52,150000.0,500.0,23,182,78
259985,52,180000.0,900.0,19,176,68
259987,52,180000.0,500.0,18,191,84
260001,52,190000.0,500.0,18,195,83
260007,52,170000.0,850.0,19,187,79
260010,52,190000.0,2000.0,21,168,62
260381,52,190000.0,500.0,18,182,75
260387,52,250000.0,500.0,16,178,74
260411,52,240000.0,500.0,18,170,64
260414,52,240000.0,500.0,17,186,75
260424,52,210000.0,500.0,16,173,59
260426,52,220000.0,500.0,18,178,66
260462,52,200000.0,500.0,17,175,62
260521,52,190000.0,500.0,18,170,70
260538,52,170000.0,500.0,19,180,75
260553,52,170000.0,500.0,18,182,70
260681,52,190000.0,1000.0,22,168,61
260702,52,180000.0,500.0,19,185,84
260797,52,150000.0,800.0,22,190,88
260998,52,170000.0,500.0,20,187,75
261109,52,190000.0,950.0,18,178,72
261119,52,220000.0,500.0,17,180,75
261190,52,180000.0,2000.0,21,175,68
261194,52,180000.0,500.0,18,176,67
261287,52,180000.0,500.0,20,184,77
261357,52,200000.0,2000.0,18,184,76
261387,52,190000.0,500.0,20,183,75
261391,52,180000.0,800.0,22,177,61
261419,52,180000.0,850.0,20,191,80
261425,52,100000.0,500.0,26,170,62
261432,52,200000.0,2000.0,18,178,59
261500,52,150000.0,500.0,21,173,67
261506,52,190000.0,500.0,20,163,65
261536,52,190000.0,1000.0,19,180,72
261615,52,70000.0,1000.0,30,183,80
261645,52,160000.0,500.0,18,191,84
261872,52,190000.0,2000.0,20,176,58
261875,52,190000.0,850.0,19,178,67
261895,52,140000.0,1000.0,21,193,80
261914,52,170000.0,750.0,21,193,75
261954,52,170000.0,2000.0,20,180,79
262006,52,190000.0,500.0,17,183,75
262088,52,200000.0,1000.0,18,180,73
262170,52,200000.0,500.0,16,179,72
262216,52,200000.0,500.0,17,180,74
262326,52,170000.0,850.0,18,175,70
262358,52,170000.0,600.0,20,189,81
262378,52,200000.0,500.0,21,185,70
262533,52,250000.0,500.0,17,181,74
262535,52,180000.0,1000.0,22,178,75
262542,52,200000.0,1000.0,18,180,60
262688,52,170000.0,500.0,19,189,78
262713,52,180000.0,700.0,19,172,78
262723,52,150000.0,2000.0,20,190,81
263091,52,180000.0,500.0,18,194,72
263167,52,190000.0,550.0,18,185,71
263185,52,170000.0,850.0,19,180,70
263187,52,190000.0,850.0,19,182,73
263212,52,200000.0,500.0,18,177,75
263294,52,250000.0,500.0,17,175,68
263314,52,160000.0,850.0,21,193,88
263328,52,180000.0,750.0,18,178,75
263331,52,180000.0,500.0,18,183,70
263399,52,150000.0,2000.0,20,182,76
263400,52,170000.0,3000.0,21,170,64
263412,52,170000.0,500.0,20,167,59
263510,52,160000.0,500.0,18,189,82
263598,52,150000.0,500.0,24,182,86
263712,52,160000.0,1000.0,21,196,92
263744,52,160000.0,1000.0,20,186,76
263745,52,190000.0,1000.0,20,178,69
263795,52,70000.0,2000.0,31,193,88
263840,52,200000.0,950.0,18,175,69
263856,52,180000.0,1000.0,20,177,71
263867,52,180000.0,2000.0,20,184,74
263884,52,190000.0,1000.0,18,183,74
263930,52,200000.0,600.0,18,175,65
263975,52,250000.0,500.0,17,168,63
263977,52,190000.0,3000.0,20,169,60
263985,52,250000.0,500.0,17,184,75
263994,52,180000.0,500.0,17,184,72
264041,52,200000.0,500.0,17,178,77
264043,52,180000.0,850.0,19,183,68
264084,52,190000.0,1000.0,19,169,59
264114,52,130000.0,500.0,20,183,70
264192,52,190000.0,3000.0,19,172,70
264232,52,170000.0,2000.0,21,186,76
264271,52,180000.0,1000.0,19,173,68
264282,52,160000.0,500.0,17,185,75
264296,52,180000.0,500.0,19,183,73
264354,52,200000.0,1000.0,18,172,70
264455,52,150000.0,500.0,23,179,75
264468,52,200000.0,500.0,17,178,74
264497,52,180000.0,900.0,19,193,75
264519,52,190000.0,500.0,17,179,70
264528,52,180000.0,500.0,22,168,65
264530,52,160000.0,500.0,23,185,75
264576,52,190000.0,600.0,18,190,80
228948,51,40000.0,500.0,29,188,76
229429,51,110000.0,900.0,23,201,98
230146,51,60000.0,500.0,28,169,60
233449,51,50000.0,2000.0,28,181,70
240917,51,130000.0,1000.0,23,178,76
241341,51,90000.0,2000.0,24,184,72
241482,51,80000.0,3000.0,24,183,73
241627,51,120000.0,2000.0,24,180,70
241638,51,140000.0,950.0,19,173,67
243089,51,140000.0,2000.0,19,184,64
244507,51,130000.0,5000.0,19,186,68
245130,51,130000.0,3000.0,21,185,75
245417,51,110000.0,500.0,22,173,72
245423,51,120000.0,3000.0,24,173,58
245512,51,130000.0,1000.0,20,167,60
247357,51,160000.0,550.0,18,180,70
247498,51,90000.0,500.0,21,170,65
247624,51,130000.0,500.0,21,172,65
247873,51,140000.0,800.0,21,169,67
248039,51,150000.0,1000.0,20,176,71
248150,51,60000.0,500.0,27,182,76
248222,51,60000.0,2000.0,29,183,68
248237,51,130000.0,2000.0,21,182,69
248273,51,60000.0,500.0,28,183,79
251563,51,110000.0,1000.0,20,185,82
251564,51,130000.0,1000.0,20,179,67
252516,51,120000.0,2000.0,24,177,68
252658,51,120000.0,500.0,20,190,85
253154,51,140000.0,550.0,19,183,74
253186,51,110000.0,850.0,20,195,80
253467,51,130000.0,550.0,23,165,68
253500,51,110000.0,500.0,23,188,75
253502,51,130000.0,500.0,20,169,68
253681,51,150000.0,1000.0,20,175,76
253697,51,80000.0,500.0,25,169,67
253745,51,110000.0,1000.0,23,185,75
254307,51,180000.0,500.0,17,171,62
254492,51,150000.0,500.0,18,180,74
255554,51,140000.0,750.0,20,183,76
256006,51,110000.0,700.0,23,191,89
256305,51,130000.0,500.0,22,166,61
256388,51,140000.0,750.0,22,178,66
256461,51,140000.0,700.0,20,183,75
256791,51,130000.0,850.0,20,180,73
256807,51,150000.0,2000.0,19,180,72
257187,51,150000.0,1000.0,19,184,72
257284,51,130000.0,800.0,19,182,72
257897,51,130000.0,1000.0,19,182,72
258136,51,140000.0,500.0,20,182,70
258351,51,130000.0,500.0,19,188,84
258537,51,140000.0,1000.0,21,175,73
258661,51,190000.0,700.0,18,177,64
259006,51,80000.0,1000.0,21,186,80
259134,51,150000.0,500.0,17,179,65
259160,51,140000.0,900.0,18,181,70
259282,51,150000.0,500.0,19,175,62
259311,51,140000.0,500.0,18,173,59
259347,51,130000.0,2000.0,21,184,72
259349,51,140000.0,4000.0,21,168,66
259547,51,140000.0,900.0,19,175,70
259568,51,140000.0,950.0,21,178,70
259628,51,150000.0,500.0,17,183,78
259651,51,120000.0,2000.0,21,192,77
259727,51,140000.0,500.0,19,173,63
260174,51,140000.0,500.0,20,174,70
260250,51,130000.0,2000.0,19,182,75
260838,51,150000.0,4000.0,20,176,65
260938,51,150000.0,500.0,19,180,75
260977,51,140000.0,2000.0,19,180,60
260982,51,220000.0,500.0,17,191,77
261246,51,120000.0,1000.0,20,195,90
261296,51,180000.0,500.0,18,186,78
261431,51,140000.0,500.0,19,175,67
261472,51,130000.0,500.0,17,187,84
261502,51,150000.0,500.0,18,178,75
261524,51,130000.0,500.0,20,168,63
261677,51,180000.0,500.0,17,168,59
261725,51,120000.0,1000.0,19,173,76
261748,51,130000.0,500.0,19,175,70
261763,51,120000.0,850.0,21,183,77
261901,51,120000.0,1000.0,20,185,82
261916,51,130000.0,1000.0,19,180,75
261917,51,80000.0,1000.0,22,180,75
261921,51,130000.0,1000.0,21,178,72
261930,51,130000.0,2000.0,20,185,72
261946,51,140000.0,2000.0,20,186,75
261984,51,100000.0,1000.0,20,186,75
262039,51,140000.0,1000.0,20,180,77
262063,51,140000.0,500.0,18,180,79
262094,51,150000.0,850.0,19,175,68
262178,51,140000.0,650.0,19,175,70
262323,51,140000.0,850.0,18,175,70
262325,51,120000.0,500.0,18,180,60
262329,51,130000.0,500.0,19,170,70
262373,51,120000.0,800.0,20,187,87
262540,51,150000.0,800.0,18,186,77
262588,51,140000.0,500.0,17,190,75
262631,51,140000.0,1000.0,18,180,75
262645,51,130000.0,850.0,19,173,68
262715,51,120000.0,500.0,17,183,78
262852,51,140000.0,500.0,18,183,78
262862,51,130000.0,500.0,18,193,88
262913,51,150000.0,500.0,17,181,80
262965,51,100000.0,1000.0,23,187,75
263055,51,60000.0,500.0,29,175,68
263058,51,140000.0,500.0,20,169,65
263215,51,130000.0,3000.0,20,182,77
263224,51,140000.0,500.0,21,170,57
263350,51,150000.0,500.0,18,182,76
263363,51,130000.0,850.0,19,180,72
263431,51,130000.0,500.0,18,180,70
263491,51,150000.0,500.0,18,187,73
263688,51,150000.0,550.0,18,180,67
263699,51,130000.0,500.0,17,185,75
263722,51,150000.0,850.0,18,185,80
263739,51,130000.0,2000.0,19,185,65
263766,51,160000.0,2000.0,18,167,61
263824,51,150000.0,2000.0,18,178,63
263838,51,130000.0,500.0,17,183,80
263848,51,90000.0,500.0,23,186,78
263850,51,140000.0,700.0,18,176,62
263877,51,120000.0,500.0,19,196,77
263899,51,150000.0,500.0,16,173,68
263990,51,190000.0,700.0,18,182,65
264023,51,130000.0,500.0,19,174,68
264057,51,170000.0,500.0,17,180,68
264065,51,150000.0,500.0,17,170,75
264068,51,130000.0,500.0,17,182,74
264255,51,140000.0,2000.0,18,183,70
264350,51,140000.0,600.0,18,177,67
264469,51,130000.0,800.0,19,170,67
264475,51,120000.0,500.0,16,182,76
264509,51,170000.0,500.0,17,182,79
264517,51,180000.0,500.0,17,178,66
264518,51,150000.0,500.0,17,178,68
264602,51,150000.0,500.0,18,184,76
232286,50,60000.0,500.0,25,179,70
241594,50,100000.0,2000.0,23,180,65
243107,50,70000.0,2000.0,23,183,72
243202,50,110000.0,850.0,20,183,73
245046,50,100000.0,2000.0,23,174,68
247633,50,60000.0,500.0,25,176,65
248206,50,110000.0,500.0,22,161,56
252181,50,100000.0,1000.0,20,183,74
252561,50,110000.0,500.0,18,182,70
253423,50,50000.0,500.0,26,183,79
253657,50,100000.0,1000.0,21,175,65
253677,50,110000.0,2000.0,20,182,72
253698,50,110000.0,500.0,21,177,63
253746,50,110000.0,1000.0,22,182,70
254562,50,120000.0,500.0,19,187,76
255549,50,100000.0,700.0,23,180,73
255551,50,100000.0,700.0,24,190,88
255601,50,90000.0,950.0,21,188,78
256324,50,110000.0,1000.0,20,178,72
256439,50,110000.0,900.0,19,175,64
256458,50,130000.0,500.0,18,170,60
256472,50,130000.0,1000.0,19,183,68
256515,50,110000.0,600.0,18,170,68
256599,50,130000.0,500.0,18,188,88
256994,50,110000.0,500.0,20,172,66
256997,50,100000.0,500.0,22,184,76
257493,50,70000.0,1000.0,22,180,67
257685,50,100000.0,500.0,23,177,64
257709,50,90000.0,1000.0,20,183,77
257936,50,40000.0,2000.0,29,185,84
258372,50,120000.0,500.0,19,170,61
258404,50,120000.0,500.0,17,173,70
258556,50,100000.0,500.0,20,185,75
258586,50,110000.0,600.0,19,185,75
258659,50,60000.0,1000.0,24,185,78
258762,50,100000.0,500.0,18,194,80
259129,50,140000.0,500.0,17,192,73
259303,50,100000.0,500.0,18,189,69
259560,50,110000.0,500.0,22,175,59
259702,50,110000.0,500.0,17,190,75
259738,50,70000.0,500.0,25,170,63
259742,50,70000.0,500.0,24,169,68
259857,50,120000.0,500.0,20,182,70
260146,50,90000.0,500.0,21,195,80
260176,50,100000.0,500.0,21,172,74
260535,50,120000.0,650.0,21,175,75
260742,50,110000.0,500.0,18,181,64
260767,50,120000.0,500.0,17,184,74
260983,50,150000.0,500.0,18,173,64
261063,50,110000.0,500.0,18,174,70
261075,50,120000.0,700.0,21,179,72
261292,50,90000.0,500.0,18,190,75
261301,50,100000.0,500.0,19,180,70
261669,50,100000.0,500.0,20,181,74
261670,50,110000.0,850.0,19,187,80
261746,50,110000.0,500.0,19,177,72
261750,50,100000.0,500.0,19,175,70
261762,50,100000.0,650.0,19,175,73
261905,50,90000.0,1000.0,21,183,79
261924,50,70000.0,1000.0,23,177,73
261959,50,70000.0,1000.0,20,183,67
261979,50,60000.0,900.0,24,194,83
261980,50,60000.0,700.0,21,188,83
261981,50,110000.0,950.0,20,189,70
261983,50,50000.0,1000.0,24,192,84
262020,50,110000.0,500.0,18,173,63
262050,50,100000.0,500.0,19,184,73
262123,50,100000.0,500.0,19,175,64
262127,50,100000.0,500.0,18,177,64
262452,50,120000.0,500.0,18,179,67
262541,50,110000.0,600.0,18,178,65
262558,50,120000.0,950.0,19,177,60
262623,50,130000.0,500.0,17,185,80
262627,50,110000.0,750.0,18,180,70
262651,50,110000.0,500.0,17,178,66
262886,50,90000.0,500.0,17,194,85
262972,50,100000.0,500.0,18,185,74
263039,50,100000.0,500.0,20,177,74
263261,50,100000.0,500.0,20,178,67
263387,50,100000.0,650.0,18,175,70
263560,50,100000.0,2000.0,19,186,64
263933,50,100000.0,500.0,20,175,68
263999,50,120000.0,500.0,17,168,68
264030,50,150000.0,500.0,17,180,65
264055,50,100000.0,1000.0,19,186,75
264060,50,100000.0,500.0,20,180,70
264061,50,110000.0,500.0,19,170,70
264070,50,110000.0,500.0,18,184,82
264119,50,120000.0,500.0,19,181,70
264177,50,120000.0,500.0,17,176,74
264259,50,100000.0,500.0,17,180,73
264300,50,120000.0,500.0,17,176,74
264329,50,120000.0,500.0,16,175,73
264341,50,100000.0,2000.0,21,179,68
264500,50,110000.0,500.0,19,183,75
264568,50,120000.0,500.0,17,175,64
264569,50,110000.0,2000.0,20,175,64
157190,49,15000.0,500.0,36,172,70
243084,49,70000.0,2000.0,24,175,72
245542,49,100000.0,850.0,20,184,83
247038,49,120000.0,650.0,19,184,75
247224,49,60000.0,1000.0,24,195,80
248268,49,110000.0,500.0,21,174,66
248286,49,100000.0,500.0,23,184,71
248376,49,110000.0,1000.0,19,172,65
250989,49,70000.0,1000.0,21,185,70
252196,49,90000.0,1000.0,23,182,82
252756,49,110000.0,500.0,20,177,71
253403,49,120000.0,500.0,17,173,67
253466,49,60000.0,500.0,25,179,67
253477,49,110000.0,500.0,21,169,63
253737,49,110000.0,1000.0,20,190,75
253988,49,100000.0,500.0,22,175,74
254232,49,110000.0,500.0,20,171,55
255617,49,70000.0,2000.0,23,175,71
255618,49,35000.0,2000.0,32,175,73
255856,49,100000.0,500.0,19,174,73
256413,49,90000.0,500.0,20,186,76
256414,49,100000.0,500.0,18,179,73
256415,49,110000.0,500.0,18,182,70
256427,49,120000.0,500.0,18,171,65
256605,49,120000.0,500.0,18,183,75
256923,49,100000.0,500.0,19,180,75
256991,49,110000.0,500.0,19,165,62
256996,49,70000.0,500.0,22,173,71
257494,49,60000.0,2000.0,25,174,73
257689,49,70000.0,1000.0,21,183,72
257690,49,110000.0,750.0,18,173,68
257693,49,70000.0,1000.0,21,177,70
258558,49,110000.0,500.0,19,167,61
258964,49,70000.0,2000.0,22,184,77
259005,49,100000.0,1000.0,21,175,64
259218,49,100000.0,500.0,23,186,81
259220,49,110000.0,500.0,20,160,54
259488,49,110000.0,500.0,19,183,66
259561,49,110000.0,500.0,20,172,65
259731,49,45000.0,500.0,27,182,74
259761,49,100000.0,500.0,20,176,67
259764,49,100000.0,500.0,21,173,65
260004,49,110000.0,900.0,20,175,74
260147,49,100000.0,500.0,22,172,68
260522,49,110000.0,500.0,18,188,80
260699,49,120000.0,500.0,18,173,65
260912,49,150000.0,500.0,17,165,63
261052,49,100000.0,1000.0,21,184,73
261302,49,90000.0,500.0,19,180,75
261423,49,100000.0,500.0,18,185,68
261426,49,110000.0,500.0,22,178,75
261751,49,110000.0,500.0,20,175,70
261759,49,120000.0,500.0,18,178,72
261886,49,60000.0,2000.0,23,190,75
261888,49,90000.0,2000.0,20,187,73
261938,49,110000.0,500.0,17,180,72
261945,49,60000.0,1000.0,21,185,72
261952,49,70000.0,2000.0,22,183,66
261956,49,70000.0,1000.0,21,175,70
261961,49,80000.0,800.0,20,192,90
261986,49,90000.0,2000.0,21,178,72
261988,49,100000.0,500.0,17,184,80
262004,49,140000.0,500.0,17,188,72
262041,49,110000.0,500.0,18,186,70
262125,49,110000.0,500.0,18,183,65
262625,49,100000.0,1000.0,19,183,72
263202,49,110000.0,500.0,19,175,70
263271,49,150000.0,500.0,17,172,72
263543,49,120000.0,500.0,20,188,75
264072,49,120000.0,500.0,17,171,68
264075,49,100000.0,500.0,22,182,76
264142,49,110000.0,500.0,18,178,76
264190,49,90000.0,1000.0,21,177,71
264340,49,100000.0,4000.0,20,172,67
264390,49,120000.0,650.0,19,178,68
243101,48,70000.0,2000.0,24,185,72
244964,48,100000.0,500.0,19,181,65
248272,48,110000.0,500.0,22,173,67
250978,48,50000.0,1000.0,23,196,85
251110,48,100000.0,2000.0,20,185,67
252332,48,110000.0,1000.0,21,186,74
253966,48,110000.0,1000.0,21,180,67
255251,48,100000.0,500.0,22,173,72
255336,48,130000.0,500.0,17,195,95
255553,48,110000.0,750.0,20,176,69
255986,48,80000.0,500.0,17,180,76
257691,48,70000.0,2000.0,22,176,68
257930,48,70000.0,3000.0,20,172,65
257934,48,70000.0,1000.0,24,175,66
258987,48,70000.0,2000.0,24,178,70
259175,48,100000.0,500.0,20,176,68
259217,48,100000.0,500.0,22,168,65
259313,48,90000.0,500.0,18,183,84
259562,48,100000.0,500.0,19,187,80
259649,48,120000.0,500.0,18,169,62
259745,48,100000.0,500.0,19,180,63
260474,48,100000.0,800.0,21,183,78
260635,48,140000.0,500.0,17,185,66
261424,48,60000.0,500.0,24,176,66
261548,48,100000.0,500.0,19,175,56
261549,48,110000.0,500.0,19,162,52
261666,48,100000.0,500.0,20,180,70
261816,48,110000.0,500.0,20,184,78
261876,48,120000.0,500.0,18,178,62
261887,48,100000.0,2000.0,21,176,69
261890,48,70000.0,2000.0,20,172,67
261932,48,70000.0,1000.0,22,186,70
261935,48,100000.0,2000.0,20,180,65
261939,48,70000.0,2000.0,20,176,62
261957,48,70000.0,2000.0,22,171,65
261958,48,60000.0,800.0,20,182,70
261976,48,90000.0,1000.0,21,169,62
261977,48,100000.0,950.0,20,174,69
261985,48,90000.0,1000.0,20,183,77
262034,48,110000.0,500.0,18,168,58
262759,48,100000.0,500.0,19,180,75
263340,48,110000.0,1000.0,19,180,72
263394,48,90000.0,500.0,23,172,72
264016,48,100000.0,500.0,20,184,60
264150,48,110000.0,500.0,19,177,74
243725,47,100000.0,500.0,20,174,68
243790,47,110000.0,2000.0,21,170,58
245024,47,110000.0,2000.0,20,177,64
255615,47,100000.0,1000.0,21,189,79
257687,47,100000.0,800.0,19,178,68
259213,47,90000.0,500.0,21,175,77
259219,47,100000.0,500.0,22,180,61
259646,47,110000.0,500.0,18,186,74
259650,47,130000.0,500.0,19,161,63
259737,47,120000.0,500.0,18,170,62
260398,47,150000.0,500.0,17,173,71
261547,47,90000.0,500.0,22,181,74
261667,47,110000.0,500.0,18,176,71
261818,47,110000.0,500.0,20,180,74
261962,47,70000.0,1000.0,22,180,64
262040,47,110000.0,500.0,19,175,70
262760,47,100000.0,500.0,21,178,72
262820,47,110000.0,500.0,19,173,66
264540,47,110000.0,500.0,19,167,61
